fdc_id,amount,measure_unit,modifier,gram_weight
167512,1.0,,serving,34.0
167513,1.0,,serving 1 roll with icing,44.0
167514,1.0,,serving,28.0
167515,1.0,,serving,57.0
167516,1.0,,"waffle, round",38.0
167516,1.0,,"waffle, square",39.0
167517,1.0,,"waffle round (4"" dia)",33.0
167517,1.0,,oz,28.0
167518,1.0,,waffle,35.0
167519,1.0,,"waffle, round (4""dia)",32.0
167520,1.0,,crust,183.0
167520,1.0,,oz,28.35
167521,1.0,,crust,182.0
167522,1.0,,pie,1137.0
167522,1.0,,oz,28.35
167522,0.12,,"pie 1 pie (1/8 of 9"" pie)",131.0
167522,1.0,,slice,137.0
167523,1.0,,pie crust (average weight),225.0
167524,2.0,,waffles,70.0
167525,1.0,,piece,12.3
167525,3.0,,"pieces (mean serving weight, aggregated over brands)",37.0
167526,1.0,,serving (approximate serving size),55.0
167526,1.0,,cake square (average weight of whole item),399.0
167527,1.0,,serving,55.0
167527,1.0,,cake square,622.0
167528,1.0,,piece,86.0
167529,1.0,,serving (1 NLEA serving - about 4 crackers),30.0
167529,1.0,,cracker,12.7
167530,11.0,,crackers (1 NLEA serving),31.0
167530,1.0,,cracker,3.1
167531,1.0,,cracker,3.1
167531,10.0,,crackers (1 NLEA serving),32.0
167532,1.0,,slice,28.0
167533,1.0,,bagel,98.0
167534,4.0,,oz,113.0
167535,1.0,,tortilla,49.0
167535,1.0,,package,484.0
167536,1.0,,"piece, large",20.0
167536,1.0,,oz,28.35
167536,1.0,,oz,28.35
167537,1.0,,oz,28.0
167537,1.0,,oz,28.35
167537,1.0,,bag (7 oz),198.0
167538,1.0,,bag (7 oz),198.0
167538,1.0,,oz,28.35
167539,1.0,,oz,28.35
167540,1.0,,oz,28.35
167540,1.0,,packet (.75 oz),21.0
167540,1.0,,package,27.0
167541,1.0,,small,14.0
167541,1.0,,large,21.0
167542,1.0,,bar,21.0
167542,1.0,,bar (1 oz),28.0
167542,1.0,,bar,25.0
167543,1.0,,oz,28.35
167543,1.0,,bar,24.0
167544,1.0,,bar (1 oz),28.0
167544,1.0,,bar (1.5 oz),43.0
167545,1.0,,bar (1.25 oz),35.0
167545,1.0,,bar (1 oz),28.0
167546,1.0,,serving,40.0
167547,1.0,,bar,37.0
167547,1.0,,oz,28.35
167548,1.0,,bar (1 oz),28.0
167549,1.0,,cup,11.0
167549,1.0,,oz,28.35
167550,2.0,,cakes,20.0
167550,1.0,,cake,10.0
167551,2.0,,oz,57.0
167551,1.0,,oz (approx 2/3 cup),28.35
167552,1.0,,oz,28.35
167553,1.0,,can (6 oz),170.0
167553,1.0,,oz,28.35
167554,1.0,,oz,28.35
167554,1.0,,can (6.75 oz),198.0
167555,1.0,,oz,28.35
167555,10.0,,twists,60.0
167556,1.0,,oz,28.35
167556,1.0,,pretzel,11.0
167557,2.0,,cakes,18.0
167557,1.0,,cake,9.0
167558,1.0,,bag,213.0
167558,1.0,,oz,28.35
167559,1.0,,oz,28.35
167560,1.0,,bag (7 oz),198.0
167560,1.0,,oz,28.35
167561,1.0,,cup,150.0
167561,1.5,,oz,42.0
167561,1.0,,oz,28.35
167562,1.0,,package 1.76 oz,49.0
167562,1.0,,bar snack size,19.0
167563,18.0,,pieces,40.0
167564,1.0,,serving 6 pieces,40.0
167565,1.0,,bar king size,108.0
167565,1.0,,cup BB's,174.0
167565,1.0,,bar bite size,7.0
167565,1.0,,serving 1 fun size bar 0.65 oz,18.0
167565,10.0,,Butterfinger BB's,26.0
167565,1.0,,serving 2.1 oz bar,60.0
167565,2.0,,tbsp,25.0
167565,1.0,,serving 0.75 oz bar,21.0
167566,1.0,,piece,6.6
167566,1.0,,serving 6 pieces,40.0
167566,1.0,,bar 2.25 oz,64.0
167567,1.0,,oz,28.35
167568,0.5,,oz Hersheys,14.2
167568,1.0,,"cup, grated",132.0
167568,1.0,,oz square Bakers,29.0
167569,1.0,,cup chips,170.0
167570,1.0,,cup chips,168.0
167570,1.0,,oz,28.35
167571,1.0,,bar (3 oz),85.0
167571,1.0,,tbsp,14.0
167571,1.0,,cup chips,170.0
167572,1.0,,serving 1/2 cup,76.0
167573,0.5,,cup,107.0
167574,1.0,,recipe yield,1531.0
167574,0.5,,cup,153.0
167575,1.0,,serving 1/2 cup,66.0
167576,1.0,,serving 1/2 cup,88.0
167577,1.0,,bar (2.75 fl oz),66.0
167577,0.5,,cup (4 fl oz),74.0
167578,1.0,,piece,16.0
167579,1.0,,oz,28.35
167580,1.0,,oz,28.35
167581,1.0,,serving 0.25 cup,41.0
167581,1.0,,package 1.375 oz,39.0
167581,1.0,,serving fun size,48.0
167582,1.0,,serving 2.1 oz bar,60.0
167582,1.0,,serving fun size bar 0.65 oz,18.0
167583,4.0,,pieces 1.6oz,45.0
167584,1.0,,serving 1/4 cup,73.0
167585,1.0,,unit,100.0
167585,1.0,,serving,68.0
167586,1.0,,serving 1.4 oz bar,40.0
167587,1.0,,"bar, miniature",7.0
167587,1.0,,cup chips,168.0
167587,1.0,,bar (1.55 oz),44.0
167588,0.5,,cup From 19191,147.0
167589,0.5,,cup From 19211,142.0
167590,1.0,,roll,69.0
167591,3.0,,crackers,3.9
167592,3.0,,cookies,44.0
167593,3.0,,cookies,45.0
167594,10.0,,goldfish,5.2
167595,10.0,,goldfish,5.3
167596,10.0,,goldfish,5.1
167597,1.0,,slice,34.0
167598,1.0,,slice,28.0
167599,1.0,,slice,25.0
167600,1.0,,roll,44.0
167601,1.0,,box,352.0
167601,1.0,,pancake,48.0
167602,0.25,,cup,5.0
167603,0.25,,cup,25.0
167604,1.0,,cup unprepared,159.0
167605,1.0,,cup prepared,130.0
167606,12.0,,fries,51.0
167632,1.0,,oz,28.35
167633,1.0,,oz,28.35
167634,1.0,,oz,28.35
167635,1.0,,piece,152.0
167636,1.0,,piece,186.0
167653,1.0,,oz,28.35
167657,1.0,,serving varied from 2-3 tacos per serving,324.0
167658,1.0,,serving varied from 1 to 3 tacos per serving,281.0
167658,1.0,,taco,134.0
167658,2.0,,taco,279.0
167658,3.0,,taco,389.0
167659,1.0,,cup,141.0
167660,1.0,,piece,89.0
167661,1.0,,piece,126.0
167662,1.0,,piece,117.0
167663,1.0,,piece,122.0
167664,1.0,,piece,166.0
167665,1.0,,cup,116.0
167666,1.0,,cup,148.0
167667,1.0,,piece,89.0
167668,1.0,,cup,137.0
167669,1.0,,serving,198.0
167670,1.0,,steak,151.0
167671,1.0,,cup,149.0
167671,1.0,,serving,257.0
167672,1.0,,serving,165.0
167673,1.0,,steak,107.0
167674,3.0,,pieces,73.0
167674,1.0,,order,623.0
167675,1.0,,order,535.0
167675,3.0,,pieces,53.0
167676,1.0,,order,604.0
167677,1.0,,cup,136.0
167677,1.0,,order,741.0
167678,1.0,,cup,153.0
167678,1.0,,order,693.0
167679,3.0,,pieces,63.0
167679,1.0,,order,648.0
167680,1.0,,serving,554.0
167681,1.0,,tsp,8.0
167682,1.0,,fl oz assumed specific gravity of honey,28.4
167683,1.0,,bar,78.0
167684,1.0,,tbsp,15.0
167684,1.0,,cup,245.0
167685,1.0,,"slice, thick",43.0
167685,1.0,,cup pieces,138.0
167685,1.0,,"slice, thin",14.0
167685,1.0,,cubic inch,14.0
167685,1.0,,"slice, medium",28.0
167686,1.0,,cup,137.0
167687,1.0,,cup,75.0
167688,1.0,,packet,3.0
167688,1.0,,cup,94.0
167689,1.0,,cup,203.0
167689,1.0,,piece,2.2
167689,1.0,,serving 1.63 oz singles bag,46.0
167690,1.0,,jar Beech-Nut Stage 2 (4 oz),113.0
167690,1.0,,tbsp,15.0
167690,1.0,,jar NFS,113.0
167691,1.0,,tbsp,13.0
167691,1.0,,cup,207.0
167692,1.0,,tbsp,16.0
167692,1.0,,cup,249.0
167693,1.0,,tbsp,16.0
167693,1.0,,cup,260.0
167694,1.0,,oz,28.0
167694,1.0,,"oz cooked, yield",21.0
167694,1.0,,"patty, cooked",25.0
167694,1.0,,"cup, cooked",130.0
167695,1.0,,cup,240.0
167695,1.0,,tbsp,15.0
167696,1.0,,frankfurter,57.0
167696,1.0,,"cup, sliced",151.0
167697,1.0,,cup,245.0
167697,1.0,,fl oz,30.6
167698,3.0,,links 1 NLEA serving,60.0
167698,2.0,,links 1 NLEA serving,45.0
167699,1.0,,tbsp,17.0
167699,1.0,,cup,265.0
167700,1.0,,cup,256.0
167700,1.0,,tbsp,16.0
167701,1.0,,serving 1.76 oz bar,50.0
167701,1.0,,bar fun size,19.0
167701,1.0,,serving 5 miniatures,41.0
167702,1.0,,tbsp,13.6
167702,1.0,,cup,218.0
167703,1.0,,cup,227.0
167703,4.0,,oz,113.0
167704,1.0,,tbsp,15.0
167704,1.0,,cup,240.0
167705,1.0,,tbsp,5.0
167705,1.0,,"cup, grated",100.0
167706,1.0,,tablespoon,17.0
167707,1.0,,tsp,2.0
167708,1.0,,cup,242.0
167708,1.0,,fl oz,30.2
167709,1.0,,"cubic inch, boneless",17.0
167709,3.0,,"oz with bone, cooked (yield after bone removed)",85.0
167710,3.0,,"oz with bone, cooked (yield after bone removed)",85.0
167710,1.0,,"cubic inch, boneless",17.0
167711,1.0,,fl oz,30.5
167711,1.0,,cup,244.0
167712,3.0,,oz,85.0
167712,1.0,,slice cooked,8.0
167713,3.0,,oz,85.0
167713,1.0,,"thick slice (approx 3"" x 2"" x 3/8"")",42.0
167713,1.0,,"medium slice (approx 3"" x 2"" x 1/4"")",28.0
167715,1.25,,cup (1 NLEA serving),59.0
167716,1.0,,cup,226.0
167716,4.0,,oz,113.0
167717,1.0,,tsp,6.0
167718,1.0,,fl oz,31.2
167718,1.0,,bottle Earth's Best (4.2 fl oz),131.0
167718,1.0,,bottle Beech-Nut Stage I (4 fl oz),125.0
167718,1.0,,bottle NFS,125.0
167718,1.0,,bottle Heinz Strained (4 fl oz),125.0
167718,1.0,,bottle Gerber First Food (4 fl oz),125.0
167719,1.0,,piece,36.0
167719,1.0,,"cup, diced",130.0
167719,1.0,,cup pieces,168.0
167720,1.0,,jar NFS,179.0
167721,2.5,,oz,71.0
167722,1.0,,cup,262.0
167723,1.0,,fl oz,29.1
167724,1.0,,cup,21.0
167725,1.0,,cup (1 NLEA serving),50.0
167726,1.0,,tbsp,15.0
167726,1.0,,jar Beech-Nut Stage 2 (4 oz),113.0
167726,1.0,,jar Heinz Strained-2 (4.25 oz),120.0
167726,1.0,,jar NFS,113.0
167726,1.0,,jar Gerber Second Food (4 oz),113.0
167727,1.0,,cup,252.0
167727,1.0,,fl oz,31.5
167728,1.0,,tbsp,2.5
167729,1.0,,bottle Gerber Second Foods (4 fl oz),125.0
167729,1.0,,bottle NFS,125.0
167729,1.0,,bottle Beech-Nut Stage 2 (4 fl oz),125.0
167729,1.0,,fl oz,31.2
167729,1.0,,bottle Heinz Strained (4 fl oz),125.0
167730,1.0,,fl oz,30.5
167730,1.0,,cup,244.0
167731,1.0,,serving,15.0
167732,1.0,,jar Earth's Best (4.5 oz),128.0
167732,1.0,,jar NFS,113.0
167732,1.0,,jar Heinz Beginner-1 (2.5 oz),71.0
167732,1.0,,jar Gerber First Foods (2.5 oz),71.0
167732,1.0,,jar Beech-Nut Baby's First (2.5 oz),71.0
167732,1.0,,jar Beech-Nut Stage I (4 oz),113.0
167732,1.0,,tbsp,15.0
167733,1.0,,jar NFS,113.0
167733,1.0,,jar Gerber Second Food (4 oz),113.0
167733,1.0,,tbsp,15.0
167734,1.0,,bar,37.0
167734,1.0,,oz,28.35
167735,1.0,,"cup, shredded",113.0
167735,1.0,,slice (1 oz),28.0
167735,1.0,,cubic inch,18.0
167735,1.0,,"cup, diced",132.0
167736,1.0,,tbsp,15.0
167736,1.0,,cup,239.0
167737,1.0,,teaspoon,4.5
167737,1.0,,tablespoon,14.0
167738,1.0,,serving,151.0
167738,1.0,,cup,262.0
167739,1.0,,serving 2 fl oz,71.0
167739,1.0,,can 10 fl oz,355.0
167739,1.0,,fl oz,36.0
167740,1.0,,package,40.0
167740,1.0,,serving,9.9
167741,1.0,,cup,260.0
167741,1.0,,serving,113.0
167742,3.0,,oz,85.0
167743,1.0,,serving,21.0
167744,3.0,,oz,85.0
167745,3.0,,oz,85.0
167746,1.0,,"cup, sections",212.0
167746,1.0,,"fruit (2-3/8"" dia)",84.0
167746,1.0,,"fruit (2-1/8"" dia)",58.0
167746,1.0,,NLEA serving,58.0
167746,1.0,,"wedge or slice (1/8 of one 2-1/8"" dia lemon)",7.0
167747,1.0,,wedge yields,5.9
167747,1.0,,lemon yields,48.0
167747,1.0,,cup,244.0
167747,1.0,,fl oz,30.5
167748,1.0,,tsp,5.0
167748,1.0,,cup,244.0
167748,1.0,,fl oz,30.5
167748,1.0,,tbsp,15.0
167749,1.0,,tsp,2.0
167749,1.0,,tbsp,6.0
167750,1.0,,fruit without refuse,103.0
167750,1.0,,cup,149.0
167751,1.0,,"cup, pitted",248.0
167752,1.0,,"cup, pitted",248.0
167753,1.0,,fl oz,32.0
167753,1.0,,cup,256.0
167754,1.0,,"cup, sections",190.0
167754,1.0,,fruit without refuse,609.0
167755,1.0,,"pint as purchased, yields",312.0
167755,10.0,,raspberries,19.0
167755,1.0,,cup,123.0
167756,1.0,,cup,256.0
167757,1.0,,"cup, thawed",250.0
167757,1.0,,package (10 oz),284.0
167758,1.0,,stalk,51.0
167758,1.0,,"cup, diced",122.0
167759,1.0,,"cup, pulp",241.0
167759,1.0,,sapodilla,170.0
167760,1.0,,fruit without refuse,558.0
167760,1.0,,"cup 1"" pieces",175.0
167761,1.0,,"fruit (7"" x 5-1/4"" dia)",625.0
167761,1.0,,"cup, pulp",225.0
167762,1.0,,"cup, pureed",232.0
167762,1.0,,"large (1-3/8"" dia)",18.0
167762,1.0,,"cup, sliced",166.0
167762,1.0,,"pint as purchased, yields",357.0
167762,1.0,,"cup, halves",152.0
167762,1.0,,"medium (1-1/4"" dia)",12.0
167762,1.0,,"extra large (1-5/8"" dia)",27.0
167762,1.0,,NLEA serving,147.0
167762,1.0,,"cup, whole",144.0
167762,1.0,,"small (1"" dia)",7.0
167763,1.0,,"cup, pulp",120.0
167763,1.0,,"fruit (3"" x 1"")",2.0
167764,1.0,,cup,257.0
167765,1.0,,NLEA serving,280.0
167765,1.0,,"cup, diced",152.0
167765,10.0,,watermelon balls,122.0
167765,1.0,,"cup, balls",154.0
167765,1.0,,wedge (approx 1/16 of melon),286.0
167765,1.0,,"melon (15"" long x 7-1/2"" dia)",4518.0
167766,1.0,,cherry (NLEA serving),5.0
167767,1.0,,"cup, sliced",162.0
167767,1.0,,spear,26.0
167767,1.0,,"cup, chunks",181.0
167767,1.0,,"cup, crushed",195.0
167768,1.0,,"cup, halves",219.0
167768,1.0,,"cup, whole",182.0
167769,1.0,,cup,168.0
167770,1.0,,cup,179.0
167771,1.0,,cup,248.0
167771,1.0,,fl oz,31.0
167772,1.0,,cup,244.0
167773,1.0,,cup,255.0
167774,1.0,,cup,247.0
167774,1.0,,fruit yields,196.0
167775,1.0,,cup,239.0
167775,1.0,,fl oz,29.9
167776,1.0,,"cup, sliced",140.0
167776,1.0,,large,227.0
167776,1.0,,small,152.0
167776,1.0,,medium,177.0
167777,1.0,,small,126.0
167777,1.0,,medium,157.0
167777,1.0,,large,223.0
167777,1.0,,"cup, sliced",140.0
167778,1.0,,large,219.0
167778,1.0,,"cup, sliced",140.0
167778,1.0,,small,159.0
167778,1.0,,medium,179.0
167779,1.0,,"cup, sliced",140.0
167779,1.0,,medium,202.0
167779,1.0,,large,242.0
167779,1.0,,small,172.0
167780,2.0,,tbsp,36.0
167782,0.5,,cup,114.0
167783,0.5,,cup,114.0
167784,1.0,,cup,251.0
167785,1.0,,cup,251.0
167786,1.0,,cup,251.0
167787,1.0,,cup,249.0
167787,1.0,,fl oz,31.4
167788,3.0,,fruit without pits,11.1
167789,1.0,,"cup without pits, thawed",112.0
167789,3.0,,"fruit without pits, thawed",9.8
167790,1.0,,cup thawed,120.0
167791,1.0,,"fruit (4-2/3"" long x 2-3/4"" dia)",209.0
167791,1.0,,cup,233.0
167792,8.0,,fl oz,246.0
167793,1.0,,large,236.0
167793,1.0,,medium,192.0
167793,1.0,,small,158.0
167793,1.0,,"cup, sliced",109.0
167794,1.0,,fl oz,31.1
167794,1.0,,cup,249.0
167795,8.0,,fl oz,240.0
167796,1.0,,cup,275.0
167797,1.0,,cup,252.0
167798,1.0,,cup,230.0
167799,1.0,,cup,233.0
167800,6.0,,fl oz,177.0
167800,10.0,,fl oz,295.0
167801,1.0,,tbsp,15.0
167801,1.0,,tsp,5.2
167802,1.0,,tsp,5.0
167802,1.0,,tbsp,15.0
167803,0.25,,cup,70.0
167804,0.25,,cup,70.0
167805,8.0,,fl oz,248.0
167807,1.0,,cup,269.0
167807,1.0,,fl oz,31.5
167810,1.0,,oz,28.35
167810,1.0,,lb,453.6
167811,4.0,,oz,113.0
167811,1.0,,lb,453.6
167812,1.0,,lb,453.6
167812,4.0,,oz,113.0
167813,4.0,,oz,113.0
167813,1.0,,oz,28.35
167814,4.0,,oz,113.0
167814,1.0,,lb,453.6
167815,3.0,,oz,85.0
167815,1.0,,"cup, diced",135.0
167816,4.0,,oz,113.0
167816,1.0,,lb,453.6
167816,1.0,,roast,3952.0
167817,1.0,,roast,3027.0
167817,3.0,,oz,85.0
167818,1.0,,"chop, excluding refuse (yield from 1 raw chop, with refuse, weighing 151 g)",117.0
167818,4.0,,oz,113.0
167819,3.0,,oz,85.0
167819,1.0,,"chop, excluding refuse (yield from 1 raw chop, with refuse, weighing 151 g)",89.0
167820,1.0,,"chop, excluding refuse (yield from 1 raw chop, with refuse, weighing 151 g)",87.0
167820,3.0,,oz,85.0
167821,1.0,,"chop, excluding refuse (yield from 1 raw chop, with refuse, weighing 151 g)",89.0
167821,3.0,,oz,85.0
167822,4.0,,oz,113.0
167822,1.0,,chop,263.0
167823,3.0,,oz,85.0
167823,1.0,,chop,206.0
167824,3.0,,oz,85.0
167824,1.0,,chop,219.0
167825,1.0,,roast,830.0
167825,3.0,,oz,85.0
167826,1.0,,chop,187.0
167826,3.0,,oz,85.0
167827,3.0,,oz,85.0
167827,1.0,,"chop without refuse (Yield from 1 cooked chop, with refuse, weighing 209g)",157.0
167828,1.0,,roast,900.0
167828,3.0,,oz,85.0
167829,4.0,,oz,113.0
167829,1.0,,"chop without refuse (Yield from 1 raw chop, with refuse, weighing 259g)",178.0
167830,1.0,,chop,187.0
167830,3.0,,oz,85.0
167831,1.0,,"chop without refuse (Yield from 1 cooked chop, with refuse, weighing 172g)",112.0
167831,3.0,,oz,85.0
167832,3.0,,oz,85.0
167832,1.0,,roast,783.0
167833,4.0,,oz,113.0
167833,1.0,,"chop, excluding refuse (yield from 1 raw chop, with refuse, weighing 151 g)",86.0
167834,1.0,,chop,180.0
167834,3.0,,oz,85.0
167835,3.0,,oz,85.0
167835,1.0,,chop,195.0
167836,3.0,,oz,85.0
167836,1.0,,"roast without refuse (Yield from 1 cooked roast, with refuse, weighing 1515g)",1046.0
167837,1.0,,lb,453.6
167837,1.0,,"roast without refuse (Yield from 1 raw roast, with refuse, weighing 1818g)",1217.0
167837,4.0,,oz,113.0
167838,3.0,,oz,85.0
167838,1.0,,chop,180.0
167839,1.0,,chop,185.0
167839,4.0,,oz,113.0
167840,1.0,,chop,135.0
167841,3.0,,oz,85.0
167841,1.0,,chop,145.0
167842,1.0,,roast,848.0
167842,3.0,,oz,85.0
167843,1.0,,lb,453.6
167843,4.0,,oz,113.0
167844,1.0,,"cup, diced",135.0
167844,3.0,,oz,85.0
167845,1.0,,lb,453.6
167845,1.0,,oz,28.35
167846,1.0,,"cup, diced",135.0
167846,3.0,,oz,85.0
167847,1.0,,roast,2252.0
167847,3.0,,oz,85.0
167848,1.0,,"piece, cooked, excluding refuse (yield from 1 lb raw meat with refuse)",191.0
167848,3.0,,oz,85.0
167849,1.0,,lb,453.6
167849,4.0,,oz,113.0
167849,1.0,,"steak without refuse (Yield from 1 raw steak, with refuse, weighing 380g)",288.0
167850,1.0,,"steak without refuse (Yield from 1 cooked steak, with refuse, weighing 249g)",185.0
167850,3.0,,oz,85.0
167851,3.0,,oz,85.0
167851,1.0,,"steak, excluding refuse (yield from 1 raw steak, with refuse, weighing 300 g)",169.0
167852,3.0,,oz,85.0
167852,1.0,,"piece, cooked, excluding refuse (yield from 1 lb raw meat with refuse)",238.0
167853,4.0,,oz,113.0
167854,1.0,,"piece, cooked, excluding refuse (yield from 1 lb raw meat with refuse)",177.0
167854,3.0,,oz,85.0
167855,1.0,,"piece, cooked, excluding refuse (yield from 1 lb raw meat with refuse)",231.0
167855,3.0,,oz,85.0
167856,3.0,,oz,85.0
167857,1.0,,ear,113.0
167857,1.0,,oz,28.35
167858,1.0,,ear (yield after cooking),111.0
167858,1.0,,"unit, cooked (yield from 1 lb raw meat)",422.0
167859,4.0,,oz,113.0
167860,1.0,,cup,140.0
167860,3.0,,oz,85.0
167861,4.0,,oz,113.0
167861,1.0,,oz,28.35
167862,1.0,,oz,28.35
167862,4.0,,oz,113.0
167863,3.0,,oz,85.0
167864,1.0,,oz,28.35
167864,1.0,,lb,453.6
167865,4.0,,oz,113.0
167865,1.0,,oz,28.35
167866,3.0,,oz,85.0
167867,4.0,,oz,113.0
167867,1.0,,oz,28.35
167868,3.0,,oz,85.0
167868,1.0,,chop,215.0
167869,2.0,,slices (6 per 6-oz pkg.),57.0
167869,3.0,,oz,85.0
167869,1.0,,package (6 oz),170.0
167870,3.0,,oz,85.0
167870,1.0,,lb,453.6
167871,1.0,,cup,140.0
167871,3.0,,oz,85.0
167872,3.0,,oz,85.0
167872,1.0,,cup,140.0
167873,1.0,,oz,28.35
167873,1.0,,patty,65.0
167874,1.0,,slice,57.0
167874,1.0,,oz,28.35
167875,1.0,,cup,140.0
167875,1.0,,oz,28.35
167876,1.0,,cup,140.0
167876,3.0,,oz,85.0
167877,1.0,,oz,28.35
167877,3.0,,oz,85.0
167878,3.0,,oz,85.0
167878,1.0,,oz,28.35
167879,1.0,,cup,140.0
167879,3.0,,oz,85.0
167880,3.0,,oz,85.0
167880,1.0,,cup,140.0
167881,1.0,,"piece, cooked, excluding refuse (yield from 1 lb raw meat with refuse)",275.0
167881,3.0,,oz,85.0
167882,3.0,,oz,85.0
167882,1.0,,chop,172.0
167883,3.0,,oz,85.0
167883,1.0,,chop,169.0
167884,3.0,,oz,85.0
167884,1.0,,chop,215.0
167885,1.0,,cup,140.0
167885,3.0,,oz,85.0
167886,1.0,,cup,140.0
167886,3.0,,oz,85.0
167887,3.0,,oz,85.0
167887,1.0,,chop,142.0
167888,1.0,,oz,28.35
167888,1.0,,lb,453.6
167889,4.0,,oz,113.0
167889,1.0,,"chop, excluding refuse (yield from 1 raw chop, with refuse, weighing 113 g)",101.0
167890,1.0,,"chop, excluding refuse (yield from 1 raw chop, with refuse, weighing 113 g)",81.0
167890,3.0,,oz,85.0
167891,3.0,,oz,85.0
167891,1.0,,"chop, excluding refuse (yield from 1 raw chop, with refuse, weighing 113 g)",80.0
167892,3.0,,oz,85.0
167892,1.0,,"chop, excluding refuse (yield from 1 raw chop, with refuse, weighing 113 g)",75.0
167893,3.0,,oz,85.0
167893,1.0,,"chop, excluding refuse (yield from 1 raw chop, with refuse, weighing 113 g)",66.0
167894,3.0,,oz,85.0
167894,1.0,,"piece, cooked, excluding refuse (yield from 1 lb raw meat with refuse)",283.0
167895,1.0,,"rib without refuse (Yield from 1 raw rib, with refuse, weighing 196g)",128.0
167895,4.0,,oz,113.0
167896,3.0,,oz,85.0
167896,1.0,,"rib without refuse (Yield from 1 cooked rib, with refuse, weighing 140g)",86.0
167897,1.0,,rack,138.0
167898,1.0,,"chop, excluding refuse (yield from 1 raw chop, with refuse, weighing 113 g)",82.0
167898,3.0,,oz,85.0
167899,3.0,,oz,85.0
167899,1.0,,chop,159.0
167900,3.0,,oz,85.0
167900,1.0,,roast,638.0
167901,4.0,,oz,113.0
167901,1.0,,chop,210.0
167902,4.0,,oz,113.0
167902,1.0,,oz,28.35
167903,3.0,,oz,85.0
167904,1.0,,"chop, excluding refuse (yield from 1 raw chop, with refuse, weighing 113 g)",76.0
167904,3.0,,oz,85.0
167905,3.0,,oz,85.0
167905,1.0,,roast,402.0
167906,3.0,,oz,85.0
167906,1.0,,"piece, cooked, excluding refuse (yield from 1 lb raw meat with refuse)",261.0
167907,1.0,,lb,453.6
167907,1.0,,oz,28.35
167908,3.0,,oz,85.0
167908,1.0,,"piece, cooked, excluding refuse (yield from 1 lb raw meat with refuse)",236.0
167909,1.0,,serving,84.0
167910,4.0,,oz,112.0
167911,1.0,,serving,56.0
167912,1.0,,chop boneless,150.0
167912,3.0,,oz,85.0
167913,3.0,,oz,85.0
167913,1.0,,chop boneless (yield from 189g raw meat),150.0
167914,1.0,,slice cooked,8.1
167914,3.0,,oz,85.0
167915,3.0,,serving (3 oz),85.0
167915,1.0,,roast rump,2970.0
167916,3.0,,oz,85.0
167917,3.0,,oz (3 oz),85.0
167917,1.0,,roast shank,3054.0
167918,3.0,,oz (3 oz),85.0
167918,1.0,,slice,436.0
167919,1.0,,roast rump,2673.0
167919,3.0,,oz (3 oz),85.0
167920,1.0,,roast shank,3170.0
167920,1.0,,serving (3 oz),85.0
167921,1.0,,biscuit,34.0
167922,1.0,,"eclair, frozen",59.0
167923,1.0,,serving,43.0
167924,1.0,,serving,16.0
167925,6.0,,cracker 1 cracker = 6.5g,39.0
167925,1.0,,sandwich,6.5
167926,1.0,,pancake,38.0
167926,1.0,,serving (3 pancakes),144.0
167926,1.0,,oz,28.35
167927,1.0,,oz,28.35
167927,1.0,,piece,53.0
167928,1.0,,pastry,51.0
167929,1.0,,oz,28.35
167929,1.0,,muffin small,71.0
167930,1.0,,pie crust,198.0
167931,1.0,,pie crust (average weight),202.0
167932,1.0,,pie crust (average weight),229.0
167933,1.0,,cracker,4.2
167933,1.0,,serving,29.0
167933,6.0,,"Triscuits, regular size",29.0
167934,1.0,,serving,29.0
167934,16.0,,"crackers, Wheat Thins",29.0
167934,1.0,,cracker,1.8
167935,1.0,,slice (average weight of 1 slice),63.0
167936,1.0,,piece,42.0
167937,1.0,,slice,39.0
167937,1.0,,loaf,311.0
167938,1.0,,piece (1 serving),42.0
167939,1.0,,slice presliced,43.0
167939,1.0,,slice,59.0
167940,1.0,,bun,65.0
167941,1.0,,serving,30.0
167942,1.0,,serving,14.0
167943,1.0,,slice,32.0
167944,1.0,,slice,48.0
167945,1.0,,piece,57.0
167946,1.0,,bar,35.0
167947,1.0,,bar,35.0
167948,2.0,,oz,57.0
167948,1.0,,oz,28.35
167949,1.0,,oz crunchy (about 21 pieces),28.35
167949,1.0,,oz puffs (about 13 pieces),28.35
167950,1.0,,oz,28.35
167950,1.0,,cup,85.0
167950,2.0,,oz,57.0
167951,1.0,,bar (1 oz),28.0
167952,1.0,,bar,24.0
167952,1.0,,oz,28.35
167953,0.25,,cup,84.0
167953,1.0,,cup,334.0
167954,1.0,,bar (1 oz),28.0
167955,1.0,,bar (1 oz),28.0
167956,2.0,,tablespoon,34.0
167957,1.0,,serving,20.0
167958,2.0,,oz,57.0
167958,1.0,,oz,28.35
167959,1.0,,cup,8.0
167959,1.0,,oz,28.35
167960,1.0,,oz,28.35
167960,1.0,,cup,11.0
167961,1.0,,oz,28.35
167961,0.5,,oz,14.2
167962,1.0,,oz,28.35
167962,1.0,,bag (7 oz),198.0
167963,1.0,,bag (7 oz),198.0
167963,1.0,,oz,28.35
167964,10.0,,pieces,30.0
167964,1.0,,oz,28.35
167965,1.0,,oz,28.35
167965,2.0,,oz,57.0
167966,2.0,,cakes,18.0
167966,1.0,,cake,9.0
167967,1.0,,cake,9.0
167967,2.0,,cakes,18.0
167968,1.0,,oz,28.35
167968,1.0,,cup,140.0
167968,1.5,,oz,42.0
167969,1.0,,oz,28.35
167969,1.0,,cup,146.0
167969,1.5,,oz,42.0
167970,1.0,,bag (8 oz),227.0
167970,1.0,,oz,28.35
167971,1.0,,piece,6.6
167971,1.0,,serving 6 pieces,40.0
167972,1.0,,oz,28.35
167972,3.0,,pieces,16.0
167973,1.0,,oz,28.35
167973,1.0,,bar (3 oz),87.0
167974,1.0,,piece,10.1
167974,1.0,,package (2.5 oz),71.0
167975,1.0,,bar 1.25 oz,35.0
167975,1.0,,bar 1.6 oz,45.0
167975,6.0,,blocks,43.0
167976,1.0,,cup mini chips,173.0
167976,1.0,,cup chips (6 oz package),168.0
167976,1.0,,serving,14.5
167976,1.0,,oz (approx 60 pcs),28.35
167976,1.0,,cup large chips,182.0
167977,1.0,,bar (1.45 oz),41.0
167977,1.0,,oz,28.35
167978,1.0,,"patty, small",11.0
167978,1.0,,"patty, large",43.0
167979,13.0,,pieces,41.0
167980,1.0,,oz,28.35
167980,1.0,,cup chips,170.0
167981,0.5,,cup (4 fl oz),86.0
167982,1.0,,patty 1.5 oz,43.0
167983,27.0,,pieces,40.0
167984,1.0,,bar 2.4 oz,68.0
167984,1.0,,bar 1.5 oz,42.0
167985,1.0,,bar snack size,16.0
167985,1.0,,bar 2 oz,56.0
167986,1.0,,oz,28.35
167987,1.0,,piece,17.0
167988,1.0,,oz,28.35
167989,1.0,,"gumdrop, small (1/2"" dia)",3.2
167989,10.0,,gummy dinosaurs,63.0
167989,1.0,,cup gumdrops,182.0
167989,1.0,,spice drop,24.0
167989,10.0,,gumdrops,36.0
167989,1.0,,"gumdrop, medium (3/4"" dia)",4.2
167989,1.0,,"gumdrop, large (1"" dia)",11.6
167989,1.0,,spice stick,9.5
167989,1.0,,"jelly ring (1-1/4"" dia)",10.0
167989,10.0,,gummy fish,50.0
167989,10.0,,gummy worms,74.0
167989,10.0,,gummy bears,22.0
167990,1.0,,"piece, small",3.0
167990,1.0,,oz,28.35
167990,1.0,,piece,6.0
167991,10.0,,small,11.0
167991,10.0,,large (1 oz),28.0
167992,1.0,,bar (1.625 oz),46.0
167992,1.0,,bar (1.5 oz),42.0
167992,1.0,,"bar, miniature (.35 oz)",10.0
167992,1.0,,bar (3.375 oz),96.0
167992,1.0,,bar (2.8 oz),78.0
167993,1.0,,bar 1.45 oz,41.0
167993,1.0,,bar 2 oz,56.0
167993,3.0,,blocks,37.0
167994,1.0,,bar (1.76 oz),50.0
167995,10.0,,miniatures,7.0
167995,1.0,,cup of miniature,50.0
167995,1.0,,regular,7.2
167996,1.0,,oz,28.35
167997,1.0,,bar 2 oz,57.0
167997,1.0,,serving fun size bar,26.0
167998,0.5,,cup From 19211,142.0
167999,1.0,,tablet,20.0
168000,1.0,,serving 2 TBSP,37.0
168001,10.0,,pieces,40.0
168001,1.0,,cup,149.0
168002,3.0,,cookies,30.0
168003,3.0,,cookies,23.0
168004,3.0,,crackers,7.4
168005,10.0,,goldfish,5.2
168006,10.0,,goldfish,5.3
168007,3.0,,cookies,44.0
168008,1.0,,roll,78.0
168010,1.0,,roll,36.0
168011,1.0,,box,255.0
168011,1.0,,waffle,47.0
168012,3.0,,crackers,8.4
168013,1.0,,slice large,41.0
168013,1.0,,slice regular,26.0
168013,1.0,,oz,28.35
168014,1.0,,Arrowroot biscuit (include Arrowroot cookie),4.9
168014,1.0,,individual box (2 oz),57.0
168014,1.0,,cracker,2.5
168014,1.0,,oz,28.35
168015,3.0,,oz,85.0
168016,3.0,,oz,85.0
168041,1.0,,serving,197.0
168042,1.0,,serving,308.0
168043,1.0,,serving,411.0
168044,1.0,,serving,303.0
168062,1.0,,serving,301.0
168063,1.0,,cup,253.0
168063,1.0,,serving,283.0
168064,1.0,,cup,146.0
168064,1.0,,serving,461.0
168065,1.0,,cup,157.0
168065,1.0,,serving,590.0
168066,1.0,,serving,653.0
168066,1.0,,cup,115.0
168067,1.0,,piece,142.0
168068,1.0,,cup,246.0
168069,1.0,,cup,200.0
168070,1.0,,piece,98.0
168071,1.0,,piece,70.0
168072,1.0,,order,574.0
168073,1.0,,piece,36.0
168073,1.0,,serving,103.0
168074,1.0,,serving,149.0
168075,1.0,,piece,124.0
168075,1.0,,serving,178.0
168076,1.0,,piece,27.0
168076,1.0,,serving,228.0
168077,1.0,,piece,16.0
168077,1.0,,serving,100.0
168078,1.0,,cup,134.0
168078,1.0,,serving,180.0
168079,1.0,,piece,16.0
168079,1.0,,serving 4 pieces in serving,67.0
168080,1.0,,order,601.0
168081,1.0,,order,706.0
168081,3.0,,pieces,55.0
168082,1.0,,order,609.0
168082,3.0,,pieces,42.0
168083,1.0,,order,604.0
168084,1.0,,cup,195.0
168084,1.0,,order,777.0
168085,1.0,,serving,525.0
168086,1.0,,serving,537.0
168087,1.0,,order,547.0
168088,1.0,,tsp,6.7
168088,1.0,,tbsp,20.0
168089,1.0,,"cup, shredded",113.0
168089,1.0,,cubic inch,18.0
168090,1.0,,fl oz,31.5
168090,1.0,,bottle NFS,126.0
168091,1.0,,fl oz,31.5
168091,1.0,,bottle NFS,126.0
168092,1.0,,cup pieces,138.0
168092,1.0,,cubic inch,20.0
168093,1.0,,tbsp,13.4
168093,1.0,,fl oz,26.0
168094,1.0,,tbsp,14.6
168094,1.0,,cup,231.0
168095,1.0,,oz,28.35
168096,1.0,,tbsp,14.0
168096,1.0,,cup,216.0
168097,1.0,,fl oz,30.0
168097,1.0,,cup,242.0
168098,1.0,,"cup, diced",132.0
168098,1.0,,"cup, shredded",113.0
168098,1.0,,cubic inch,17.0
168098,1.0,,slice (1 oz),28.0
168099,1.0,,cup,264.0
168099,1.0,,tbsp,17.0
168100,1.0,,tbsp,15.0
168100,1.0,,cup,234.0
168101,1.0,,cubic inch,14.0
168101,1.0,,"slice, medium",28.0
168101,1.0,,"slice, thin",14.0
168101,1.0,,"slice, thick",43.0
168101,1.0,,slice,28.0
168102,2.0,,cookie 2011 label,51.0
168103,1.0,,cup,186.0
168104,1.0,,cup,174.0
168105,1.0,,cup,174.0
168107,1.0,,cubic inch,4.2
168108,1.0,,serving about 1/4 cup,42.0
168108,1.0,,cup,195.0
168108,1.0,,serving 1.31 oz bag,37.0
168108,1.0,,piece,3.4
168109,1.0,,cup,269.0
168109,1.0,,tbsp,17.0
168110,1.0,,"cubic inch, boneless",17.0
168110,3.0,,"oz, boneless",85.0
168111,3.0,,oz,85.0
168111,1.0,,lb,453.0
168112,1.0,,tbsp,14.5
168112,1.0,,cup,232.0
168113,1.0,,bar,74.0
168113,1.0,,fl oz,29.8
168114,4.0,,oz,113.0
168114,1.0,,cup,226.0
168115,1.0,,cup,224.0
168115,1.0,,tbsp,14.0
168116,10.0,,chips,18.0
168116,1.0,,"bag, single serving",28.0
168116,1.0,,cup,26.0
168117,1.0,,cup,253.0
168117,1.0,,fl oz,31.6
168118,1.0,,"slice, thick",43.0
168118,1.0,,"slice, thin",14.0
168118,1.0,,"slice, medium",28.0
168118,1.0,,cup pieces,138.0
168119,1.0,,cup,144.0
168120,1.0,,"thick slice (approx 3"" x 2"" x 3/8"")",42.0
168120,1.0,,"medium slice (approx 3"" x 2"" x 1/4"")",28.0
168120,3.0,,"oz, boneless",85.0
168121,1.0,,cubic inch,18.0
168121,1.0,,"cup, diced",140.0
168121,1.0,,slice,21.0
168121,1.0,,"cup, shredded",113.0
168122,1.0,,tsp dry,1.7
168123,1.0,,fl oz,30.0
168123,1.0,,cup (8 fl oz),240.0
168124,1.0,,slice,28.0
168124,1.0,,"cup, shredded",108.0
168124,1.0,,"cup, diced",132.0
168124,1.0,,cubic inch,15.0
168125,1.0,,tbsp,16.0
168126,1.0,,"roll (pan, dinner, or small roll) (2"" square, 2"" high)",28.0
168126,1.0,,"medium (2-1/2"" dia)",36.0
168127,1.0,,"cup, crushed",88.0
168127,10.0,,chips,18.0
168127,1.0,,"bag, single serving",28.0
168128,1.0,,cup,253.0
168129,1.0,,cup,58.0
168130,1.0,,bar,54.0
168131,1.0,,frankfurter,57.0
168131,1.0,,"cup, sliced",151.0
168132,1.0,,serving 1.75 fl oz pop,55.0
168133,1.0,,jar Heinz Strained-2 (4 oz),113.0
168133,1.0,,jar Gerber Second Food (4 oz),113.0
168133,1.0,,jar Beech-Nut Stage 2 (4 oz),113.0
168133,1.0,,jar NFS,113.0
168133,1.0,,tbsp,15.0
168134,1.0,,tbsp,15.0
168134,1.0,,jar NFS,113.0
168134,1.0,,jar Heinz Strained-2 (4 oz),113.0
168135,1.0,,jar NFS,113.0
168135,1.0,,jar Heinz Strained-2 (4.25 oz),120.0
168135,1.0,,jar Beech-Nut Stage 2 (4 oz),113.0
168135,1.0,,tbsp,15.0
168135,1.0,,jar Gerber Second Food (4 oz),113.0
168136,1.0,,cubic inch,10.2
168136,1.0,,cup,148.0
168137,1.0,,"cup, crushed",63.0
168137,10.0,,chips,16.0
168138,0.75,,cup (1 NLEA serving),30.0
168139,1.0,,oz,28.35
168140,1.0,,tbsp,15.0
168141,1.0,,slice (1 oz),28.0
168141,1.0,,cubic inch,15.0
168141,1.0,,"cup, diced",132.0
168141,1.0,,"cup, shredded",108.0
168142,1.0,,serving,0.1
168143,1.0,,serving,9.9
168143,1.0,,"package 1.4 oz box, 4 servings",40.0
168144,4.0,,fl oz,118.0
168145,1.0,,tbsp,19.0
168145,1.0,,cup,300.0
168146,1.0,,package 4 servings,32.0
168146,1.0,,serving,8.0
168148,1.0,,leg,45.0
168149,1.0,,"cup, cooked",136.0
168149,1.0,,"cubic inch, boneless",17.0
168149,1.0,,"piece (5-1/2"" x 1-1/2"" x 1/2"")",80.0
168150,3.0,,fruit,9.0
168150,1.0,,cup,135.0
168153,1.0,,"fruit (2"" dia)",69.0
168153,1.0,,NLEA serving,148.0
168153,1.0,,"cup, sliced",180.0
168154,1.0,,fruit without refuse,19.0
168155,1.0,,"fruit (2"" dia)",67.0
168155,1.0,,NLEA serving,67.0
168156,1.0,,cup,242.0
168156,1.0,,fl oz,30.8
168156,1.0,,lime yields,44.0
168157,1.0,,cup,246.0
168157,1.0,,fl oz,30.8
168158,0.25,,cup,40.0
168159,5.0,,prunes with liquid,86.0
168159,1.0,,cup,234.0
168160,1.0,,cup,132.0
168161,1.0,,cup,280.0
168162,1.0,,"cup, pitted",174.0
168162,1.0,,"prune, pitted",9.5
168163,1.0,,fruit without refuse,92.0
168164,1.0,,cup (not packed),145.0
168164,1.0,,"cup, packed",165.0
168165,1.0,,oz (60 raisins),28.35
168165,1.0,,miniature box (.5 oz),14.0
168165,1.0,,small box (1.5 oz),43.0
168165,50.0,,raisins,26.0
168165,1.0,,cup (not packed),145.0
168165,1.0,,"cup, packed",165.0
168166,1.0,,"cup, packed",165.0
168166,1.0,,cup (not packed),145.0
168167,1.0,,fruit,9.0
168167,1.0,,cup,214.0
168167,1.0,,"cup, drained",150.0
168168,1.0,,"cup, diced",137.0
168169,1.0,,cup,240.0
168170,1.0,,"cup, without refuse",57.0
168172,1.0,,cup,254.0
168173,1.0,,"cup, unthawed",149.0
168173,1.0,,"cup, thawed",221.0
168173,1.0,,berry,10.6
168173,1.0,,package (20 oz),567.0
168174,1.0,,"cup, thawed",255.0
168174,1.0,,package (10 oz),284.0
168175,1.0,,"fruit (2-7/8"" dia)",155.0
168175,1.0,,"cup, pulp",250.0
168176,1.0,,fruit without peel,42.0
168176,1.0,,"cup, pureed",243.0
168176,1.0,,"cup 1/2"" chunks",205.0
168177,1.0,,"fruit 3-3/8"" high x 3"" diameter",275.0
168177,1.0,,"fruit 2-1/4"" high x 2-1/2"" dia",122.0
168178,1.0,,cup,214.0
168179,1.0,,cup,244.0
168180,1.0,,cup,319.0
168181,1.0,,cup,222.0
168181,1.0,,half,73.0
168181,1.0,,slice,12.7
168182,1.0,,cup,201.0
168182,1.0,,half,48.0
168183,1.0,,"cup, with pits, yields",183.0
168184,1.0,,cup,189.0
168185,1.0,,cup,220.0
168186,1.0,,fl oz,31.2
168186,1.0,,cup,250.0
168187,1.0,,fl oz,31.3
168187,1.0,,cup,250.0
168188,1.0,,can (6 fl oz),211.0
168189,1.0,,cup,251.0
168189,8.0,,fl oz,246.0
168190,1.0,,"cup, drained",178.0
168191,1.0,,"date, pitted",24.0
168192,1.0,,"cup, chopped or diced",243.0
168192,1.0,,fruit,602.0
168193,1.0,,fruit,1002.0
168193,1.0,,NLEA serving,112.0
168193,1.0,,"slice (4-2/3"" dia x 3/4"" thick)",175.0
168193,1.0,,"cup, chunks",165.0
168194,1.0,,"slice (4-2/3"" dia x 3/4"" thick)",166.0
168194,1.0,,"cup, chunks",165.0
168194,1.0,,fruit,905.0
168194,1.0,,NLEA serving,112.0
168195,1.0,,fruit,74.0
168196,1.0,,cup,251.0
168197,8.0,,fl oz,250.0
168198,8.0,,fl oz,250.0
168199,1.0,,cup,118.0
168199,10.0,,"slices (1/4"" thick)",53.0
168200,1.0,,cup,169.0
168201,1.0,,large,260.0
168201,1.0,,small,158.0
168201,1.0,,"cup, sliced",109.0
168201,1.0,,medium,212.0
168202,1.0,,large,215.0
168202,1.0,,medium,169.0
168202,1.0,,"cup, sliced",109.0
168202,1.0,,small,129.0
168203,1.0,,small,144.0
168203,1.0,,"cup, sliced",109.0
168203,1.0,,medium,167.0
168203,1.0,,large,206.0
168204,1.0,,large,200.0
168204,1.0,,medium,172.0
168204,1.0,,"cup, sliced",109.0
168204,1.0,,small,157.0
168205,1.0,,fl oz,31.3
168205,1.0,,cup,250.0
168206,8.0,,fl oz,240.0
168207,1.0,,cup,253.0
168207,1.0,,fl oz,31.6
168208,1.0,,cup,227.0
168209,1.0,,"cup, unthawed",140.0
168210,11.3,,fl oz,335.0
168211,1.0,,fruit,81.0
168212,6.75,,fl oz,200.0
168212,8.0,,fl oz,240.0
168213,1.0,,cup,233.0
168214,1.0,,cup,228.0
168215,1.0,,plantain,267.0
168216,1.0,,cup,137.0
168218,3.0,,oz,85.0
168219,1.0,,oz,28.35
168219,1.0,,lb,453.6
168220,1.0,,lb,453.6
168220,4.0,,oz,113.0
168221,1.0,,oz,28.35
168221,3.0,,oz,85.0
168222,4.0,,oz,113.0
168222,1.0,,lb,453.6
168223,1.0,,"cup, diced",135.0
168223,3.0,,oz,85.0
168224,4.0,,oz,113.0
168224,1.0,,lb,453.6
168225,1.0,,"cup, diced",135.0
168225,3.0,,oz,85.0
168226,4.0,,oz,113.0
168226,1.0,,roast,3868.0
168226,1.0,,lb,453.6
168227,3.0,,oz,85.0
168227,1.0,,roast,2900.0
168228,4.0,,oz,113.0
168228,1.0,,lb,453.6
168228,1.0,,roast,3868.0
168229,3.0,,oz,85.0
168229,1.0,,roast,2900.0
168230,1.0,,"chop, excluding refuse (yield from 1 raw chop, with refuse, weighing 151 g)",106.0
168230,4.0,,oz,113.0
168231,3.0,,oz,85.0
168231,1.0,,"chop, excluding refuse (yield from 1 raw chop, with refuse, weighing 151 g)",80.0
168232,1.0,,"chop, excluding refuse (yield from 1 raw chop, with refuse, weighing 151 g)",79.0
168232,3.0,,oz,85.0
168233,3.0,,oz,85.0
168233,1.0,,"chop, excluding refuse (yield from 1 raw chop, with refuse, weighing 151 g)",81.0
168234,1.0,,chop,263.0
168234,4.0,,oz,113.0
168235,3.0,,oz,85.0
168235,1.0,,chop,206.0
168236,1.0,,chop,219.0
168236,3.0,,oz,85.0
168237,1.0,,roast,830.0
168237,3.0,,oz,85.0
168238,1.0,,"chop without refuse (Yield from 1 raw chop, with refuse, weighing 259g)",199.0
168238,4.0,,oz,113.0
168239,1.0,,chop,187.0
168239,3.0,,oz,85.0
168240,1.0,,"chop without refuse (Yield from 1 cooked chop, with refuse, weighing 209g)",146.0
168240,3.0,,oz,85.0
168241,3.0,,oz,85.0
168241,1.0,,roast,900.0
168242,1.0,,"chop without refuse (Yield from 1 raw chop, with refuse, weighing 201g)",133.0
168242,1.0,,lb,453.6
168242,4.0,,oz,113.0
168243,3.0,,oz,85.0
168243,1.0,,chop,187.0
168244,1.0,,"chop, excluding refuse (yield from 1 raw chop, with refuse, weighing 151 g)",67.0
168244,3.0,,oz,85.0
168245,3.0,,oz,85.0
168245,1.0,,roast,783.0
168246,1.0,,lb,453.6
168246,4.0,,oz,113.0
168246,1.0,,"roast without refuse (Yield from 1 raw roast, with refuse, weighing 1817g)",1327.0
168247,3.0,,oz,85.0
168247,1.0,,chop,195.0
168248,1.0,,roast without refuse,985.0
168248,3.0,,"oz (Yield from 1 cooked roast, with refuse, weighing 1515g)",85.0
168249,1.0,,roast,505.0
168249,4.0,,oz,113.0
168249,1.0,,lb,453.6
168250,1.0,,roast,402.0
168250,3.0,,oz,85.0
168250,1.0,,"piece, cooked, excluding refuse (yield from 1 lb raw meat with refuse)",333.0
168251,4.0,,oz,113.0
168251,1.0,,chop,185.0
168251,1.0,,lb,453.6
168252,1.0,,chop,135.0
168253,1.0,,chop,145.0
168254,3.0,,oz,85.0
168255,4.0,,oz,113.0
168255,1.0,,roast,2745.0
168256,3.0,,oz,85.0
168256,1.0,,roast,2252.0
168257,1.0,,"cup, diced",135.0
168257,3.0,,oz,85.0
168258,1.0,,roast,2745.0
168258,4.0,,oz,113.0
168259,1.0,,"piece, cooked, excluding refuse (yield from 1 lb raw meat with refuse)",262.0
168259,3.0,,oz,85.0
168260,1.0,,"steak without refuse (Yield from 1 raw steak, with refuse, weighing 379g)",258.0
168260,4.0,,oz,113.0
168261,3.0,,oz,85.0
168261,1.0,,steak,249.0
168262,3.0,,oz,85.0
168262,1.0,,"steak, excluding refuse (yield from 1 raw steak, with refuse, weighing 300 g)",147.0
168263,1.0,,chop,170.0
168263,4.0,,oz,113.0
168264,1.0,,oz,28.35
168264,4.0,,oz,113.0
168265,3.0,,oz,85.0
168266,4.0,,oz,113.0
168267,1.0,,heart,226.0
168267,1.0,,oz,28.35
168268,1.0,,heart,129.0
168268,1.0,,cup,145.0
168269,4.0,,oz,113.0
168269,1.0,,oz,28.35
168270,1.0,,kidney,233.0
168270,4.0,,oz,113.0
168271,3.0,,oz,85.0
168272,1.0,,lb,453.6
168272,1.0,,oz,28.35
168273,1.0,,oz,28.35
168273,4.0,,oz,113.0
168274,3.0,,oz,85.0
168275,4.0,,oz,113.0
168275,1.0,,oz,28.35
168276,1.0,,"piece, cooked, excluding refuse (yield from 1 lb raw meat with refuse)",231.0
168276,3.0,,oz,85.0
168277,1.0,,package,442.0
168277,1.0,,slice raw,28.0
168277,4.0,,oz,113.0
168278,3.0,,oz,85.0
168278,1.0,,package (12 oz),340.0
168278,3.0,,slices,68.0
168279,1.0,,cup,140.0
168279,3.0,,oz,85.0
168280,3.0,,oz,85.0
168280,1.0,,cup,140.0
168281,3.0,,oz,85.0
168281,1.0,,cup,140.0
168282,4.0,,oz,113.0
168282,1.0,,oz,28.35
168283,1.0,,oz,28.35
168283,4.0,,oz,113.0
168284,1.0,,cup,140.0
168284,3.0,,oz,85.0
168285,1.0,,chop,137.0
168285,3.0,,oz,85.0
168286,4.0,,oz,113.0
168286,1.0,,chop,170.0
168287,8.0,,oz,227.0
168287,4.0,,oz,113.0
168288,4.0,,oz,113.0
168288,1.0,,oz,28.35
168289,3.0,,oz,85.0
168289,1.0,,"piece, cooked (yield from 1 lb unheated product)",376.0
168290,3.0,,oz,85.0
168291,4.0,,oz,113.0
168291,1.0,,oz,28.35
168292,1.0,,chop,172.0
168292,3.0,,oz,85.0
168293,3.0,,oz,85.0
168293,1.0,,chop,169.0
168294,3.0,,oz,85.0
168294,1.0,,chop,142.0
168295,1.0,,"slice (6-1/4"" x 4"" x 1/16"") (1 oz)",28.0
168295,1.0,,cup,140.0
168295,3.0,,oz,85.0
168296,1.0,,cup,140.0
168296,3.0,,oz,85.0
168297,1.0,,"piece, cooked, excluding refuse (yield from 1 lb raw meat with refuse)",247.0
168297,3.0,,oz,85.0
168298,3.0,,oz,85.0
168298,1.0,,chop,137.0
168299,4.0,,oz,113.0
168300,3.0,,oz,85.0
168301,3.0,,oz,85.0
168301,1.0,,"piece, cooked, excluding refuse (yield from 1 lb raw meat with refuse)",317.0
168302,4.0,,oz,113.0
168302,1.0,,"chop, excluding refuse (yield from 1 raw chop, with refuse, weighing 113 g)",88.0
168303,1.0,,"chop, excluding refuse (yield from 1 raw chop, with refuse, weighing 113 g)",72.0
168303,3.0,,oz,85.0
168304,1.0,,"chop, excluding refuse (yield from 1 raw chop, with refuse, weighing 113 g)",71.0
168304,3.0,,oz,85.0
168305,4.0,,oz,113.0
168305,1.0,,rib,197.0
168306,1.0,,"rib without refuse (yield from 1 cooked rib, with refuse, weighing 141g)",80.0
168306,3.0,,oz,85.0
168307,1.0,,rack,138.0
168308,1.0,,chop,210.0
168308,4.0,,oz,113.0
168309,3.0,,oz,85.0
168309,1.0,,chop,161.0
168310,3.0,,oz,85.0
168310,1.0,,chop,159.0
168311,1.0,,roast,638.0
168311,3.0,,oz,85.0
168312,1.0,,"roast (Yield from 1 raw roast, with refuse, weighing 504g)",505.0
168312,4.0,,oz,113.0
168313,1.0,,"chop, excluding refuse (yield from 1 raw chop, with refuse, weighing 113 g)",73.0
168313,3.0,,oz,85.0
168314,4.0,,oz,113.0
168314,1.0,,roast,2195.0
168315,1.0,,roast,2195.0
168315,4.0,,oz,113.0
168316,1.0,,oz,28.35
168316,1.0,,lb,453.6
168317,4.0,,oz,112.0
168318,1.0,,oz,28.0
168318,4.0,,oz,112.0
168318,1.0,,serving,112.0
168319,4.0,,oz,112.0
168319,1.0,,serving,112.0
168319,1.0,,oz,28.35
168320,4.0,,oz,112.0
168320,1.0,,serving,112.0
168320,1.0,,oz,28.0
168321,1.0,,slice cooked,9.1
168322,3.0,,oz,85.0
168322,1.0,,slice,11.5
168323,3.0,,oz,85.0
168324,3.0,,oz,85.0
168325,1.0,,slice,446.0
168325,3.0,,oz (3 oz),85.0
168326,1.0,,slice,138.0
168326,3.0,,oz (3 oz),85.0
168327,1.0,,serving (3 oz),85.0
168327,1.0,,roast,1995.0
168327,3.0,,oz,85.0
168328,3.0,,oz,85.0
168329,1.0,,slice,189.0
168329,3.0,,oz (3 oz),85.0
168330,3.0,,oz (3 oz),85.0
168330,1.0,,slice,445.0
168331,1.0,,serving (3 oz),85.0
168331,1.0,,roast,920.0
168331,1.0,,slice,145.0
168331,3.0,,oz,85.0
168332,3.0,,oz (3 oz),85.0
168332,1.0,,roast rump,2533.0
168333,3.0,,oz (3 oz),85.0
168333,1.0,,slice,277.0
168334,3.0,,oz (3 oz),85.0
168334,1.0,,roast,1497.0
168335,3.0,,oz,85.0
168335,1.0,,lb,453.6
168336,3.0,,oz,85.0
168337,3.0,,oz,85.0
168338,3.0,,oz,85.0
168339,1.0,,slice,430.0
168339,3.0,,oz,85.0
168340,3.0,,oz spiral slice,85.0
168340,1.0,,lb spiral slice,453.6
168341,3.0,,oz spiral slice,85.0
168341,1.0,,lb spiral slice,453.6
168342,3.0,,oz,85.0
168343,3.0,,oz shank,85.0
168343,1.0,,lb shank,453.6
168344,1.0,,lb rump,453.6
168344,3.0,,oz rump,85.0
168345,1.0,,lb whole,453.6
168345,3.0,,oz whole,85.0
168346,1.0,,lb,453.6
168346,3.0,,oz,85.0
168347,1.0,,lb,453.6
168347,3.0,,oz,85.0
168348,1.0,,lb,453.6
168348,3.0,,oz,85.0
168349,3.0,,oz (3 oz),85.0
168349,1.0,,roast,1867.0
168350,1.0,,roast rump,2533.0
168350,3.0,,oz (3 oz),85.0
168351,1.0,,roast shank,3204.0
168351,3.0,,oz (3 oz),85.0
168352,3.0,,oz (3 oz),85.0
168352,1.0,,slice,446.0
168353,3.0,,oz (3 oz),85.0
168353,1.0,,slice,277.0
168354,1.0,,slice,145.0
168354,1.0,,roast,920.0
168354,3.0,,oz (3 oz),85.0
168355,1.0,,roast,1497.0
168355,3.0,,oz (3 oz),85.0
168356,3.0,,oz (3 oz),85.0
168356,1.0,,roast rump,2874.0
168357,3.0,,oz (3 oz),85.0
168357,1.0,,roast shank,2800.0
168358,3.0,,oz,85.0
168358,1.0,,lb,453.6
168359,3.0,,oz (3 oz),85.0
168359,1.0,,slice,366.0
168360,3.0,,oz (3 oz),85.0
168360,1.0,,slice,425.0
168361,4.0,,oz,113.0
168362,3.0,,oz,85.0
168363,4.0,,oz,113.0
168364,1.0,,chop,107.0
168364,3.0,,oz,85.0
168365,1.0,,steak,393.0
168365,4.0,,oz,113.0
168366,1.0,,steak,264.0
168366,3.0,,oz,85.0
168367,3.0,,oz,85.0
168368,3.0,,oz,85.0
168368,1.0,,piece,194.0
168369,1.0,,piece,105.0
168370,3.0,,oz,85.0
168370,1.0,,piece,609.0
168371,1.0,,piece,765.0
168371,3.0,,oz,85.0
168372,4.0,,oz,113.0
168373,3.0,,oz grilled patties,85.0
168374,3.0,,oz grilled patties,85.0
168375,3.0,,oz grilled patties,85.0
168376,4.0,,oz,113.0
168376,1.0,,ribs,1071.0
168377,1.0,,ribs,878.0
168377,3.0,,oz,85.0
168378,3.0,,oz,85.0
168378,1.0,,rack,122.0
168379,1.0,,rack,138.0
168379,3.0,,oz,85.0
168380,1.0,,chop,131.0
168380,3.0,,oz,85.0
168381,4.0,,oz,113.0
168381,1.0,,chop,176.0
168382,1.0,,package,446.0
168382,1.0,,slice,26.0
168383,1.0,,slice,13.8
168384,1.0,,cup,33.0
168384,1.0,,tbsp,3.0
168385,1.0,,leaf,14.0
168385,1.0,,cup,28.0
168386,1.0,,"artichoke, medium",120.0
168386,0.5,,cup hearts,84.0
168387,1.0,,package (9 oz),255.0
168387,0.33,,package,84.0
168388,1.0,,"package (9 oz), yields",240.0
168388,1.0,,cup,168.0
168388,0.33,,package (9 oz) yields,80.0
168389,1.0,,cup,134.0
168389,1.0,,"spear, extra large (8-3/4"" to 10"" long)",24.0
168389,1.0,,"spear, large (7-1/4"" to 8-1/2"")",20.0
168389,1.0,,"spear tip (2"" long or less)",3.5
168389,1.0,,"spear, medium (5-1/4"" to 7"" long)",16.0
168389,1.0,,"spear, small (5"" long or less)",12.0
168390,4.0,,"spears (1/2"" base)",60.0
168390,0.5,,cup,90.0
168391,0.5,,cup,24.0
168391,1.0,,leaf,4.0
168392,1.0,,cup,58.0
168393,1.0,,"cup (1/2"" pieces)",93.0
168393,1.0,,balsam-pear,124.0
168394,0.5,,"cup (1/2"" pieces)",62.0
168394,1.0,,"cup (1/2"" pieces)",124.0
168396,1.0,,cup,156.0
168397,1.0,,"can drained, rinsed",266.0
168397,1.0,,"cup drained, rinsed",150.0
168398,1.0,,cup,136.0
168398,1.0,,package,284.0
168399,1.0,,cup,165.0
168399,1.0,,package (10 oz) yields,284.0
168400,1.0,,"ear, yields",125.0
168400,1.0,,cup kernels,165.0
168401,1.0,,"ear, yields",63.0
168401,1.0,,cup kernels,165.0
168402,1.0,,cup,165.0
168403,1.0,,package (10 oz),284.0
168403,1.0,,cup,160.0
168404,1.0,,cup,170.0
168405,1.0,,pod,12.0
168405,1.0,,cup,94.0
168406,1.0,,"cup, chopped",53.0
168407,1.0,,sprig,1.0
168407,1.0,,cup,50.0
168408,0.5,,cup,68.0
168408,1.0,,cup,135.0
168409,1.0,,"cucumber (8-1/4"")",301.0
168409,0.5,,cup slices,52.0
168410,1.0,,package,432.0
168410,1.0,,cup,118.0
168411,1.0,,cup,155.0
168412,0.5,,"cup, chopped",25.0
168412,1.0,,head,513.0
168413,1.0,,cup,150.0
168414,1.0,,gourd,178.0
168414,1.0,,"cup (1"" pieces)",95.0
168415,0.5,,"cup (1"" slices)",89.0
168415,1.0,,"cup (1"" pieces)",178.0
168416,1.0,,"cup, chopped",21.0
168417,1.0,,"cup, chopped",42.0
168418,1.0,,cup,24.0
168419,1.0,,cup,28.0
168420,1.0,,cup,87.0
168421,1.0,,cup,21.0
168422,1.0,,piece,5.4
168422,1.0,,cup,54.0
168423,1.0,,cup,66.0
168423,1.0,,piece,12.9
168424,1.0,,slice,16.0
168424,1.0,,cup,135.0
168425,1.0,,cup slices,165.0
168426,0.25,,"cup, chopped or diced",26.0
168426,1.0,,leek,124.0
168427,1.0,,cup,77.0
168429,1.0,,"cup, shredded or chopped",55.0
168429,1.0,,"leaf, large",15.0
168429,1.0,,leaf,5.0
168429,1.0,,"leaf, medium",7.5
168429,1.0,,"head (5"" dia)",163.0
168430,10.0,,"slices (2-1/2"" dia)",89.0
168430,0.5,,cup,60.0
168431,1.0,,leaf outer,17.0
168431,1.0,,leaf inner,2.6
168431,1.0,,head,309.0
168431,1.0,,NLEA serving,85.0
168431,1.0,,cup shredded,28.0
168432,1.0,,yam,420.0
168432,0.5,,"cup, cubes",68.0
168433,1.0,,"cup, cubes",145.0
168434,1.0,,cup sliced,72.0
168434,1.0,,cup whole,87.0
168434,1.0,,piece whole,20.0
168435,1.0,,piece whole,19.0
168435,1.0,,cup sliced,97.0
168435,1.0,,cup whole,89.0
168436,4.0,,mushrooms,15.0
168436,1.0,,mushroom,3.6
168437,1.0,,cup pieces,145.0
168437,4.0,,mushrooms,72.0
168438,1.0,,"cup, chopped",150.0
168439,1.0,,"cup, chopped",180.0
168440,1.0,,"cup, chopped",56.0
168441,1.0,,"cup, chopped",180.0
168442,1.0,,package (9 oz),255.0
168442,10.0,,strip,89.0
168444,10.0,,strip,153.0
168445,10.0,,strip,133.0
168446,1.0,,cup,160.0
168447,1.0,,cup,71.0
168448,1.0,,"cup (1"" cubes)",116.0
168449,1.0,,"cup, mashed",245.0
168450,1.0,,cup,245.0
168451,1.0,,cup slices,116.0
168451,1.0,,"radish (7"" long)",338.0
168452,1.0,,"cup, sliced",147.0
168453,1.0,,cup,116.0
168454,1.0,,large,772.0
168454,1.0,,small,192.0
168454,1.0,,medium,386.0
168454,1.0,,"cup, cubes",140.0
168455,1.0,,"cup, mashed",240.0
168455,1.0,,"cup, cubes",170.0
168456,2.0,,tbsp (1/8 cup),10.0
168457,2.0,,tbsp (1/8 cup),10.0
168458,10.0,,sheets,26.0
168458,2.0,,tbsp (1/8 cup),10.0
168459,1.0,,cup flowers,20.0
168459,1.0,,flower,3.0
168460,1.0,,cup,94.0
168462,1.0,,bunch,340.0
168462,1.0,,leaf,10.0
168462,1.0,,cup,30.0
168462,1.0,,package (10 oz),284.0
168463,1.0,,cup,180.0
168464,1.0,,cup sliced,127.0
168465,1.0,,"cup, sliced",180.0
168465,0.5,,cup slices,90.0
168466,1.0,,slice,8.0
168466,1.0,,cup slices,216.0
168466,1.0,,"cup, diced",210.0
168466,1.0,,can (303 x 406),241.0
168466,1.0,,"cup, mashed",240.0
168467,1.0,,cup slices,130.0
168468,1.0,,cup slices,192.0
168469,1.0,,package (10 oz),284.0
168469,1.0,,package (3 lb),1361.0
168469,0.33,,package (10 oz),95.0
168470,1.0,,cup,223.0
168471,1.0,,cup,227.0
168472,1.0,,"cup, cubes",140.0
168472,1.0,,squash (4 inch dia),431.0
168473,1.0,,package (4 lb),1814.0
168473,1.0,,package (12 oz),340.0
168473,0.33,,package (12 oz),113.0
168474,1.0,,"cup, mashed",240.0
168475,1.0,,"cup, cubes",116.0
168476,1.0,,"cup, cubes",205.0
168477,1.0,,cup,192.0
168478,1.0,,cup,266.0
168479,1.0,,cup,255.0
168480,1.0,,package (10 oz),284.0
168480,1.0,,cup,156.0
168481,1.0,,cup,170.0
168482,1.0,,"cup, cubes",133.0
168482,1.0,,"sweetpotato, 5"" long",130.0
168483,1.0,,large,180.0
168483,1.0,,small,60.0
168483,1.0,,cup,200.0
168483,1.0,,"medium (2"" dia, 5"" long, raw)",114.0
168484,1.0,,medium,151.0
168484,1.0,,"cup, mashed",328.0
168485,1.0,,"cup, mashed",255.0
168485,1.0,,cup pieces,200.0
168486,1.0,,"cup, sliced",132.0
168487,1.0,,"leaf (11"" x 6-1/2"")",10.0
168487,1.0,,cup,28.0
168488,1.0,,cup,145.0
168489,1.0,,shoot,83.0
168489,0.5,,cup slices,43.0
168490,1.0,,"cup, sliced",120.0
168490,1.0,,root,33.0
168491,1.0,,"cup, chopped",51.0
168491,1.0,,leaf,18.0
168492,1.0,,cup,132.0
168493,1.0,,"corm, medium",12.0
168494,4.0,,spears,60.0
168494,1.0,,cup,180.0
168494,1.0,,package (10 oz) yields,293.0
168495,1.0,,cup,58.0
168496,1.0,,"cup (1/2"" pieces)",124.0
168497,1.0,,shoot,144.0
168497,1.0,,"cup (1/2"" slices)",120.0
168498,1.0,,package (10 oz) yields,311.0
168498,1.0,,cup,170.0
168499,1.0,,cup,124.0
168501,0.33,,package (10 oz) yields,94.0
168501,1.0,,package (10 oz) yields,284.0
168502,1.0,,can (303 x 406),439.0
168502,0.5,,cup,120.0
168503,0.5,,cup,120.0
168503,1.0,,can (303 x 406),439.0
168504,1.0,,can (303 x 406),439.0
168504,0.5,,cup,120.0
168505,10.0,,beans,62.0
168505,1.0,,can (303 x 406),262.0
168505,1.0,,cup,153.0
168506,2.0,,"beets (2"" dia, sphere)",100.0
168506,0.5,,cup slices,85.0
168507,1.0,,cup,246.0
168508,1.0,,"cup (1"" pieces)",144.0
168510,1.0,,"stalk, large (11""-12"" long)",280.0
168510,1.0,,"spear (about 5"" long)",37.0
168510,0.5,,"cup, chopped",78.0
168510,1.0,,"stalk, medium (7-1/2"" - 8"" long)",180.0
168510,1.0,,"stalk, small (5"" long)",140.0
168511,1.0,,cup,184.0
168512,1.0,,package (10 oz) yields,250.0
168512,0.5,,cup,92.0
168513,0.5,,cup,78.0
168513,1.0,,sprout,21.0
168514,0.5,,"cup, shredded",75.0
168514,1.0,,head,1262.0
168515,0.5,,"cup, shredded",75.0
168515,1.0,,leaf,22.0
168516,1.0,,"cup, shredded",145.0
168517,1.0,,"cup, shredded",170.0
168518,1.0,,slice,2.8
168518,1.0,,can (303 x 406),284.0
168518,1.0,,"cup, mashed",228.0
168518,1.0,,"cup, sliced",146.0
168519,1.0,,cup slices,146.0
168520,0.5,,"cup (1"" pieces)",62.0
168520,3.0,,flowerets,54.0
168521,1.0,,"cup (1"" pieces)",180.0
168522,1.0,,"cup (1"" pieces)",100.0
168523,1.0,,"cup, chopped",190.0
168524,1.0,,"cup, chopped",170.0
168525,1.0,,cup,149.0
168525,1.0,,"ear small (5-1/2"" to 6-1/2"" long)",89.0
168525,1.0,,baby ear,8.0
168525,1.0,,"ear large (7-3/4"" to 9"" long)",118.0
168525,1.0,,"ear medium (6-3/4"" to 7-1/2"" long)",103.0
168525,1.0,,"ear, yields",77.0
168526,1.0,,cup,165.0
168527,1.0,,cup,170.0
168528,1.0,,cup,95.0
168529,1.0,,"cup, chopped",53.0
168530,0.5,,"cup (1"" slices)",89.0
168530,1.0,,"cup (1"" pieces)",178.0
168531,1.0,,"cup, chopped",42.0
168532,1.0,,cup slices,118.0
168533,1.0,,cup,87.0
168534,1.0,,"cup, chopped",180.0
168535,1.0,,leek,124.0
168535,0.25,,"cup, chopped",26.0
168536,10.0,,"slices (2-1/2"" dia)",89.0
168536,0.5,,cup,60.0
168537,1.0,,tbsp,9.8
168537,1.0,,cup pieces,156.0
168537,1.0,,mushroom,12.0
168538,1.0,,"ear, large (7-3/4"" to 9"" long)",143.0
168538,1.0,,cup kernels,154.0
168538,1.0,,"ear, small (5-1/2"" to 6-1/2"" long)",73.0
168538,1.0,,"ear, medium (6-3/4"" to 7-1/2"" long)",90.0
168539,1.0,,"ear, large (7-3/4"" to 9"" long)",116.0
168539,1.0,,cup cut,157.0
168539,1.0,,"ear, yields",77.0
168539,1.0,,"ear, small (5-1/2"" to 6-1/2"" long)",89.0
168539,1.0,,"ear, medium (6-3/4"" to 7-1/2"" long)",103.0
168540,1.0,,"ear, large (7-3/4"" to 9"" long)",118.0
168540,1.0,,cup cut,157.0
168540,1.0,,"ear, small (5-1/2"" to 6-1/2"" long)",89.0
168540,1.0,,"ear, medium (6-3/4"" to 7-1/2"" long)",103.0
168540,1.0,,"ear, yields",77.0
168541,1.0,,cup,256.0
168541,1.0,,can (303 x 406),482.0
168542,1.0,,cup,210.0
168542,1.0,,can (303 x 406),340.0
168543,1.0,,cup,210.0
168543,1.0,,can (303 x 406),340.0
168544,1.0,,cup,165.0
168544,1.0,,package (10 oz),284.0
168545,1.0,,package (10 oz) yields,284.0
168545,1.0,,cup,165.0
168546,1.0,,"cup, halves",140.0
168546,0.5,,"cup, halves",70.0
168547,0.33,,package (10 oz),95.0
168547,1.0,,package (10 oz),284.0
168548,1.0,,"cup, chopped or strips",135.0
168548,1.0,,"tablespoon, chopped",11.6
168549,1.0,,"cup, chopped or strips",135.0
168549,1.0,,"tablespoon, chopped",11.6
168550,1.0,,cup chopped,106.0
168552,1.0,,"cup, cubes",145.0
168553,1.0,,"frond (6-1/2"" long)",31.0
168553,0.5,,"cup, chopped or diced",71.0
168554,1.0,,cup,210.0
168555,1.0,,cup,210.0
168556,1.0,,packet,9.0
168556,1.0,,tbsp,17.0
168556,1.0,,cup,240.0
168557,1.0,,cup sliced,72.0
168557,1.0,,piece whole,20.0
168557,1.0,,cup whole,87.0
168558,1.0,,cup (about 23 slices),155.0
168558,1.0,,"large (4"" long)",135.0
168558,1.0,,slice,7.0
168558,1.0,,"cup, chopped or diced",143.0
168558,1.0,,"spear, small",35.0
168559,1.0,,slice,1.0
168559,1.0,,cup,192.0
168559,1.0,,tbsp,12.0
168559,1.0,,"pimiento, whole",66.0
168560,1.0,,tbsp,15.0
168560,0.5,,cup,122.0
168561,1.0,,tbsp,15.0
168561,1.0,,packet (2/3 tbsp),10.0
168561,1.0,,cup,245.0
168562,1.0,,"cup, chopped or diced",143.0
168562,1.0,,"medium (3-3/4"" long)",65.0
168562,1.0,,small,37.0
168562,1.0,,"large (4"" long)",135.0
168562,1.0,,cup (about 23 slices),155.0
168562,1.0,,slice,6.0
168562,1.0,,spear,30.0
168563,1.0,,slice,7.0
168563,1.0,,"cup, chopped or diced",143.0
168563,1.0,,"large (4"" long)",135.0
168563,1.0,,"spear, small",35.0
168563,1.0,,"cup, (about 23 slices)",155.0
168564,1.0,,"cup, shredded",40.0
168564,1.0,,leaf,8.0
168565,1.0,,large,16.0
168565,1.0,,medium,11.0
168566,1.0,,medium,34.0
168566,0.5,,"cup, chopped or diced",66.0
168567,1.0,,piece,2.0
168567,1.0,,cup,54.0
168568,1.0,,NLEA serving,85.0
168568,1.0,,medium,10.0
168568,1.0,,large,15.0
168569,1.0,,piece,33.0
168569,1.0,,cup,146.0
168570,1.0,,cup,37.0
168570,1.0,,pepper,0.5
168571,1.0,,"cup, sliced",86.0
168572,1.0,,cup,109.0
168573,1.0,,cup,67.0
168573,1.0,,tbsp,4.8
168574,1.0,,pod,6.1
168574,1.0,,cup,126.0
168575,1.0,,cup,14.0
168575,1.0,,leaf,3.0
168576,1.0,,pepper,14.0
168576,1.0,,"cup, sliced",90.0
168577,1.0,,cup,139.0
168578,1.0,,pepper,27.0
168579,1.0,,pepper,7.0
168580,1.0,,small,15.0
168580,1.0,,large,148.0
168580,1.0,,cup sliced,86.0
168581,1.0,,piece,4.5
168581,1.0,,cup,28.0
168582,1.0,,piece,5.5
168582,1.0,,cup,182.0
168583,1.0,,"cup, sliced",130.0
168583,1.0,,root,169.0
168585,1.0,,oz,28.35
168586,1.0,,"cup, shredded",93.0
168586,1.0,,package (7 oz),199.0
168587,1.0,,oz,28.35
168587,1.0,,cup,74.0
168588,1.0,,tbsp,16.0
168588,1.0,,cup,250.0
168589,1.0,,oz,28.35
168590,1.0,,oz,28.35
168591,1.0,,oz,28.35
168592,1.0,,cup whole kernels,144.0
168592,1.0,,oz,28.35
168593,1.0,,cup,135.0
168593,1.0,,oz,28.35
168594,1.0,,oz,28.35
168594,1.0,,cup,134.0
168595,1.0,,oz,28.35
168595,1.0,,tbsp,16.0
168596,1.0,,oz (22 whole kernels),28.35
168596,1.0,,cup whole kernels,138.0
168597,1.0,,oz,28.35
168597,1.0,,tbsp,16.0
168598,1.0,,"cup, whole or halves",132.0
168598,1.0,,oz (10-12 kernels),28.35
168599,1.0,,cup,137.0
168599,1.0,,oz,28.35
168600,1.0,,oz,28.35
168600,10.0,,"nuts, assorted",14.0
168600,1.0,,cup,134.0
168601,1.0,,oz (85 seeds),28.35
168601,1.0,,cup,64.0
168602,1.0,,cup whole kernels,157.0
168602,1.0,,oz (22 whole kernels),28.35
168603,1.0,,tbsp,16.0
168603,1.0,,cup,250.0
168604,1.0,,tbsp,15.0
168605,1.0,,oz,28.35
168605,4.0,,oz,113.0
168606,1.0,,oz,28.35
168606,3.0,,oz,85.0
168607,1.0,,lb,453.6
168607,4.0,,oz,113.0
168608,1.0,,serving,85.0
168608,4.0,,oz,113.0
168609,1.0,,steak,202.0
168609,4.0,,oz,113.0
168610,3.0,,oz,85.0
168610,1.0,,"piece, cooked, excluding refuse (yield from 1 lb raw meat with refuse)",246.0
168611,1.0,,steak,387.0
168611,3.0,,oz,85.0
168612,1.0,,oz,28.35
168612,1.0,,lb,453.6
168613,3.0,,oz,85.0
168613,1.0,,"piece, cooked, excluding refuse (yield from 1 lb raw meat with refuse)",225.0
168614,1.0,,lb,453.6
168614,4.0,,oz,113.0
168615,1.0,,"piece, cooked, excluding refuse (yield from 1 lb raw meat with refuse)",121.0
168615,3.0,,oz,85.0
168616,1.0,,"piece, cooked, excluding refuse (yield from 1 lb raw meat with refuse)",285.0
168616,3.0,,oz,85.0
168617,1.0,,"piece, cooked, excluding refuse (yield from 1 lb raw meat with refuse)",282.0
168617,3.0,,oz,85.0
168618,3.0,,oz,85.0
168618,1.0,,steak,417.0
168619,4.0,,oz,113.0
168619,1.0,,steak,461.0
168620,1.0,,steak,360.0
168620,3.0,,oz,85.0
168621,4.0,,oz,113.0
168622,1.0,,oz,28.35
168622,4.0,,oz,113.0
168623,3.0,,oz,85.0
168623,1.0,,"piece, cooked, excluding refuse (yield from 1 lb raw meat with refuse)",351.0
168624,3.0,,oz,85.0
168624,1.0,,"piece, cooked, excluding refuse",391.0
168625,1.0,,oz,28.35
168625,4.0,,oz,113.0
168626,3.0,,oz,85.0
168626,1.0,,slice,68.0
168627,3.0,,oz,85.0
168627,1.0,,slice,81.0
168628,1.0,,oz,28.35
168628,4.0,,oz,113.0
168629,3.0,,oz,85.0
168629,1.0,,"piece, cooked, excluding refuse (yield from 1 lb raw meat with refuse)",303.0
168630,1.0,,oz,28.35
168630,8.0,,oz,227.0
168631,1.0,,steak (yield from 186 g raw meat),150.0
168631,3.0,,oz,85.0
168632,3.0,,oz,85.0
168632,1.0,,"steak, excluding refuse (yield from 1 raw steak, with refuse, weighing 223 g)",150.0
168633,1.0,,steak (yield from 505 g raw meat),375.0
168633,3.0,,oz,85.0
168634,3.0,,oz,85.0
168634,1.0,,"piece, cooked, excluding refuse (yield from 1 lb raw meat with refuse)",292.0
168635,1.0,,steak (yield from 532 g raw meat),393.0
168635,3.0,,oz,85.0
168636,1.0,,steak (yield from 505 g raw meat),375.0
168636,3.0,,oz,85.0
168637,1.0,,steak,421.0
168637,3.0,,oz,85.0
168638,1.0,,lb,453.6
168638,3.0,,oz,85.0
168639,3.0,,oz,85.0
168639,1.0,,serving,85.0
168639,1.0,,"piece, cooked, excluding refuse",266.0
168640,4.0,,oz,113.0
168640,1.0,,steak,526.0
168641,1.0,,steak,426.0
168641,3.0,,oz,85.0
168642,4.0,,oz,113.0
168642,1.0,,steak,460.0
168643,1.0,,steak,363.0
168643,3.0,,oz,85.0
168644,1.0,,serving,85.0
168644,3.0,,oz,85.0
168644,1.0,,"piece, cooked, excluding refuse",271.0
168645,4.0,,oz,113.0
168645,1.0,,steak,458.0
168646,1.0,,roast,1392.0
168646,4.0,,oz,113.0
168647,1.0,,roast,1187.0
168647,4.0,,oz,113.0
168648,3.0,,oz,85.0
168648,1.0,,steak,231.0
168649,1.0,,steak,277.0
168649,3.0,,oz,85.0
168650,3.0,,oz,85.0
168650,1.0,,patty,77.0
168651,3.0,,oz,85.0
168651,1.0,,patty,70.0
168652,4.0,,oz,113.0
168652,1.0,,oz,28.35
168653,4.0,,oz,113.0
168653,1.0,,steak,458.0
168654,3.0,,oz,85.0
168654,1.0,,steak,186.0
168655,1.0,,steak,1446.0
168655,4.0,,oz,113.0
168656,4.0,,oz,113.0
168656,1.0,,piece,1855.0
168657,1.0,,piece,1780.0
168657,4.0,,oz,113.0
168658,4.0,,oz,113.0
168658,1.0,,piece,1967.0
168659,3.0,,oz,85.0
168659,1.0,,steak,177.0
168660,4.0,,oz,113.0
168660,1.0,,roast,723.0
168661,1.0,,roast,698.0
168661,4.0,,oz,113.0
168662,1.0,,roast,761.0
168662,4.0,,oz,113.0
168663,3.0,,oz,85.0
168664,4.0,,oz,113.0
168664,1.0,,lb,453.6
168665,3.0,,oz,85.0
168665,1.0,,"piece, cooked, excluding refuse (yield from 1 lb raw meat with refuse)",329.0
168666,1.0,,steak,452.0
168666,3.0,,oz,85.0
168667,3.0,,oz,85.0
168667,1.0,,"piece, cooked, excluding refuse (yield from 1 lb raw meat with refuse)",258.0
168668,4.0,,oz,113.0
168668,1.0,,roast,1801.0
168668,1.0,,lb,453.6
168669,3.0,,oz,85.0
168669,1.0,,"piece, cooked, excluding refuse (yield from 1 lb raw meat with refuse)",258.0
168670,4.0,,oz,113.0
168670,1.0,,roast,1783.0
168670,1.0,,lb,453.6
168671,1.0,,"piece, cooked, excluding refuse (yield from 1 lb raw meat with refuse)",247.0
168671,3.0,,oz,85.0
168672,4.0,,oz,113.0
168672,1.0,,lb,453.6
168673,1.0,,"piece, cooked, excluding refuse (yield from 1 lb raw meat with refuse)",247.0
168673,3.0,,oz,85.0
168674,1.0,,roast,609.0
168674,3.0,,oz,85.0
168675,1.0,,oz,28.35
168675,1.0,,lb,453.6
168676,3.0,,oz,85.0
168676,1.0,,"piece, cooked, excluding refuse (yield from 1 lb raw meat with refuse)",267.0
168677,1.0,,"piece, cooked, excluding refuse (yield from 1 lb raw meat with refuse)",289.0
168677,3.0,,oz,85.0
168678,1.0,,oz,28.35
168678,1.0,,lb,453.6
168679,3.0,,oz,85.0
168679,1.0,,"piece, cooked, excluding refuse (yield from 1 lb raw meat with refuse)",278.0
168680,1.0,,lb,453.6
168680,1.0,,oz,28.35
168681,3.0,,oz,85.0
168681,1.0,,"piece, cooked, excluding refuse (yield from 1 lb raw meat with refuse)",267.0
168682,3.0,,oz,85.0
168682,1.0,,"piece, cooked, excluding refuse (yield from 1 lb raw meat with refuse)",292.0
168683,3.0,,oz,85.0
168683,1.0,,"piece, cooked, excluding refuse (yield from 1 lb raw meat with refuse)",267.0
168684,1.0,,"piece, cooked, excluding refuse (yield from 1 lb raw meat with refuse)",292.0
168684,3.0,,oz,85.0
168685,4.0,,oz,113.0
168685,1.0,,lb,453.6
168686,3.0,,oz,85.0
168686,1.0,,"piece, cooked, excluding refuse (yield from 1 lb raw meat with refuse)",278.0
168687,3.0,,oz,85.0
168687,1.0,,"piece, cooked, excluding refuse (yield from 1 lb raw meat with refuse)",281.0
168688,3.0,,oz,85.0
168688,1.0,,steak (yield from 320 g raw meat),256.0
168689,1.0,,"piece, cooked, excluding refuse (yield from 1 lb raw meat with refuse)",278.0
168689,3.0,,oz,85.0
168690,1.0,,steak,335.0
168690,4.0,,oz,113.0
168691,3.0,,oz,85.0
168691,1.0,,steak (yield from 1 raw steak weighing 321g),245.0
168692,1.0,,steak,199.0
168692,3.0,,oz,85.0
168693,4.0,,oz,113.0
168693,1.0,,steak,239.0
168694,4.0,,oz,113.0
168694,1.0,,lb,453.6
168695,1.0,,"piece, cooked, excluding refuse (yield from 1 lb raw meat with refuse)",313.0
168695,3.0,,oz,85.0
168696,1.0,,roast (yield from 1 raw roast weighing 776g),632.0
168696,1.0,,"piece, cooked, excluding refuse (yield from 1 lb raw meat with refuse)",338.0
168696,3.0,,oz,85.0
168697,4.0,,oz,113.0
168697,1.0,,lb,453.6
168698,1.0,,steak (yield from 341 g raw meat),227.0
168698,3.0,,oz,85.0
168699,1.0,,"piece, cooked, excluding refuse (yield from 1 lb raw meat with refuse)",338.0
168699,1.0,,roast (yield from raw roast weighing 766g),627.0
168699,3.0,,oz,85.0
168700,1.0,,steak,312.0
168700,4.0,,oz,113.0
168701,4.0,,oz,113.0
168701,1.0,,lb,453.6
168702,3.0,,oz,85.0
168702,1.0,,"piece, cooked, excluding refuse (yield from 1 lb raw meat with refuse)",333.0
168703,1.0,,lb,453.6
168703,4.0,,oz,113.0
168704,1.0,,roast (yield from 530 g raw meat),417.0
168704,3.0,,oz,85.0
168705,4.0,,oz,113.0
168705,1.0,,lb,453.6
168706,3.0,,oz,85.0
168706,1.0,,"piece, cooked, excluding refuse (yield from 1 lb raw meat with refuse)",327.0
168707,1.0,,steak,231.0
168707,4.0,,oz,113.0
168708,3.0,,oz,85.0
168708,1.0,,"piece cooked, excluding refuse (yield from 1 lb raw meat with refuse)",283.0
168709,1.0,,"piece, cooked, excluding refuse (yield from 1 lb raw meat with refuse)",289.0
168709,3.0,,oz,85.0
168710,3.0,,oz,85.0
168710,1.0,,steak (yield from raw steak weighing 492 g),347.0
168710,1.0,,"piece, cooked, excluding refuse (yield from 1 lb raw meat with refuse)",326.0
168711,1.0,,"piece, cooked, excluding refuse (yield from 1 lb raw meat with refuse)",283.0
168711,3.0,,oz,85.0
168712,1.0,,lb,453.6
168712,4.0,,oz,113.0
168713,1.0,,"piece, cooked, excluding refuse (yield from 1 lb raw meat with refuse)",286.0
168713,3.0,,oz,85.0
168714,4.0,,oz,113.0
168714,1.0,,piece,1855.0
168715,1.0,,steak,539.0
168715,4.0,,oz,113.0
168716,1.0,,steak,417.0
168716,3.0,,oz,85.0
168717,4.0,,oz,113.0
168717,1.0,,steak,461.0
168718,3.0,,oz,85.0
168718,1.0,,steak (yield from 270 g raw meat),221.0
168719,4.0,,oz,113.0
168720,3.0,,oz,85.0
168721,4.0,,oz,113.0
168721,1.0,,"steak, excluding refuse (yield from 1 raw steak, with refuse, weighing 242 g)",227.0
168722,3.0,,oz,85.0
168722,1.0,,steak (yield from 181 g raw meat),140.0
168723,1.0,,"piece, cooked, excluding refuse (yield from 1 lb raw meat with refuse)",329.0
168723,3.0,,oz,85.0
168724,4.0,,oz,113.0
168724,1.0,,steak (yield from 1 raw steak weighing149g),149.0
168724,1.0,,lb,453.6
168725,1.0,,"steak, excluding refuse (yield from 1 raw steak, with refuse, weighing 154 g)",104.0
168725,1.0,,steak (yield from 1 raw steak weighing 151g),119.0
168725,3.0,,oz,85.0
168726,1.0,,steak,608.0
168726,4.0,,oz,113.0
168727,1.0,,"piece, cooked, excluding refuse (yield from 1 lb raw meat with refuse)",306.0
168727,3.0,,oz,85.0
168728,1.0,,lb,453.6
168728,4.0,,oz,113.0
168729,1.0,,"piece, cooked, excluding refuse (yield from 1 lb raw meat with refuse)",306.0
168729,3.0,,oz,85.0
168730,3.0,,oz,85.0
168731,3.0,,oz ( 1 serving ),85.0
168732,3.0,,oz,85.0
168733,1.0,,steak (yield from 475 g raw meat),383.0
168733,3.0,,oz,85.0
168734,1.0,,roast,261.0
168734,4.0,,oz,113.0
168735,1.0,,roast (yield from 714 g raw meat),591.0
168735,3.0,,oz,85.0
168736,4.0,,oz,113.0
168736,1.0,,roast,271.0
168737,1.0,,roast (yield from 666 g raw meat),547.0
168737,3.0,,oz,85.0
168738,3.0,,oz,85.0
168739,3.0,,oz,85.0
168740,3.0,,oz,85.0
168740,1.0,,steak (yield from 396 g raw meat),284.0
168741,1.0,,steak (yield from 368 g meat),269.0
168741,3.0,,oz,85.0
168742,1.0,,roast,1327.0
168742,4.0,,oz,113.0
168743,1.0,,piece,1780.0
168743,4.0,,oz,113.0
168744,3.0,,oz,85.0
168745,3.0,,oz,85.0
168746,1.0,,can,356.0
168746,1.0,,fl oz,29.7
168747,12.0,,fl oz,357.0
168747,1.0,,fl oz,29.8
168748,1.0,,fl oz,29.5
168748,12.0,,fl oz,355.0
168749,1.0,,can or bottle (12 fl oz),354.0
168749,1.0,,fl oz,29.5
168750,1.0,,"can (6.8 fl oz, 200 ml)",222.0
168750,1.0,,fl oz,32.6
168751,1.0,,cup,240.0
168751,8.0,,fl oz,240.0
168752,1.0,,fl oz,31.4
168752,1.0,,cocktail (4.5 fl oz),141.0
168753,1.0,,"can (6.8 fl oz, 200 ml)",211.0
168753,1.0,,fl oz,31.1
168754,1.0,,bar (1.45 oz),41.0
168754,1.0,,bar (1.55 oz),44.0
168755,1.0,,bar (1.4 oz),40.0
168755,1.0,,bar (1.45 oz),45.0
168755,1.0,,bar (1.55 oz),44.0
168755,1.0,,"bar, miniature",10.0
168755,1.0,,bar (1.65 oz),47.0
168756,1.0,,piece miniature 5 pieces = serving,8.2
168756,1.0,,serving 2.05 oz bar,58.0
168756,1.0,,bar fun size,17.0
168756,1.0,,bar king size,103.0
168757,1.0,,bar 1.4 oz,39.0
168758,1.0,,serving,40.0
168758,2.0,,tbsp,42.0
168758,1.0,,cup,340.0
168759,1.0,,package 1.9 oz,53.0
168759,1.0,,bar snack size,19.0
168760,1.0,,bar (1.75 oz),49.0
168760,1.0,,bar (2.6 oz),73.0
168761,1.0,,bar (1.5 oz),43.0
168761,1.0,,"bar, miniature",21.0
168761,1.0,,serving 1.5 oz bar,43.0
168762,2.0,,tbsp,24.0
168762,1.0,,serving 4 fun size bars,41.0
168762,1.0,,bar 0.5 oz,14.2
168762,1.0,,bar 1.55 oz,44.0
168763,1.0,,miniature,7.0
168763,1.0,,package 0.6 oz 1 cup,17.0
168763,1.0,,package 1.6 oz 2 cups,45.0
168764,1.0,,package (1.6 oz),46.0
168764,10.0,,pieces,8.0
168764,0.25,,cup,47.0
168764,1.0,,package 1.63 oz,46.0
168765,1.0,,package 1 package,48.0
168765,7.0,,pieces,42.0
168766,1.0,,piece,8.4
168766,1.0,,serving 5 mints,42.0
168767,1.0,,serving 2 fun size bars,28.0
168767,1.0,,serving 2.13 oz bar,60.0
168768,1.0,,package (2 oz),57.0
168768,1.0,,"package (2.06 oz, 2 bars)",58.0
168768,1.0,,package (11 oz),312.0
168768,1.0,,"package, king size (3.35 oz, 4 bars)",95.0
168769,1.0,,"package (1.89 oz, 2 bars)",54.0
168769,1.0,,package (9.43 oz),267.0
168769,1.0,,package (1.77 oz),50.0
168769,1.0,,"package (2.06 oz, 2 bars)",58.0
168770,1.0,,bar 1.7 oz,48.0
168771,10.0,,Chiclets,16.0
168771,1.0,,block,8.0
168771,1.0,,stick,3.0
168772,1.0,,package (3 oz),85.0
168772,1.0,,"portion, amount to make 1/2 cup",21.0
168773,0.5,,cup,141.0
168774,1.0,,tbsp,5.0
168775,1.0,,"portion, amount to make 1/2 cup",21.0
168775,1.0,,package (3 oz),85.0
168776,15.0,,pieces,39.0
168777,0.5,,cup,202.0
168777,1.0,,recipe yield,808.0
168778,1.0,,"container refrigerated, 4 oz",108.0
168778,1.0,,"container shelf stable, 3.5 oz",98.0
168778,1.0,,oz,28.35
168779,1.0,,"portion, amount to make 1/2 cup",25.0
168779,1.0,,package (3.5 oz),99.0
168780,0.5,,cup,128.0
168781,1.0,,package yield (2 cups),587.0
168781,0.5,,cup,147.0
168782,1.0,,cup,172.0
168782,0.5,,cup,92.0
168782,1.0,,oz,28.35
168782,1.0,,serving 4 oz pudding cup,113.0
168782,1.0,,can (5 oz),142.0
168783,1.0,,"portion, amount to make 1/2 cup",27.0
168783,1.0,,package,106.0
168784,1.0,,package (3.5 oz),99.0
168784,1.0,,"portion, amount to make 1/2 cup",25.0
168785,0.5,,cup,142.0
168785,1.0,,package yield (2 cups),569.0
168786,1.0,,serving,8.0
168786,1.0,,package,32.0
168787,0.5,,cup,141.0
168788,0.5,,cup,128.0
168789,0.0,,cup,142.0
168790,0.0,,cup,142.0
168791,1.0,,piece,39.0
168791,1.0,,recipe yield,907.0
168792,1.0,,tbsp,10.8
168792,1.0,,package (1.5 oz),43.0
168794,1.0,,package (0.35 oz),9.9
168795,2.0,,tbsp creamy,41.0
168796,0.0,,cup,141.0
168797,1.0,,serving 3.5 oz shelf stable,99.0
168798,1.0,,container refrigerated 4 oz,112.0
168799,1.0,,serving 4 oz,113.0
168800,2.0,,tablespoon,33.0
168801,15.0,,pieces,39.0
168802,1.0,,package,411.0
168802,0.08,,package,34.0
168803,0.08,,package,17.0
168803,1.0,,package,207.0
168804,1.0,,serving 5 pieces,40.0
168804,1.0,,serving 1.30 oz bar,37.0
168805,1.0,,serving 7 pieces,42.0
168805,1.0,,serving 1.3 oz bar,37.0
168806,1.0,,serving 5 pieces,44.0
168807,1.0,,serving 5 pieces,44.0
168808,2.0,,rolls,28.0
168809,1.0,,individual (3.5 fl oz),58.0
168809,0.5,,cup (4 fl oz),66.0
168810,1.0,,individual (3.5 fl oz),58.0
168810,0.5,,cup (4 fl oz),66.0
168811,1.0,,pouch,26.0
168812,0.5,,cup,116.0
168812,1.0,,fl oz,29.0
168813,1.0,,serving 1.75 fl oz pop,52.0
168814,1.0,,serving 1.6 oz bag,47.0
168815,0.5,,cup,72.0
168816,1.0,,cup,282.0
168816,1.0,,serving,17.0
168816,1.0,,tbsp,17.0
168817,1.0,,oz,28.35
168818,1.0,,serving 1.76 oz bar,50.0
168819,1.0,,cup,320.0
168819,1.0,,tbsp,20.0
168819,1.0,,serving,20.0
168819,1.0,,package (0.5 oz),14.0
168820,1.0,,serving 1 tbsp,20.0
168820,1.0,,cup,337.0
168821,1.0,,package (1.75 oz),50.0
168822,1.0,,can (21 oz),595.0
168822,1.0,,serving,85.0
168822,0.12,,can,74.0
168823,1.0,,serving 2.07 oz pack,59.0
168823,1.0,,serving fun size (8 chews),40.0
168823,1.0,,piece,5.0
168824,1.0,,can (21 oz),595.0
168824,0.12,,can,74.0
168825,0.5,,cup,127.0
168826,1.0,,package (3.5 oz),99.0
168826,1.0,,"portion, amount to make 1/2 cup",25.0
168827,0.5,,cup,147.0
168827,1.0,,package yield (2 cups),587.0
168828,1.0,,"portion, amount to make 1/2 cup",25.0
168828,1.0,,package (3.12 oz),88.0
168829,1.0,,package yield (2 cups),559.0
168829,0.5,,cup,140.0
168830,0.5,,cup,147.0
168830,1.0,,package yield (2 cups),587.0
168831,1.0,,package (3 oz),85.0
168831,1.0,,"portion, amount to make 1/2 cup",21.0
168832,0.5,,cup,127.0
168833,1.0,,cup packed,220.0
168833,1.0,,tsp packed,4.6
168833,1.0,,cup unpacked,145.0
168833,1.0,,tsp unpacked,3.0
168833,1.0,,tsp brownulated,3.2
168834,2.0,,tbsp,35.0
168835,2.0,,tbsp,38.0
168835,1.0,,cup,304.0
168836,1.0,,cup,328.0
168836,1.0,,tbsp,20.0
168837,1.0,,tbsp,22.0
168837,1.0,,cup,341.0
168838,1.0,,cup,315.0
168838,1.0,,tbsp,20.0
168838,1.0,,serving 1/4 cup,83.0
168839,1.0,,cup,316.0
168839,1.0,,tbsp,20.0
168840,1.0,,serving fun size bag,20.0
168840,1.0,,serving 2.1 oz bag,62.0
168841,2.0,,tbsp,41.0
168842,1.0,,serving 1.80 oz bag,51.0
168843,1.0,,serving 2.17 oz pack,62.0
168843,1.0,,package fun size,20.0
168843,1.0,,cup,205.0
168843,10.0,,pieces,10.7
168844,2.0,,tablespoon,33.0
168845,2.0,,tablespoon,33.0
168846,1.0,,piece,11.0
168847,0.5,,cup (4 fl oz),99.0
168848,0.5,,cup (4 fl oz),72.0
168849,1.0,,oz,28.35
168849,1.5,,oz,42.0
168849,3.0,,oz,85.0
168850,1.0,,oz,28.35
168850,1.0,,stick,20.0
168851,0.5,,oz,14.2
168851,1.0,,oz,28.35
168852,2.0,,tablespoon,33.0
168853,16.0,,chips,26.0
168853,1.0,,oz,28.35
168853,1.0,,oz,28.0
168853,1.0,,can (7 oz),198.0
168854,1.0,,oz,28.35
168854,0.5,,cup,18.0
168855,1.0,,cake,9.0
168855,2.0,,cakes,18.0
168856,1.0,,oz,28.35
168856,2.0,,oz,57.0
168857,2.0,,cakes,18.0
168857,1.0,,cake,9.0
168858,1.0,,oz,28.35
168858,1.0,,bag (6 oz),170.0
168859,1.0,,oz,28.35
168860,1.0,,oz,28.35
168862,1.0,,bar,38.0
168862,1.0,,bar,37.0
168862,1.0,,bar,37.0
168863,1.0,,oz,28.35
168864,1.0,,oz,28.35
168865,1.0,,oz,28.35
168865,10.0,,chips,23.0
168866,1.0,,"portion, amount to make 1/2 cup",25.0
168866,1.0,,package (3.5 oz),99.0
168867,1.0,,cup,157.0
168868,1.0,,cup,122.0
168869,1.0,,cup,170.0
168870,1.0,,cup,138.0
168871,1.0,,cup,174.0
168872,1.0,,cup,94.0
168873,1.0,,cup,219.0
168874,1.0,,cup,170.0
168875,1.0,,cup,195.0
168876,0.25,,cup,48.0
168877,1.0,,cup,185.0
168878,1.0,,cup,158.0
168879,1.0,,cup,195.0
168880,1.0,,cup,186.0
168881,1.0,,cup,200.0
168882,1.0,,cup,186.0
168883,1.0,,cup,185.0
168884,1.0,,cup,169.0
168885,1.0,,cup,128.0
168886,1.0,,cup,102.0
168887,1.0,,cup,102.0
168888,1.0,,cup,130.0
168889,1.0,,cup,192.0
168890,1.0,,cup,192.0
168891,1.0,,cup,168.0
168892,1.0,,cup,115.0
168893,1.0,,cup,120.0
168894,1.0,,cup,125.0
168895,1.0,,cup,125.0
168896,1.0,,cup,137.0
168897,1.0,,cup,164.0
168898,1.0,,cup,158.0
168899,1.0,,cup,105.0
168899,2.0,,oz,57.0
168900,1.0,,cup,140.0
168901,2.0,,oz,57.0
168902,2.0,,oz,57.0
168903,1.0,,cup spiral shaped,84.0
168903,2.0,,oz,57.0
168904,1.0,,cup spiral shaped,134.0
168905,0.5,,cup dry,28.0
168905,1.5,,oz,43.0
168906,2.0,,oz,57.0
168907,1.0,,cup,114.0
168908,2.0,,oz,57.0
168909,1.0,,cup,176.0
168910,1.0,,cup farfalle,107.0
168910,1.0,,cup spaghetti not packed,117.0
168910,1.0,,cup penne,97.0
168910,1.0,,cup spaghetti packed,151.0
168910,1.0,,cup elbows,117.0
168910,1.0,,cup lasagne,116.0
168910,1.0,,cup shells,105.0
168910,1.0,,cup rotini,107.0
168911,2.0,,oz,57.0
168912,1.0,,cup,140.0
168913,1.0,,"cup unsifted, dipped",137.0
168914,1.0,,cup,176.0
168915,1.0,,cup shells,64.0
168915,1.0,,cup lasagne,90.0
168915,1.0,,cup elbows,122.0
168915,1.0,,cup penne,95.0
168915,1.0,,cup farfalle,81.0
168915,1.0,,cup rotini,96.0
168915,1.0,,cup spaghetti,91.0
168916,1.0,,cup farfalle,107.0
168916,1.0,,cup rotini,107.0
168916,1.0,,cup elbows not packed,117.0
168916,1.0,,cup spaghetti packed,151.0
168916,1.0,,cup shells,105.0
168916,1.0,,cup penne,97.0
168916,1.0,,cup lasagne,116.0
168916,1.0,,cup spaghetti not packed,116.0
168917,1.0,,cup,185.0
168918,1.0,,cup,252.0
168919,1.0,,cup,160.0
168920,1.0,,cup,166.0
168921,1.0,,tbsp,6.9
168922,1.0,,cup,157.0
168923,1.0,,cup,122.0
168924,1.0,,cup,170.0
168925,1.0,,cup,138.0
168926,1.0,,cup,160.0
168927,1.0,,cup rotini,96.0
168927,2.0,,oz,57.0
168927,1.0,,cup lasagna,90.0
168927,1.0,,cup farfalle,81.0
168927,1.0,,cup shells,64.0
168927,1.0,,cup elbows,122.0
168927,1.0,,cup spaghetti,91.0
168927,1.0,,cup penne,95.0
168928,1.0,,cup penne,107.0
168928,1.0,,cup farfalle,107.0
168928,1.0,,cup elbows packed,132.0
168928,1.0,,cup spaghetti packed,151.0
168928,1.0,,cup shells,105.0
168928,1.0,,cup rotini,107.0
168928,1.0,,cup elbows not packed,120.0
168928,1.0,,cup lasagne,116.0
168928,1.0,,cup spaghetti not packed,124.0
168929,1.0,,cup,157.0
168930,1.0,,cup,186.0
168931,1.0,,cup,200.0
168932,1.0,,cup,205.0
168933,1.0,,cup,167.0
168934,1.0,,cup,140.0
168935,1.0,,cup,158.0
168936,1.0,,cup,125.0
168937,2.0,,oz,57.0
168943,1.0,,cup,121.0
168945,3.0,,oz,85.0
168946,3.0,,oz,85.0
168947,3.0,,oz,85.0
168948,3.0,,oz,85.0
168949,1.0,,tbsp,9.0
168949,0.33,,cup,61.0
168950,1.0,,cup,247.0
168951,0.33,,cup,68.0
168951,1.0,,tbsp,9.6
168952,1.0,,cup,238.0
168953,1.0,,package,123.0
168953,1.0,,packet,51.0
168954,1.0,,packet,44.0
168954,1.0,,package,122.0
168955,1.0,,packet,79.0
168955,1.0,,package,141.0
168956,1.0,,serving (2 oz),57.0
168957,1.0,,serving 6 rolls,80.0
168958,1.0,,packet,42.0
168958,1.0,,package,117.0
168959,0.5,,cup,70.0
168959,0.33,,cup,56.0
168959,1.0,,tbsp,8.8
168960,1.0,,cup 1 serving,237.0
168961,1.0,,thigh with bone and breading,133.0
168962,1.0,,piece turnover 1 serving,127.0
168963,1.0,,piece turnover 1 serving,127.0
168964,1.0,,cup,191.0
168965,1.0,,patty,63.0
168966,1.0,,scoop,8.7
168967,1.0,,scoop,8.7
168968,1.0,,fl oz,31.4
168969,1.0,,fl oz,31.4
168970,1.0,,scoop,9.0
168971,1.0,,scoop,9.6
168972,1.0,,scoop,9.4
168973,1.0,,scoop,9.4
168974,5.0,,fl oz,152.0
168974,1.0,,fl oz,30.4
168975,4.0,,tbsp,18.0
168982,1.0,,cup,157.0
168994,1.0,,shoot,19.0
168995,1.0,,leaf,0.9
168996,1.0,,bulb,14.0
168997,1.0,,cup,130.0
168998,1.0,,cup,127.0
168999,1.0,,cup,154.0
169004,1.0,,piece,19.0
169004,1.0,,piece,28.0
169005,1.0,,oz,28.35
169006,8.0,,oz,227.0
169007,4.0,,oz,113.0
169008,1.0,,serving,206.0
169009,1.0,,serving,164.0
169010,1.0,,cup,124.0
169010,1.0,,serving,180.0
169011,1.0,,serving,289.0
169011,1.0,,piece,32.0
169012,1.0,,piece,35.0
169012,1.0,,serving (3 pieces),99.0
169013,1.0,,piece,41.0
169013,1.0,,serving,141.0
169014,1.0,,serving,176.0
169015,1.0,,piece,31.0
169015,1.0,,serving,245.0
169016,1.0,,serving,166.0
169017,1.0,,serving,250.0
169018,1.0,,cup,136.0
169018,1.0,,serving,182.0
169019,1.0,,serving,225.0
169020,1.0,,serving,76.0
169021,1.0,,serving,261.0
169022,1.0,,serving,194.0
169023,1.0,,serving,91.0
169024,1.0,,serving,201.0
169025,1.0,,cup,94.0
169025,1.0,,serving,124.0
169026,1.0,,serving,108.0
169027,1.0,,serving,259.0
169028,1.0,,serving,182.0
169028,1.0,,cup,136.0
169029,1.0,,serving,565.0
169029,1.0,,cup,134.0
169030,1.0,,serving,437.0
169031,1.0,,cup,114.0
169032,1.0,,cup,135.0
169033,1.0,,serving,510.0
169034,1.0,,serving 1 quesadilla,203.0
169035,1.0,,quesadilla 8-10 inch diameter,194.0
169035,3.0,,quesadilla 5-6 inch diameter,279.0
169035,1.0,,serving serving size varied on diameter and count of quesadila,205.0
169036,1.0,,serving varied from 8 to 10 ravioli per serving,365.0
169037,1.0,,serving varied from 7-9 ravioli per serving,454.0
169038,1.0,,serving serving size varied by diameter and count of raviloi,427.0
169039,0.75,,cup (1 NLEA serving),30.0
169040,1.0,,cup,57.0
169040,2.0,,biscuits (1 NLEA serving),35.0
169041,0.75,,cup (1 NLEA serving),55.0
169042,1.0,,bottle NFS,246.0
169042,1.0,,fl oz,30.8
169043,1.0,,bottle NFS,246.0
169043,1.0,,fl oz,30.8
169044,1.0,,drink box (8.45 fl oz),263.0
169044,1.0,,cup,249.0
169044,1.0,,fl oz,31.1
169045,1.0,,oz,28.35
169046,10.0,,chips,12.0
169046,1.0,,cup,34.0
169047,1.0,,cookie,1.7
169048,1.0,,tbsp,3.7
169049,1.0,,jar Gerber Second Food (4 oz),113.0
169049,1.0,,tbsp,14.0
169050,1.0,,cubic inch,18.0
169050,1.0,,slice,28.0
169050,1.0,,"cup, shredded",113.0
169051,1.0,,"cup, shredded",113.0
169052,1.0,,tablespoon,14.0
169053,1.0,,tablespoon,14.0
169054,1.0,,jar NFS,113.0
169054,1.0,,tbsp,16.0
169054,1.0,,"jar, Gerber (4 oz)",113.0
169054,1.0,,jar Beech-Nut Stage 2 (4 oz),113.0
169055,1.0,,tbsp,14.7
169055,1.0,,serving (2 tbsp),30.0
169055,1.0,,cup,235.0
169056,1.0,,tbsp,19.0
169056,1.0,,cup,289.0
169057,1.0,,tbsp,15.0
169057,1.0,,cup,245.0
169058,1.0,,cup,224.0
169058,1.0,,tbsp,14.0
169059,1.0,,piece,14.0
169060,1.0,,piece,14.0
169061,1.0,,piece,5.0
169061,1.0,,cup,182.0
169062,1.0,,cup,264.0
169062,1.0,,serving,85.0
169063,1.0,,bar,43.0
169064,1.0,,large,143.0
169064,1.0,,medium,115.0
169064,1.0,,small,62.0
169065,1.0,,cup,253.0
169066,1.0,,"slice, thin",14.0
169067,1.0,,cup,144.0
169068,1.0,,fillet,85.0
169069,1.0,,tbsp,15.0
169070,1.0,,tsp,4.9
169070,1.0,,fl oz,29.0
169071,1.0,,fl oz,29.5
169071,1.0,,serving 5 fl oz,148.0
169072,1.0,,serving 1 packet SUGAR TWIN,0.8
169072,1.0,,serving 1 packet,1.0
169073,1.0,,envelope,37.0
169073,1.0,,tbsp,7.4
169074,1.0,,cup,245.0
169075,0.67,,cup (1 NLEA serving),55.0
169076,1.0,,cup,122.0
169077,1.0,,cup (1 NLEA serving),55.0
169078,1.0,,cup,226.0
169078,4.0,,oz,113.0
169079,1.0,,cup,240.0
169079,1.0,,tbsp,15.0
169079,1.0,,"tbsp, whipped",10.0
169080,1.0,,cubic inch,18.0
169080,1.0,,"cup, shredded",113.0
169080,1.0,,"cup, diced",140.0
169080,1.0,,slice (3/4 oz),21.0
169081,1.0,,oz,28.35
169081,1.0,,cup,240.0
169082,1.0,,cup,22.0
169083,1.0,,cup,225.0
169084,1.0,,cup,180.0
169085,1.0,,cup,182.0
169086,1.0,,cup,190.0
169086,1.0,,fruit without refuse,9.6
169087,1.0,,fruit,2.5
169088,1.0,,"cup, unthawed",147.0
169089,1.0,,fruit without refuse,3.2
169090,1.0,,"cup, drained",196.0
169090,1.0,,cup,216.0
169092,1.0,,"melon, small (about 4-1/4"" dia)",441.0
169092,1.0,,"wedge, large (1/8 of large melon)",102.0
169092,1.0,,"wedge, medium (1/8 of medium melon)",69.0
169092,1.0,,"cup, cubes",160.0
169092,1.0,,"cup, diced",156.0
169092,1.0,,"melon, large (about 6-1/2"" dia)",814.0
169092,1.0,,NLEA serving,134.0
169092,1.0,,"melon, medium (about 5"" dia)",552.0
169092,1.0,,"cup, balls",177.0
169092,1.0,,"wedge, small (1/8 of small melon)",55.0
169092,10.0,,cantaloupe balls,138.0
169093,1.0,,melon,1640.0
169093,1.0,,"cup, cubes",170.0
169093,0.1,,fruit,164.0
169094,1.0,,tbsp,8.4
169094,1.0,,large,4.4
169094,1.0,,small,3.2
169095,1.0,,super colossal,15.0
169095,1.0,,jumbo,8.3
169096,1.0,,olive,2.7
169097,1.0,,"small (2-3/8"" dia)",96.0
169097,1.0,,"large (3-1/16"" dia)",184.0
169097,1.0,,"cup, sections",180.0
169097,1.0,,"fruit (2-5/8"" dia)",131.0
169098,1.0,,fl oz,31.0
169098,1.0,,fruit yields,86.0
169098,1.0,,cup,248.0
169099,1.0,,drink box (8.45 fl oz),263.0
169099,1.0,,cup,249.0
169099,1.0,,fl oz,31.1
169100,1.0,,fl oz,31.1
169100,1.0,,cup,249.0
169101,1.0,,cup,249.0
169101,1.0,,fl oz,31.1
169102,1.0,,cup,249.0
169102,1.0,,fl oz,31.1
169103,1.0,,tbsp,6.0
169103,1.0,,tsp,2.0
169104,1.0,,cup,247.0
169104,1.0,,fl oz,30.9
169105,1.0,,"medium (2-1/2"" dia)",88.0
169105,1.0,,"small (2-1/4"" dia)",76.0
169105,1.0,,"large (2-3/4"" dia)",120.0
169105,1.0,,"cup, sections",195.0
169105,1.0,,NLEA serving,109.0
169106,1.0,,cup,249.0
169107,1.0,,cup,250.0
169107,1.0,,fl oz,31.2
169108,1.0,,fruit without refuse,18.0
169108,1.0,,cup,236.0
169109,1.0,,fl oz,30.9
169109,1.0,,cup,247.0
169110,1.0,,cup,247.0
169110,1.0,,fl oz,30.9
169111,1.0,,"cup, halves or slices",251.0
169111,1.0,,"half, with liquid",98.0
169112,1.0,,"half, with liquid",98.0
169112,1.0,,cup,262.0
169113,1.0,,"cup, halves or slices",262.0
169114,1.0,,"cup, whole",242.0
169115,1.0,,cup,270.0
169116,1.0,,"cup, thawed",250.0
169116,1.0,,package (10 oz),284.0
169116,10.0,,slices,155.0
169117,1.0,,cup,258.0
169118,1.0,,medium,178.0
169118,1.0,,large,230.0
169118,1.0,,NLEA serving,166.0
169118,1.0,,"cup, cubes",161.0
169118,1.0,,small,148.0
169118,1.0,,"cup, slices",140.0
169119,1.0,,"half, with liquid",76.0
169119,1.0,,"cup, halves",244.0
169120,1.0,,"half, with liquid",79.0
169120,1.0,,"cup, halves",266.0
169121,10.0,,halves,175.0
169121,1.0,,"cup, halves",180.0
169121,1.0,,half,18.0
169122,1.0,,"cup, halves",255.0
169123,1.0,,"cup, halves",280.0
169124,1.0,,"slice, thin (3-1/2"" dia x 1/2"" thick)",56.0
169124,1.0,,"slice (4-2/3"" dia x 3/4"" thick)",166.0
169124,1.0,,fruit,905.0
169124,1.0,,"cup, chunks",165.0
169124,1.0,,"slice (3-1/2"" dia x 3/4"" thick)",84.0
169125,1.0,,"cup, crushed, sliced, or chunks",246.0
169125,1.0,,"slice or ring (3"" dia) with liquid",47.0
169126,1.0,,"cup, crushed, sliced, or chunks",249.0
169126,1.0,,"slice or ring (3"" dia) with liquid",47.0
169127,1.0,,"slice or ring (3"" dia) with liquid",48.0
169127,1.0,,"cup, crushed, sliced, or chunks",252.0
169128,1.0,,fl oz,31.2
169128,1.0,,cup,250.0
169129,1.0,,cup,173.0
169129,1.0,,fruit without refuse,7.0
169130,1.0,,plantain,270.0
169130,1.0,,"cup, sliced",148.0
169131,10.0,,slice,105.0
169131,1.0,,cup,139.0
169132,1.0,,"cup, pitted",258.0
169132,1.0,,plum with liquid,46.0
169133,1.0,,"cup, pitted",261.0
169134,1.0,,"pomegranate (4"" dia)",282.0
169134,0.5,,cup arils (seed/juice sacs),87.0
169135,1.0,,cup,170.0
169136,0.5,,cup,124.0
169136,1.0,,can (303 x 406),454.0
169137,1.0,,cup,124.0
169138,1.0,,cup,124.0
169139,1.0,,cup,104.0
169141,1.0,,cup,125.0
169142,1.0,,can total can contents,423.0
169142,1.0,,cup,240.0
169143,1.0,,cup,135.0
169143,10.0,,beans,62.0
169143,1.0,,can (303 x 406),262.0
169144,1.0,,can (303 x 406),439.0
169144,0.5,,cup,114.0
169145,1.0,,"beet (2"" dia)",82.0
169145,1.0,,cup,136.0
169146,2.0,,"beets (2"" dia, sphere)",100.0
169146,0.5,,cup slices,85.0
169147,1.0,,cup,246.0
169148,3.0,,oz,85.0
169148,1.0,,roast whole,1867.0
169149,3.0,,oz,85.0
169150,3.0,,oz (3 oz),85.0
169150,1.0,,roast shank,3204.0
169151,3.0,,oz,85.0
169152,1.0,,lb,453.6
169152,3.0,,oz,85.0
169153,3.0,,oz,85.0
169154,3.0,,oz,85.0
169155,3.0,,oz,85.0
169156,3.0,,oz,85.0
169157,3.0,,oz,117.0
169158,1.0,,slice,366.0
169158,3.0,,oz (3 oz),85.0
169159,1.0,,lb whole,453.6
169159,3.0,,oz whole,85.0
169160,3.0,,oz whole,85.0
169160,1.0,,lb whole,453.6
169161,3.0,,oz,85.0
169161,1.0,,lb,453.6
169162,1.0,,lb shank,453.6
169162,3.0,,oz shank,85.0
169163,3.0,,oz rump,85.0
169163,1.0,,lb rump,453.6
169164,3.0,,oz (3 oz),85.0
169164,1.0,,roast rump,2970.0
169165,1.0,,roast shank,3054.0
169165,3.0,,oz (3 oz),85.0
169166,1.0,,slice,436.0
169166,3.0,,oz (3 oz),85.0
169167,1.0,,slice,189.0
169167,3.0,,oz (3 oz),85.0
169168,3.0,,oz (3 oz),85.0
169168,1.0,,slice,136.0
169169,1.0,,roast,1995.0
169169,3.0,,oz (3 oz),85.0
169170,1.0,,roast rump,2673.0
169170,3.0,,oz (3 oz),85.0
169171,3.0,,oz (3 oz),85.0
169171,1.0,,roast shank,3170.0
169172,1.0,,slice,445.0
169172,3.0,,oz (3 oz),85.0
169173,3.0,,oz (3 oz),85.0
169173,1.0,,roast rump,2874.0
169174,1.0,,lb,453.6
169174,3.0,,oz,85.0
169175,1.0,,roast shank,2800.0
169175,3.0,,oz (3 oz),85.0
169176,3.0,,oz,85.0
169176,1.0,,lb,453.6
169177,3.0,,oz (3 oz),85.0
169177,1.0,,slice,425.0
169178,3.0,,oz,85.0
169179,1.0,,lb,453.0
169179,4.0,,oz,113.0
169180,3.0,,oz,85.0
169181,4.0,,oz,113.0
169181,1.0,,chop,146.0
169182,1.0,,chop,146.0
169183,3.0,,oz,85.0
169183,1.0,,chop,107.0
169184,1.0,,roast,537.0
169184,4.0,,oz,113.0
169185,3.0,,oz,85.0
169185,1.0,,roast,508.0
169186,4.0,,oz,113.0
169186,1.0,,piece,231.0
169187,3.0,,oz,85.0
169187,1.0,,piece,430.0
169188,3.0,,oz,85.0
169188,1.0,,piece,373.0
169189,1.0,,piece,92.0
169190,4.0,,oz,113.0
169191,4.0,,oz,113.0
169192,3.0,,oz grilled patties,85.0
169193,3.0,,oz grilled patties,85.0
169194,4.0,,oz,113.0
169194,1.0,,chop,176.0
169195,1.0,,roast,848.0
169195,3.0,,oz,85.0
169196,3.0,,oz,85.0
169196,1.0,,chop,131.0
169197,3.0,,oz,85.0
169197,1.0,,rack,122.0
169198,3.0,,oz,85.0
169198,1.0,,roast,848.0
169199,1.0,,rack,122.0
169199,3.0,,oz,85.0
169200,3.0,,oz,85.0
169200,1.0,,rack,122.0
169201,1.0,,rack,138.0
169201,3.0,,oz,85.0
169202,1.0,,cup,132.0
169203,1.0,,medium,12.0
169203,1.0,,large,25.0
169204,1.0,,medium,12.0
169205,1.0,,"artichoke, medium",128.0
169205,1.0,,"artichoke, large",162.0
169206,0.5,,cup,122.0
169206,1.0,,can (300 x 407),411.0
169207,1.0,,cup,242.0
169207,1.0,,"spear (about 5"" long)",18.0
169207,1.0,,can (300 x 407),248.0
169208,1.0,,package (10 oz),284.0
169208,4.0,,spears,58.0
169209,1.0,,cup,180.0
169209,4.0,,spears,60.0
169209,1.0,,package (10 oz) yields,293.0
169210,1.0,,"cup (1/2"" slices)",151.0
169210,0.5,,"cup (1/2"" pieces)",76.0
169211,1.0,,"cup (1/2"" slices)",120.0
169211,1.0,,shoot,144.0
169212,1.0,,"cup (1/8"" slices)",131.0
169212,1.0,,can (303 x 406),262.0
169213,1.0,,cup,184.0
169214,1.0,,can (12 oz) yields,211.0
169214,1.0,,cup,164.0
169214,1.0,,can (303 x 406),298.0
169215,1.0,,cup,256.0
169215,1.0,,can (303 x 406),482.0
169216,1.0,,can (303 x 406),340.0
169216,1.0,,"can, 15 oz (303 x 406)",425.0
169216,1.0,,cup,210.0
169217,1.0,,cup,141.0
169218,1.0,,cup,227.0
169219,1.0,,cup,56.0
169220,1.0,,cup,145.0
169221,1.0,,cup,95.0
169222,1.0,,cup slices,91.0
169222,1.0,,pod,12.0
169223,1.0,,pod,14.0
169223,1.0,,cup slices,104.0
169224,1.0,,"cup, chopped",36.0
169224,1.0,,leaf,3.0
169225,1.0,,slice,7.0
169225,1.0,,"cup, sliced",119.0
169225,1.0,,"large (8-1/4"" long)",280.0
169225,1.0,,"small (6-3/8"" long)",158.0
169225,1.0,,"stick (4"" long)",9.0
169225,1.0,,medium,201.0
169225,1.0,,"cup, pared, chopped",133.0
169226,1.0,,"cup, chopped",55.0
169227,1.0,,"cup, chopped",105.0
169228,1.0,,"eggplant, unpeeled (approx 1-1/4 lb)",548.0
169228,1.0,,"eggplant, peeled (yield from 1-1/4 lb)",458.0
169228,1.0,,"cup, cubes",82.0
169229,1.0,,"cup (1"" cubes)",99.0
169230,1.0,,tsp,2.8
169230,1.0,,clove,3.0
169230,3.0,,cloves,9.0
169230,1.0,,cup,136.0
169231,5.0,,"slices (1"" dia)",11.0
169231,0.25,,"cup slices (1"" dia)",24.0
169231,1.0,,tsp,2.0
169232,1.0,,gourd,771.0
169232,0.5,,"cup (1"" pieces)",58.0
169233,1.0,,"cup (1"" cubes)",146.0
169234,1.0,,cup,80.0
169235,1.0,,cup,87.0
169236,1.0,,cup slices,150.0
169237,1.0,,piece,6.0
169237,1.0,,cup slices,99.0
169238,1.0,,cup,118.0
169239,0.33,,cup,67.0
169239,0.0,,package (10 oz),94.0
169239,1.0,,package (10 oz),284.0
169240,1.0,,cup,118.0
169241,1.0,,strip,6.3
169241,0.5,,cup,27.0
169242,1.0,,piece whole,19.0
169243,1.0,,cup sliced,121.0
169245,1.0,,"cup, chopped",180.0
169246,1.0,,cup,89.0
169246,1.0,,leek,89.0
169246,1.0,,slice,6.0
169247,1.0,,cup shredded,47.0
169247,1.0,,leaf inner,6.0
169247,1.0,,head,626.0
169247,1.0,,leaf outer,28.0
169247,1.0,,NLEA serving,85.0
169248,1.0,,"cup, chopped (1/2"" pieces, loosely packed)",57.0
169248,1.0,,"head, large",755.0
169248,1.0,,"head, medium (6"" dia)",539.0
169248,1.0,,"leaf, large",15.0
169248,1.0,,cup shredded,72.0
169248,1.0,,"leaf, small",5.0
169248,1.0,,"head, small",324.0
169248,1.0,,NLEA Serving,89.0
169248,1.0,,"leaf, medium",8.0
169249,1.0,,head,360.0
169249,1.0,,leaf inner,4.8
169249,1.0,,leaf outer,24.0
169249,1.0,,cup shredded,36.0
169250,10.0,,"slices (2-1/2"" dia)",81.0
169250,1.0,,"root (9-1/2"" long)",115.0
169251,1.0,,small,10.0
169251,1.0,,"cup, pieces or slices",70.0
169251,1.0,,slice,6.0
169251,1.0,,"cup, whole",96.0
169251,1.0,,medium,18.0
169251,1.0,,large,23.0
169251,0.5,,cup pieces,35.0
169252,1.0,,cup pieces,156.0
169252,1.0,,mushroom,12.0
169252,1.0,,tbsp,9.8
169253,1.0,,cup sliced,108.0
169254,1.0,,can,132.0
169254,1.0,,medium,12.0
169254,1.0,,cup,156.0
169254,8.0,,caps,47.0
169254,0.5,,cup pieces,78.0
169254,1.0,,small,7.0
169254,10.0,,slices,40.0
169254,1.0,,large,16.0
169255,1.0,,piece whole,84.0
169255,1.0,,cup diced,86.0
169256,1.0,,"cup, chopped",56.0
169257,1.0,,"cup, chopped",140.0
169258,1.0,,"cup, chopped",146.0
169258,1.0,,package (10 oz),284.0
169259,1.0,,package (10 oz) yields,212.0
169259,1.0,,"cup, chopped",150.0
169260,8.0,,"pods (3"" long)",95.0
169260,1.0,,cup,100.0
169261,0.5,,cup slices,80.0
169261,8.0,,"pods (3"" long)",85.0
169262,0.33,,package (10 oz),95.0
169262,1.0,,package (3 lb),1361.0
169262,1.0,,package (10 oz),284.0
169263,0.5,,cup slices,92.0
169263,1.0,,package (10 oz) yields,255.0
169264,1.0,,"package (9 oz), yields",198.0
169264,10.0,,fries,76.0
169265,10.0,,strips,65.0
169265,1.0,,package (9 oz),255.0
169266,1.0,,"package (9 oz), yields",198.0
169266,10.0,,strips,50.0
169267,10.0,,strips,65.0
169267,1.0,,package (9 oz),255.0
169268,1.0,,"package (9 oz), yields",198.0
169268,10.0,,strips,50.0
169269,1.0,,cup,250.0
169270,1.0,,flower,2.0
169270,1.0,,cup,33.0
169271,1.0,,cup,134.0
169272,1.0,,cup,39.0
169273,1.0,,cup,270.0
169274,1.0,,plant,3.0
169274,1.0,,cup,43.0
169275,1.0,,cup,115.0
169275,1.0,,squash,431.0
169276,1.0,,"medium (3/4"" to 1"" dia)",4.5
169276,1.0,,small,2.0
169276,1.0,,cup slices,116.0
169276,0.5,,cup slices,58.0
169276,1.0,,slice,1.0
169276,1.0,,"large (1"" to 1-1/4"" dia)",9.0
169277,1.0,,cup slices,133.0
169278,1.0,,"cup, sliced",135.0
169279,1.0,,cup,142.0
169279,1.0,,"cup, undrained",236.0
169280,2.0,,tbsp (1/8 cup),10.0
169281,1.0,,cup,104.0
169282,1.0,,cup,256.0
169283,1.0,,cup,180.0
169284,0.5,,cup,35.0
169284,10.0,,sprouts,10.0
169285,1.0,,cup,234.0
169286,1.0,,cup,214.0
169287,1.0,,package (10 oz),284.0
169287,1.0,,cup,156.0
169288,0.5,,cup,95.0
169288,1.0,,package (10 oz) yields,220.0
169289,1.0,,cup slices,130.0
169290,1.0,,"cup, sliced",180.0
169290,1.0,,"cup, mashed",240.0
169291,1.0,,large,323.0
169291,1.0,,medium,196.0
169291,1.0,,slice,9.9
169291,1.0,,small,118.0
169291,1.0,,"cup, chopped",124.0
169291,1.0,,"cup, sliced",113.0
169292,0.5,,"cup, mashed",120.0
169292,1.0,,"cup, sliced",180.0
169293,1.0,,"cup, cubes",205.0
169294,1.0,,"cup, mashed",245.0
169295,1.0,,"cup, cubes",140.0
169296,1.0,,"cup, cubes",205.0
169297,1.0,,"cup, mashed",236.0
169298,1.0,,"cup, cubes",101.0
169299,1.0,,cup,155.0
169301,1.0,,shoot,13.0
169301,1.0,,"cup, chopped",56.0
169302,1.0,,"cup, chopped",98.0
169303,1.0,,"cup, chopped",35.0
169303,1.0,,"leaf (12-1/4"" long)",16.0
169304,1.0,,cup,64.0
169305,1.0,,can (404 x 307),496.0
169305,1.0,,cup,255.0
169306,1.0,,"cup, cubes",176.0
169307,1.0,,"cup, cubes",176.0
169308,1.0,,"cup, sliced",104.0
169309,1.0,,cup slices,140.0
169310,1.0,,cup slices,125.0
169311,0.5,,cup hearts,84.0
169311,1.0,,"artichoke, medium",120.0
169312,1.0,,cup,168.0
169312,1.0,,"package (9 oz), yields",240.0
169312,0.33,,package (9 oz) yields,80.0
169313,4.0,,"spears (1/2"" base)",60.0
169313,0.5,,cup,90.0
169314,1.0,,can (300 x 407),411.0
169314,0.5,,cup,122.0
169316,1.0,,cup,170.0
169317,1.0,,can (303 x 406),454.0
169317,1.0,,cup,248.0
169318,1.0,,package (10 oz) yields,311.0
169318,1.0,,cup,180.0
169320,10.0,,"beans (4"" long)",55.0
169320,1.0,,"cup 1/2"" pieces",100.0
169321,1.0,,cup,125.0
169322,1.0,,cup,125.0
169323,1.0,,cup,125.0
169324,1.0,,cup,121.0
169324,1.0,,package (10 oz),284.0
169325,1.0,,cup,135.0
169326,1.0,,cup,135.0
169327,1.0,,cup,135.0
169330,1.0,,floweret,11.0
169330,1.0,,cup flowerets,71.0
169331,1.0,,stalk,114.0
169332,1.0,,cup,155.0
169333,1.0,,root,166.0
169333,1.0,,"cup (1"" pieces)",125.0
169335,1.0,,head,908.0
169335,0.5,,"cup, shredded",35.0
169336,1.0,,head,908.0
169336,0.5,,"cup, shredded",35.0
169337,1.0,,"cup, shredded",119.0
169337,1.0,,leaf,14.0
169339,1.0,,tbsp,9.7
169339,1.0,,carrot,46.0
169339,0.5,,cup slices,78.0
169340,0.5,,cup slices,123.0
169340,1.0,,can (303 x 406),454.0
169341,1.0,,cup pieces,155.0
169342,1.0,,"cup, diced",150.0
169342,2.0,,stalks,75.0
169343,1.0,,"cup, chopped",175.0
169344,1.0,,"cup (1"" pieces)",160.0
169345,1.0,,can (303 x 406),482.0
169345,1.0,,cup,256.0
169346,1.0,,cup,256.0
169346,1.0,,can (303 x 406),482.0
169347,1.0,,cup,210.0
169347,1.0,,can (303 x 406),340.0
169348,1.0,,cup,165.0
169348,1.0,,package (10 oz) yields,284.0
169349,1.0,,cup kernels,165.0
169349,1.0,,"ear, yields",63.0
169350,1.0,,cup,135.0
169351,1.0,,"cup, chopped",105.0
169352,1.0,,"cup (1"" cubes)",99.0
169353,1.0,,"cup (1"" cubes)",146.0
169354,1.0,,cup,87.0
169355,1.0,,cup,118.0
169356,1.0,,cup,118.0
169357,1.0,,cup slices,165.0
169359,1.0,,pod,14.0
169359,1.0,,cup slices,104.0
169360,1.0,,cup,256.0
169360,1.0,,can (303 x 406),482.0
169361,1.0,,cup,164.0
169361,1.0,,can (303 x 406),298.0
169362,1.0,,cup,256.0
169362,1.0,,can (303 x 406),482.0
169363,1.0,,cup,256.0
169363,1.0,,can (303 x 406),482.0
169364,1.0,,package (10 oz) yields,284.0
169364,1.0,,cup,165.0
169365,1.0,,"ear, yields",125.0
169365,1.0,,cup kernels,165.0
169366,1.0,,cup kernels,165.0
169366,1.0,,"ear, yields",63.0
169367,1.0,,cup kernels,165.0
169367,1.0,,"ear, yields",63.0
169368,1.0,,cup,104.0
169369,1.0,,cup,94.0
169372,1.0,,cup,210.0
169373,0.25,,cup,1.6
169373,1.0,,tbsp,0.4
169374,1.0,,cup,153.0
169374,10.0,,beans,62.0
169374,1.0,,can (303 x 406),262.0
169375,10.0,,beans,62.0
169375,1.0,,cup,153.0
169375,1.0,,can (303 x 406),262.0
169376,1.0,,slice,6.0
169376,1.0,,small,10.0
169376,1.0,,cup whole,96.0
169376,1.0,,large,23.0
169376,1.0,,cup pieces or slices,70.0
169376,1.0,,medium,18.0
169377,1.0,,cup sliced,121.0
169378,1.0,,chip,7.5
169378,1.0,,"small Gherkin (2-1/2"" long)",15.0
169378,1.0,,"Gherkin (2-3/4"" long)",25.0
169378,1.0,,"midget Gherkin (2-1/8"" long)",6.0
169378,1.0,,cup sliced or chips,153.0
169378,1.0,,"cup, chopped",160.0
169378,1.0,,spear Gherkin,20.0
169378,1.0,,"large Gherkin (3"" long)",35.0
169379,1.0,,"medium (3-3/4"" long)",65.0
169379,1.0,,"large (4"" long)",135.0
169379,1.0,,spear,30.0
169379,1.0,,slice,7.0
169379,1.0,,cup,155.0
169379,1.0,,small,37.0
169380,1.0,,small,15.0
169380,1.0,,"cup, sliced",170.0
169380,1.0,,large,35.0
169380,1.0,,slice,6.0
169380,1.0,,"cup, chopped or diced",160.0
169380,1.0,,medium,35.0
169381,1.0,,packet,9.0
169381,1.0,,cup,240.0
169381,1.0,,tbsp,17.0
169382,1.0,,large,5.0
169382,1.0,,medium,3.0
169382,1.0,,cup sliced,65.0
169382,1.0,,cup whole,64.0
169383,10.0,,strips,52.0
169383,1.0,,"pepper, large (3-3/4"" long, 3"" dia)",186.0
169384,1.0,,cup,110.0
169384,1.0,,piece,3.0
169385,1.0,,bulb,234.0
169385,1.0,,"cup, sliced",87.0
169386,0.5,,cup,122.0
169386,1.0,,tbsp,15.0
169387,0.5,,cup,10.0
169387,1.0,,leaf,2.0
169388,1.0,,cup,149.0
169388,1.0,,pad,29.0
169389,1.0,,"head, small (4"" dia)",325.0
169389,1.0,,"head, medium (5-6"" dia)",431.0
169389,1.0,,"head, large (6-7"" dia)",511.0
169389,1.0,,cup,64.0
169389,1.0,,floweret,25.0
169390,0.2,,head,90.0
169391,0.5,,"cup (1"" pieces)",62.0
169392,1.0,,cup,88.0
169393,1.0,,leaf,4.0
169394,1.0,,cup,124.0
169394,1.0,,"medium (4-1/2"" long)",46.0
169394,1.0,,"large (5"" long)",75.0
169394,1.0,,"small (4"" long)",33.0
169395,1.0,,"cup, chopped",105.0
169395,1.0,,pepper,6.1
169396,1.0,,pepper,17.0
169397,1.0,,cup,245.0
169398,1.0,,sprig,2.0
169398,1.0,,tbsp,0.8
169399,1.0,,"cup, chopped",23.0
169399,1.0,,plant,22.0
169400,1.0,,cup,44.0
169400,1.0,,bunch,17.0
169401,1.0,,"cup, sliced",135.0
169401,1.0,,root,305.0
169403,1.0,,cup diced,70.0
169403,1.0,,piece whole,1.1
169406,1.0,,oz,28.35
169406,1.0,,tbsp,14.0
169407,1.0,,cup,108.0
169407,1.0,,oz,28.35
169408,1.0,,cup,155.0
169408,1.0,,oz,28.35
169409,1.0,,cup,240.0
169409,1.0,,tbsp,15.0
169410,1.0,,oz,28.35
169410,1.0,,tbsp,15.0
169411,1.0,,oz,28.35
169412,1.0,,cup,150.0
169412,1.0,,tsp,2.7
169412,1.0,,tbsp,8.0
169413,1.0,,oz,28.35
169414,1.0,,"tsp, ground",2.5
169414,1.0,,"tbsp, ground",7.0
169414,1.0,,"cup, whole",168.0
169414,1.0,,"tbsp, whole",10.3
169414,1.0,,"tsp, whole",3.4
169415,1.0,,cup,118.0
169415,1.0,,oz,28.35
169416,1.0,,cup,128.0
169416,1.0,,oz,28.35
169417,1.0,,package (1.875 oz) yields,27.0
169417,1.0,,oz,28.35
169417,1.0,,cup,128.0
169418,1.0,,cup,128.0
169418,1.0,,oz,28.35
169419,1.0,,cup whole kernels,157.0
169419,1.0,,oz (22 whole kernels),28.35
169420,1.0,,oz (28 almonds),28.0
169421,1.0,,oz,28.35
169421,1.0,,"cup, halves and whole",137.0
169422,1.0,,"cup, whole",129.0
169422,1.0,,oz (18 kernels),28.35
169422,1.0,,"cup, halves and pieces",129.0
169423,1.0,,cup,144.0
169423,1.0,,oz,28.35
169424,1.0,,oz,28.35
169425,1.0,,cup,110.0
169425,1.0,,oz (15 halves),28.35
169426,1.0,,oz (49 kernels),28.35
169426,1.0,,cup,123.0
169426,1.0,,kernel,0.7
169427,1.0,,oz,28.35
169428,1.0,,oz,28.35
169429,4.0,,oz,113.0
169429,1.0,,steak,214.0
169430,1.0,,lb,453.6
169430,1.0,,oz,28.35
169431,1.0,,oz,28.35
169431,1.0,,lb,453.6
169432,1.0,,steak,350.0
169432,3.0,,oz,85.0
169433,4.0,,oz,113.0
169433,1.0,,steak,202.0
169433,1.0,,oz,28.35
169434,1.0,,"piece, cooked, excluding refuse (yield from 1 lb raw meat with refuse)",262.0
169434,3.0,,oz,85.0
169435,3.0,,oz,85.0
169435,1.0,,steak (yield from 483 g raw meat),387.0
169436,1.0,,steak (yield from 297 g raw meat),236.0
169436,3.0,,oz,85.0
169437,1.0,,lb,453.6
169437,1.0,,oz,28.35
169438,3.0,,oz,85.0
169438,1.0,,steak (yield from 297g raw meat),236.0
169439,1.0,,lb,453.6
169439,4.0,,oz,113.0
169440,3.0,,oz,85.0
169440,1.0,,steak (Yield from 448 g raw meat),293.0
169441,1.0,,lb,453.6
169441,1.0,,oz,28.35
169442,3.0,,oz,85.0
169442,1.0,,"piece, cooked, excluding refuse (yield from 1 lb raw meat with refuse)",170.0
169443,4.0,,oz,113.0
169443,1.0,,steak,539.0
169444,3.0,,oz,85.0
169444,1.0,,roast,647.0
169445,4.0,,oz,113.0
169445,1.0,,roast,960.0
169445,1.0,,steak,679.0
169446,1.0,,roast,949.0
169446,4.0,,oz,113.0
169446,1.0,,steak,648.0
169447,3.0,,oz,85.0
169447,1.0,,"unit, cooked (yield from 1 lb raw meat)",313.0
169448,3.0,,oz,85.0
169449,4.0,,oz,113.0
169449,1.0,,oz,28.35
169450,3.0,,oz,85.0
169451,4.0,,oz,113.0
169452,4.0,,oz,113.0
169452,1.0,,oz,28.35
169453,1.0,,"piece, cooked, excluding refuse (yield from 1 lb raw meat with refuse)",222.0
169453,3.0,,oz,85.0
169454,1.0,,oz,28.35
169454,4.0,,oz,113.0
169455,3.0,,oz,85.0
169455,1.0,,steak (yield from 203 g raw meat),164.0
169456,3.0,,oz,85.0
169456,1.0,,steak (yield from 186 g raw meat),150.0
169457,3.0,,oz,85.0
169457,1.0,,steak (yield from 518 g raw meat),384.0
169458,3.0,,oz,85.0
169458,1.0,,steak (yield from 532 g raw meat),393.0
169459,3.0,,oz,85.0
169459,1.0,,lb,453.6
169460,1.0,,lb,453.6
169460,3.0,,oz,85.0
169461,3.0,,oz ( 1serving ),85.0
169461,1.0,,lb,453.6
169462,1.0,,steak,534.0
169462,4.0,,oz,113.0
169463,1.0,,serving,85.0
169463,3.0,,oz,85.0
169463,1.0,,"piece, cooked, excluding refuse",256.0
169464,3.0,,oz,85.0
169464,1.0,,lb,453.6
169465,3.0,,oz,85.0
169465,1.0,,lb,453.6
169466,1.0,,lb,453.6
169466,3.0,,oz,85.0
169467,1.0,,steak,368.0
169467,3.0,,oz,85.0
169468,1.0,,"piece, cooked, excluding refuse",264.0
169468,1.0,,serving,85.0
169468,3.0,,oz,85.0
169469,3.0,,oz,85.0
169469,1.0,,steak,247.0
169470,1.0,,roast,1289.0
169470,4.0,,oz,113.0
169471,1.0,,steak,284.0
169471,3.0,,oz,85.0
169472,1.0,,steak,269.0
169472,3.0,,oz,85.0
169473,1.0,,portion (yield from 1/2 lb raw meat ),139.0
169473,3.0,,oz,85.0
169474,3.0,,oz,85.0
169474,1.0,,loaf ( yield from 1 lb raw meat ),284.0
169475,1.0,,steak,177.0
169475,3.0,,oz,85.0
169476,3.0,,oz,85.0
169476,1.0,,steak,199.0
169477,1.0,,steak,1438.0
169477,4.0,,oz,113.0
169478,4.0,,oz,113.0
169478,1.0,,steak,1432.0
169479,3.0,,oz,85.0
169479,1.0,,steak,186.0
169480,1.0,,roast,1316.0
169480,4.0,,oz,113.0
169480,1.0,,steak,1027.0
169481,4.0,,oz,113.0
169482,1.0,,steak,1106.0
169482,1.0,,roast,1320.0
169482,4.0,,oz,113.0
169483,4.0,,oz,113.0
169484,3.0,,oz,85.0
169485,4.0,,oz,113.0
169486,3.0,,oz,85.0
169487,4.0,,oz,113.0
169488,1.0,,steak (yield from raw steak weighing 550 g),380.0
169488,3.0,,oz,85.0
169489,4.0,,oz,113.0
169489,1.0,,lb,453.6
169490,1.0,,"piece, cooked, excluding refuse (yield from 1 lb raw meat with refuse)",332.0
169490,3.0,,oz,85.0
169491,4.0,,oz,113.0
169491,1.0,,lb,453.6
169492,3.0,,oz,85.0
169492,1.0,,"piece, cooked, excluding refuse (yield from 1 lb raw meat with refuse)",257.0
169493,1.0,,lb,453.6
169493,4.0,,oz,113.0
169494,1.0,,"piece, cooked, excluding refuse (yield from 1 lb raw meat with refuse)",247.0
169494,3.0,,oz,85.0
169495,1.0,,lb,453.6
169495,4.0,,oz,113.0
169496,3.0,,oz,85.0
169496,1.0,,roast,586.0
169497,3.0,,oz,85.0
169497,1.0,,roast,645.0
169498,1.0,,lb,453.6
169498,1.0,,oz,28.35
169499,3.0,,oz,85.0
169499,1.0,,"piece, cooked, excluding refuse (yield from 1 lb raw meat with refuse)",267.0
169500,3.0,,oz,85.0
169500,1.0,,"piece, cooked, excluding refuse (yield from 1 lb raw meat with refuse)",289.0
169501,3.0,,oz,85.0
169501,1.0,,"piece, cooked, excluding refuse (yield from 1 lb raw meat with refuse)",264.0
169502,3.0,,oz,85.0
169502,1.0,,"piece, cooked, excluding refuse (yield from 1 lb raw meat with refuse)",289.0
169503,4.0,,oz,113.0
169503,1.0,,lb,453.6
169504,1.0,,"piece, cooked, excluding refuse (yield from 1 lb raw meat with refuse)",274.0
169504,3.0,,oz,85.0
169505,1.0,,oz,28.35
169505,1.0,,lb,453.6
169506,1.0,,"piece, cooked, excluding refuse (yield from 1 lb raw meat with refuse)",267.0
169506,3.0,,oz,85.0
169507,1.0,,"piece, cooked, excluding refuse (yield from 1 lb raw meat with refuse)",296.0
169507,3.0,,oz,85.0
169508,1.0,,lb,453.6
169508,1.0,,oz,28.35
169509,4.0,,oz,113.0
169509,1.0,,lb,453.6
169510,3.0,,oz,85.0
169510,1.0,,"piece, cooked, excluding refuse (yield from 1 lb raw meat with refuse)",268.0
169511,1.0,,"piece, cooked, excluding refuse (yield from 1 lb raw meat with refuse)",282.0
169511,3.0,,oz,85.0
169512,1.0,,lb,453.6
169512,4.0,,oz,113.0
169513,3.0,,oz,85.0
169513,1.0,,"piece, cooked, excluding refuse (yield from 1 lb raw meat with refuse)",285.0
169514,1.0,,lb,453.6
169514,4.0,,oz,113.0
169515,1.0,,"piece, cooked, excluding refuse (yield from 1 lb raw meat with refuse)",268.0
169515,3.0,,oz,85.0
169516,3.0,,oz,85.0
169516,1.0,,"piece, cooked, excluding refuse (yield from 1 lb raw meat with refuse)",276.0
169517,1.0,,lb,453.6
169517,4.0,,oz,113.0
169518,3.0,,oz,85.0
169518,1.0,,"piece, cooked, excluding refuse (yield from 1 lb raw meat with refuse)",313.0
169519,4.0,,oz,113.0
169519,1.0,,lb,453.6
169520,1.0,,"piece, cooked, excluding refuse (yield from 1 lb raw meat with refuse)",281.0
169520,3.0,,oz,85.0
169521,1.0,,steak (yield from raw steak weighing 340g),226.0
169521,3.0,,oz,85.0
169522,1.0,,roast (yield from 1 raw roast weighing 786g),636.0
169522,3.0,,oz,85.0
169522,1.0,,"piece, cooked, excluding refuse (yield from 1 lb raw meat with refuse)",338.0
169523,1.0,,lb,453.6
169523,4.0,,oz,113.0
169524,1.0,,"piece, cooked, excluding refuse (yield from 1 lb raw meat with refuse)",333.0
169524,3.0,,oz,85.0
169525,1.0,,lb,453.6
169525,4.0,,oz,113.0
169526,3.0,,oz,85.0
169526,1.0,,"piece, cooked, excluding refuse (yield from 1 lb raw meat with refuse)",326.0
169527,4.0,,oz,113.0
169527,1.0,,lb,453.6
169528,1.0,,"piece, cooked, excluding refuse (yield from 1 lb raw meat with refuse)",325.0
169528,3.0,,oz,85.0
169529,1.0,,lb,453.6
169529,4.0,,oz,113.0
169530,3.0,,oz,85.0
169530,1.0,,"piece, cooked, excluding refuse (yield from 1 lb raw meat with refuse)",286.0
169531,1.0,,"piece, cooked, excluding refuse (yield from 1 lb raw meat with refuse)",326.0
169531,3.0,,oz,85.0
169532,4.0,,oz,113.0
169532,1.0,,lb,453.6
169533,1.0,,"piece, cooked, excluding refuse (yield from 1 lb raw meat with refuse)",329.0
169533,3.0,,oz,85.0
169533,1.0,,steak (yield from raw steak weighing 491g),359.0
169534,4.0,,oz,113.0
169534,1.0,,lb,453.6
169535,1.0,,"piece, cooked, excluding refuse (yield from 1 lb raw meat with refuse)",332.0
169535,3.0,,oz,85.0
169536,1.0,,steak,252.0
169536,4.0,,oz,113.0
169537,3.0,,oz,85.0
169537,1.0,,steak,360.0
169538,4.0,,oz,113.0
169539,1.0,,steak,213.0
169539,3.0,,oz,85.0
169540,1.0,,steak,301.0
169540,4.0,,oz,113.0
169541,3.0,,oz,85.0
169541,1.0,,"steak, excluding refuse (yield from 1 raw steak, with refuse, weighing 242 g)",167.0
169542,1.0,,steak,164.0
169542,4.0,,oz,113.0
169543,1.0,,"steak, excluding refuse (yield from 1 raw steak, with refuse, weighing 154 g)",104.0
169543,3.0,,oz,85.0
169544,3.0,,oz,85.0
169544,1.0,,"piece, cooked, excluding refuse (yield from 1 lb raw meat with refuse)",330.0
169545,4.0,,oz,113.0
169545,1.0,,steak,177.0
169546,1.0,,"piece, cooked, excluding refuse (yield from 1 lb raw meat with refuse)",329.0
169546,3.0,,oz,85.0
169547,1.0,,oz,28.35
169547,1.0,,lb,453.6
169548,3.0,,oz,85.0
169548,1.0,,"steak, excluding refuse (yield from 1 raw steak, with refuse, weighing 154 g)",106.0
169549,1.0,,"piece, cooked, excluding refuse (yield from 1 lb raw meat with refuse)",326.0
169549,3.0,,oz,85.0
169550,1.0,,"piece, cooked, excluding refuse (yield from 1 lb raw meat with refuse)",307.0
169550,3.0,,oz,85.0
169551,1.0,,steak,594.0
169551,4.0,,oz,113.0
169552,3.0,,oz,85.0
169552,1.0,,steak (yield from 1 raw steak weighing 624g),485.0
169553,3.0,,oz,85.0
169554,3.0,,oz,85.0
169554,1.0,,steak (yield from 467 g raw meat),379.0
169555,1.0,,steak (yield from 388 g raw meat),247.0
169555,3.0,,oz,85.0
169556,1.0,,steak (yield from 294 g raw meat),231.0
169556,3.0,,oz,85.0
169557,1.0,,steak (yield from 295 g raw meat),233.0
169557,3.0,,oz,85.0
169558,3.0,,oz,85.0
169558,1.0,,roast (yield from 690g raw meat),569.0
169559,4.0,,oz,113.0
169559,1.0,,roast,252.0
169560,1.0,,steak (yield from 381 g raw meat),277.0
169560,3.0,,oz,85.0
169561,3.0,,oz (1 serving),85.0
169562,4.0,,oz,113.0
169563,1.0,,steak,188.0
169563,4.0,,oz,113.0
169564,1.0,,steak,173.0
169564,4.0,,oz,113.0
169565,1.0,,roast,1289.0
169565,4.0,,oz,113.0
169566,4.0,,oz,113.0
169566,1.0,,roast,1263.0
169567,1.0,,piece,272.0
169567,3.0,,oz,85.0
169568,3.0,,oz,85.0
169568,1.0,,piece,315.0
169569,1.0,,piece,289.0
169569,3.0,,oz,85.0
169570,1.0,,piece,514.0
169570,4.0,,oz,113.0
169571,3.0,,oz,85.0
169571,1.0,,roast,569.0
169571,1.0,,serving,85.0
169572,1.0,,fl oz,29.5
169572,12.0,,fl oz,354.0
169573,1.0,,fl oz,30.5
169573,1.0,,"can (6.8 fl oz, 200 ml)",207.0
169574,1.0,,cocktail (2 fl oz),60.0
169574,1.0,,fl oz,30.2
169575,1.0,,fl oz,29.5
169575,12.0,,fl oz,354.0
169576,10.0,,pieces,10.0
169576,1.0,,cup,180.0
169577,1.0,,cup,240.0
169577,1.0,,tbsp,15.0
169577,1.0,,serving 1/4 cup,73.0
169577,1.0,,oz,28.35
169578,1.0,,tbsp,20.0
169578,1.0,,cup,314.0
169579,1.0,,bar 2.8 oz,78.0
169580,1.0,,"recipe yield, recipe makes 49     1 "" x 1""     pieces",612.0
169580,1.0,,piece,12.0
169581,1.0,,"package (net weight, 12 oz)",340.0
169581,1.0,,"serving 0.5 oz, about 1 tbsp",14.0
169582,1.0,,package fun size,18.0
169582,10.0,,pieces,20.0
169582,1.0,,serving 1 singles bag,54.0
169582,1.0,,cup,170.0
169583,1.0,,cup,208.0
169583,10.0,,pieces,7.0
169583,1.0,,package (1.69 oz),48.0
169583,1.0,,box (1.48 oz),42.0
169583,1.0,,serving,21.0
169584,1.0,,"serving 0.5 oz, about 1 tbsp",14.0
169585,1.0,,bar (1.4 oz),40.0
169585,1.0,,oz,28.35
169585,1.0,,bar (1.75 fl oz),50.0
169585,1.0,,bar (1.6 oz),45.0
169586,1.0,,oz,28.35
169587,1.0,,serving fun size,48.0
169587,1.0,,serving 1.58 oz bag,45.0
169587,1.0,,serving 0.25 cup,45.0
169588,1.0,,piece,1.8
169588,20.0,,pieces,35.0
169588,1.0,,oz,28.35
169589,1.0,,bar (2 oz),57.0
169589,1.0,,"bar, fun size",15.0
169589,1.0,,"bar, king size (4 oz)",113.0
169590,1.0,,serving 2.07 oz pack,59.0
169590,1.0,,piece,5.0
169590,1.0,,serving fun size (8 chews),40.0
169591,1.0,,serving 0.50 oz box,15.0
169591,1.0,,serving 1 1.94 oz tube,55.0
169591,1.0,,serving 1.0 oz tube,30.0
169592,1.0,,bar,17.0
169592,1.0,,bar 1.45 oz,41.0
169592,1.0,,bar 2.6 oz,73.0
169592,3.0,,blocks,42.0
169593,1.0,,tbsp,5.4
169593,1.0,,cup,86.0
169594,1.0,,tbsp,5.4
169594,1.0,,cup,86.0
169595,0.5,,cup,141.0
169595,1.0,,recipe yield,563.0
169596,0.5,,cup,135.0
169596,1.0,,serving,21.0
169596,1.0,,"package 3 oz, yields 2 cups",540.0
169597,1.0,,serving,6.4
169598,0.5,,cup,117.0
169598,1.0,,package yield (2 cups),469.0
169599,1.0,,package (1 oz),28.0
169599,1.0,,envelope (1 tbsp),7.0
169600,0.5,,cup,147.0
169600,1.0,,package yield (2 cups),587.0
169601,0.5,,cup,141.0
169601,1.0,,recipe yield,844.0
169602,1.0,,"portion, amount to make 1/2 cup",21.0
169602,1.0,,package (3 oz),85.0
169603,1.0,,"portion, amount to make 1/2 cup",25.0
169603,1.0,,package (3.5 oz),99.0
169604,0.5,,cup,142.0
169604,1.0,,package yield (2 cups),570.0
169605,0.5,,cup,128.0
169606,1.0,,package (3.5 oz),92.0
169606,1.0,,"portion, amount to make 1/2 cup",23.0
169607,0.5,,cup,128.0
169608,1.0,,container refrigerated 4 oz,110.0
169608,1.0,,container shelf stable 3.5 oz,97.0
169608,1.0,,oz,28.35
169609,1.0,,"portion, amount to make 1/2 cup",22.0
169609,1.0,,package (3.12 oz),88.0
169610,1.0,,package yield (2 cups),559.0
169610,0.5,,cup,140.0
169611,0.5,,cup,128.0
169612,0.5,,cup,128.0
169613,1.0,,bar,51.0
169614,1.0,,container refrigerated 4 oz,110.0
169614,1.0,,container,97.0
169614,1.0,,oz,28.35
169615,0.5,,cup,140.0
169615,1.0,,package yield (2 cups),559.0
169616,1.0,,tbsp,9.0
169616,1.0,,package (2 oz),57.0
169617,0.0,,cup,142.0
169618,2.0,,tbsp,35.0
169618,0.08,,package,38.0
169618,1.0,,package (16 oz),462.0
169619,2.0,,tbsp whipped,24.0
169619,2.0,,tbsp creamy,33.0
169620,0.08,,package,38.0
169620,2.0,,tbsp creamy,33.0
169620,1.0,,package (16 oz),462.0
169621,0.0,,cup,141.0
169622,17.0,,pieces,39.0
169623,16.0,,pieces,39.0
169624,2.0,,bars,34.0
169624,1.0,,bar 1.92 oz,54.0
169625,1.0,,package,388.0
169626,1.0,,package yields,315.0
169626,0.08,,package,26.0
169627,18.0,,pieces,40.0
169628,1.0,,serving 1.5 oz,42.0
169629,1.0,,bar 1.94 oz,55.0
169629,1.0,,bar king size 2.8 oz,79.0
169630,2.0,,oz bar,56.0
169631,1.0,,serving 1/2 cup,68.0
169632,1.0,,bar (2.5 fl oz),77.0
169632,1.0,,bar (3 fl oz),92.0
169633,1.0,,serving 1/2 cup,72.0
169634,1.0,,serving 28 pieces,40.0
169635,1.0,,roll,21.0
169636,1.0,,serving,21.0
169636,1.0,,packet,14.2
169637,1.0,,oz,28.35
169638,0.5,,cup (4 fl oz),99.0
169639,1.0,,serving 1.42 oz bar,40.0
169640,1.0,,cup,339.0
169640,1.0,,tbsp,21.0
169640,1.0,,packet (0.5 oz),14.0
169641,1.0,,tbsp,20.0
169641,1.0,,packet (0.5 oz),14.0
169642,1.0,,packet (0.5 oz),14.0
169642,1.0,,serving 1 tbsp,21.0
169643,1.0,,serving 13 pieces,39.0
169644,1.0,,serving 13 pieces,39.0
169645,1.0,,serving 15 pieces,41.0
169646,1.0,,serving fun size (8 chews),40.0
169647,1.0,,serving 2.07 oz pack,59.0
169648,1.0,,package (3.5 oz),99.0
169648,1.0,,"portion, amount to make 1/2 cup",25.0
169649,0.5,,cup,127.0
169650,1.0,,"portion, amount to make 1/2 cup",22.0
169650,1.0,,package (3.12 oz),88.0
169651,1.0,,serving 0.78 oz bar,22.0
169652,1.0,,serving 0.78 oz bar,22.0
169653,1.0,,serving 0.7 oz bar,20.0
169654,1.0,,package (3.5 oz),99.0
169654,1.0,,"portion, amount to make 1/2 cup",25.0
169655,1.0,,cup,200.0
169655,1.0,,serving 1 cube,2.3
169655,1.0,,tsp,4.2
169655,1.0,,serving packet,2.8
169656,1.0,,cup sifted,100.0
169656,1.0,,tsp,2.5
169656,1.0,,tbsp unsifted,8.0
169656,1.0,,cup unsifted,120.0
169657,1.0,,tsp,3.5
169657,1.0,,serving 1 packet,1.0
169658,1.0,,tsp,3.0
169658,1.0,,oz,28.35
169658,1.0,,"piece (1-3/4"" x 1-1/4"" x 1/2"")",28.0
169659,1.0,,tbsp,19.0
169659,1.0,,cup,310.0
169660,1.0,,tbsp,21.0
169660,1.0,,cup,332.0
169661,1.0,,tbsp,20.0
169661,1.0,,cup,315.0
169661,1.0,,serving 1/4 cup,83.0
169662,1.0,,cup,330.0
169662,1.0,,tbsp,21.0
169663,1.0,,serving 1.66 oz bar,47.0
169663,1.0,,serving 1.56 oz bar,44.0
169663,1.0,,bar fun size,15.0
169664,1.0,,oz,28.35
169664,1.0,,jar,198.0
169665,2.0,,tbsp,42.0
169665,1.0,,cup,340.0
169666,2.0,,tbsp,41.0
169666,1.0,,cup,328.0
169667,1.0,,serving 2.1 oz bag,62.0
169667,1.0,,serving fun size bag,20.0
169668,1.0,,recipe yield,327.0
169669,1.0,,piece,20.0
169669,1.0,,recipe yield (60 pieces),1229.0
169670,1.0,,piece,15.0
169671,1.0,,piece,12.0
169672,1.0,,oz,28.35
169672,2.0,,oz,57.0
169673,1.0,,bar (1 oz),28.0
169674,1.0,,bar (1 oz),28.0
169674,1.0,,bar (1.5 oz),43.0
169675,1.0,,bar (1 oz),28.0
169676,1.0,,bar (1 oz),28.0
169677,1.0,,bag (8 oz),227.0
169677,1.0,,oz,28.35
169677,1.0,,oz,28.0
169677,22.0,,chips,28.0
169678,1.0,,oz,28.35
169678,1.0,,can (6.25 oz),191.0
169679,2.0,,cakes,18.0
169679,1.0,,cake,9.0
169680,1.0,,cake,9.0
169680,2.0,,cakes,18.0
169681,1.0,,bar,24.0
169681,1.0,,oz,28.35
169682,1.0,,oz,28.35
169682,1.0,,bag (6 oz),170.0
169683,1.0,,oz,28.35
169683,1.0,,bag (6 oz),170.0
169684,1.0,,oz,28.35
169685,1.0,,oz,28.35
169686,1.0,,oz,28.35
169686,1.0,,bag (8 oz),227.0
169687,1.0,,serving,22.0
169688,1.0,,bar,37.0
169689,1.0,,bar,28.0
169690,1.0,,oz (approx 60 pcs),28.35
169690,1.0,,cup mini chips,173.0
169690,1.0,,cup large chips,182.0
169690,1.0,,cup chips (6 oz package),170.0
169691,1.0,,"portion, amount to make 1/2 cup",21.0
169691,1.0,,package (3 oz),85.0
169692,1.0,,"portion, amount to make 1/2 cup",2.5
169692,1.0,,package (0.35 oz),10.0
169692,1.0,,tbsp,9.0
169693,1.0,,"portion, amount to make 1/2 cup",2.5
169693,1.0,,tbsp,9.0
169693,1.0,,package (0.35 oz),10.0
169694,1.0,,cup,114.0
169695,1.0,,cup,126.0
169696,1.0,,cup,114.0
169697,1.0,,cup,122.0
169698,1.0,,cup,128.0
169699,1.0,,cup,173.0
169700,1.0,,"cup, dry, yields",528.0
169700,1.0,,"cup, cooked",157.0
169700,1.0,,"oz, dry, yields",86.0
169701,1.0,,cup,165.0
169702,1.0,,cup,200.0
169703,1.0,,cup,185.0
169704,1.0,,cup,202.0
169705,1.0,,cup,156.0
169706,1.0,,cup,190.0
169707,1.0,,cup,185.0
169708,1.0,,cup,158.0
169709,1.0,,cup,95.0
169710,1.0,,cup,165.0
169711,1.0,,cup,174.0
169712,1.0,,"cup, loosely packed",132.0
169713,1.0,,cup,118.0
169714,1.0,,cup,158.0
169715,1.0,,cup,167.0
169716,1.0,,cup,192.0
169717,1.0,,cup,152.0
169718,1.0,,cup,192.0
169719,1.0,,cup,192.0
169720,1.0,,cup,168.0
169721,1.0,,cup,192.0
169722,1.0,,cup,58.0
169723,1.0,,"cup unsifted, dipped",137.0
169724,1.0,,cup,111.0
169725,1.0,,cup,108.0
169726,1.0,,cup,160.0
169727,4.5,,oz,128.0
169728,2.0,,oz,128.0
169729,4.5,,oz,128.0
169730,2.0,,oz,57.0
169731,2.0,,oz,57.0
169731,1.0,,cup,38.0
169732,1.0,,cup,160.0
169733,2.0,,oz,57.0
169733,1.0,,cup,38.0
169734,1.0,,cup,160.0
169735,1.0,,cup,45.0
169736,1.0,,cup shells,64.0
169736,2.0,,oz,57.0
169736,1.0,,cup rotini,96.0
169736,1.0,,cup elbows,122.0
169736,1.0,,cup spaghetti,91.0
169736,1.0,,cup penne,95.0
169736,1.0,,cup farfalle,81.0
169736,1.0,,cup lasagna,90.0
169737,1.0,,cup lasagne,116.0
169737,1.0,,cup shells,105.0
169737,1.0,,cup farfalle,107.0
169737,1.0,,cup spaghetti not packed,124.0
169737,1.0,,cup elbows packed,132.0
169737,1.0,,cup elbows not packed,120.0
169737,1.0,,cup rotini,107.0
169737,1.0,,cup penne,107.0
169737,1.0,,cup spaghetti packed,151.0
169738,1.0,,cup rotini,96.0
169738,1.0,,cup lasagne,90.0
169738,1.0,,cup spaghetti,91.0
169738,1.0,,cup penne,95.0
169738,1.0,,cup farfalle,81.0
169738,1.0,,cup elbows,122.0
169738,1.0,,cup shells,64.0
169739,1.0,,cup,148.0
169740,1.0,,cup,162.0
169741,1.0,,cup,104.0
169742,2.0,,oz,57.0
169743,1.0,,cup,186.0
169744,1.0,,cup,172.0
169745,1.0,,cup,174.0
169746,1.0,,cup,194.0
169747,1.0,,cup,193.0
169748,1.0,,cup,117.0
169749,1.0,,cup,114.0
169750,1.0,,cup,122.0
169751,1.0,,cup rotini,107.0
169751,1.0,,cup shells,105.0
169751,1.0,,cup penne,107.0
169751,1.0,,cup farfalle,107.0
169751,1.0,,cup spaghetti not packed,124.0
169751,1.0,,cup packed,151.0
169751,1.0,,cup lasagne,116.0
169751,1.0,,cup elbows packed,132.0
169751,1.0,,cup elbows not packed,120.0
169752,1.0,,cup,160.0
169753,1.0,,cup,158.0
169754,1.0,,cup,125.0
169755,1.0,,cup,38.0
169756,1.0,,cup,185.0
169757,1.0,,cup,158.0
169758,1.0,,cup,185.0
169759,1.0,,cup,158.0
169760,1.0,,cup,195.0
169761,1.0,,cup,125.0
169762,1.0,,cup,160.0
169763,3.0,,oz,85.0
169764,3.0,,oz,85.0
169765,2.0,,tablespoon,25.0
169766,0.25,,cup drained,34.0
169767,1.0,,cup,269.0
169768,1.0,,container,700.0
169768,1.0,,cup,229.0
169769,1.0,,serving (4 oz),37.0
169769,1.0,,serving (3.5 oz),25.0
169770,1.0,,cup prepared,189.0
169771,1.0,,piece,42.0
169772,1.0,,piece,42.0
169773,5.0,,pieces 1 serving,145.0
169774,1.0,,serving (3.5 oz),99.0
169775,1.0,,serving 4.5 oz,127.0
169776,1.0,,serving 1 pouch,61.0
169777,1.0,,cup,198.0
169778,0.25,,cup dry rice mix,57.0
169779,3.0,,pieces pierogies,114.0
169780,1.0,,piece turnover 1 serving,127.0
169781,1.0,,biscuit,126.0
169781,1.0,,box,526.0
169782,1.0,,patty,64.0
169783,1.0,,patty,72.0
169784,1.0,,box,595.0
169784,1.0,,biscuit,128.0
169785,1.0,,scoop,9.4
169786,1.0,,scoop,9.4
169787,1.0,,scoop,9.4
169788,1.0,,scoop,9.4
169789,5.0,,fl oz,30.0
169789,5.0,,fl oz,152.0
169790,1.0,,fl oz,30.5
169790,5.0,,fl oz,152.0
169791,1.0,,scoop,8.7
169792,1.0,,jar,113.0
169795,1.0,,strip,45.0
169813,1.0,,strip,136.0
169813,1.0,,filet,108.0
169815,1.0,,cup,65.0
169816,1.0,,pad peeled,19.0
169816,1.0,,pad,61.0
169817,1.0,,pad,7.5
169818,1.0,,bulb peeled,12.6
169819,1.0,,cup,89.0
169820,1.0,,cup,161.0
169822,1.0,,piece,102.0
169822,0.5,,cup,66.0
169826,1.0,,oz,28.35
169827,1.0,,oz,28.35
169827,1.0,,nut,0.4
169829,1.0,,piece,57.0
169831,1.0,,serving,157.0
169832,1.0,,serving,175.0
169833,1.0,,serving,184.0
169834,1.0,,piece,35.0
169834,1.0,,serving,212.0
169835,1.0,,serving,236.0
169835,1.0,,cup,144.0
169836,1.0,,serving,170.0
169837,1.0,,serving,114.0
169837,1.0,,piece,37.0
169838,1.0,,serving,169.0
169839,1.0,,serving,210.0
169839,1.0,,cup,136.0
169840,1.0,,serving,350.0
169841,1.0,,serving,209.0
169842,1.0,,serving,175.0
169843,1.0,,serving,167.0
169844,1.0,,serving,166.0
169845,1.0,,cup,134.0
169845,1.0,,serving,565.0
169846,1.0,,serving,226.0
169847,1.0,,serving,201.0
169848,1.0,,cup,94.0
169848,1.0,,serving,124.0
169849,1.0,,serving,175.0
169849,1.0,,cup,149.0
169850,1.0,,serving,457.0
169851,1.0,,serving,422.0
169852,1.0,,serving,478.0
169853,1.0,,serving,489.0
169854,3.0,,enchilada,343.0
169854,2.0,,enchilada,241.0
169854,1.0,,enchilada,124.0
169854,1.0,,serving serving size varied from 1 to 3 enchiladas,250.0
169855,3.0,,enchilada,365.0
169855,1.0,,serving serving size varied from 1 to 3 enchiladas,244.0
169855,1.0,,enchilada,137.0
169855,2.0,,enchilada,257.0
169856,2.0,,tamale,351.0
169856,3.0,,tamale,550.0
169856,1.0,,tamale,179.0
169856,1.0,,serving serving size varied from 1 to 3 tamales,302.0
169857,1.0,,serving,339.0
169858,1.0,,serving,304.0
169859,0.75,,cup (1 NLEA serving),32.0
169860,1.0,,tablespoon,14.0
169861,1.0,,cup,8.0
169861,1.0,,oz,28.35
169862,0.75,,cup (1 NLEA serving),52.0
169863,1.0,,oz,28.35
169864,1.0,,cup,230.0
169864,1.0,,jar Earth's Best (4.5 oz),128.0
169864,1.0,,tbsp,14.4
169865,1.0,,tbsp,14.4
169865,1.0,,jar Earth's Best (4.5 oz),128.0
169865,1.0,,cup,230.0
169866,1.0,,"cup, sliced",143.0
169867,1.0,,tbsp,14.0
169867,1.0,,cup,224.0
169867,1.0,,teaspoon,4.5
169868,1.0,,fl oz,30.9
169868,1.0,,cup,247.0
169869,1.0,,tbsp,16.0
169870,1.0,,cup (1 NLEA serving),59.0
169871,1.0,,oz,28.35
169872,1.0,,jar Beech-Nut Stage 2 (4 oz),113.0
169872,1.0,,jar NFS,113.0
169872,1.0,,jar Heinz Strained-2 (4.25 oz),120.0
169872,1.0,,tbsp,15.0
169873,1.0,,tbsp,15.0
169873,1.0,,jar NFS,113.0
169873,1.0,,jar Heinz Strained-2 (4 oz),113.0
169874,1.0,,tbsp,15.0
169874,1.0,,jar NFS,170.0
169874,1.0,,jar Heinz Junior-3 (6 oz),170.0
169875,1.0,,tbsp,16.0
169875,1.0,,cup,250.0
169876,1.0,,cup,245.0
169876,1.0,,tbsp,15.0
169877,1.0,,tbsp,15.0
169877,1.0,,cup,240.0
169878,1.0,,tbsp,15.0
169878,1.0,,cup,240.0
169879,1.0,,cup,300.0
169879,1.0,,tbsp,19.0
169880,1.0,,piece,3.0
169881,1.0,,serving,36.0
169882,1.0,,piece,2.0
169883,1.0,,cup (8 fl oz),250.0
169883,1.0,,fl oz,31.2
169884,1.0,,cup,140.0
169885,1.0,,cup,240.0
169886,1.0,,cup,168.0
169887,1.0,,"cup, sliced",140.0
169887,1.0,,frankfurter,70.0
169888,1.0,,slice,56.0
169889,1.0,,cup,150.0
169890,1.0,,cup,150.0
169891,1.0,,cup,128.0
169892,1.0,,cup,136.0
169893,1.0,,tbsp,7.0
169894,1.0,,cup,80.0
169895,1.0,,tablespoon,15.0
169895,1.0,,serving (2 tbsp),30.0
169896,1.0,,cup,196.0
169896,1.0,,tsp,4.2
169896,1.0,,individual packet,3.0
169897,1.0,,tbsp,5.6
169897,1.0,,envelope,20.0
169898,1.0,,cup (8 fl oz),245.0
169898,1.0,,container (8 oz),227.0
169898,1.0,,container (4.4 oz),125.0
169898,1.0,,container (6 oz),170.0
169899,1.0,,cup,80.0
169900,1.0,,serving,74.0
169901,1.0,,slice,21.0
169901,1.0,,cubic inch,18.0
169901,1.0,,cup,224.0
169902,1.0,,lb,453.0
169902,1.0,,oz,28.35
169903,1.0,,"cup, chopped or diced",140.0
169904,1.0,,oz,28.35
169905,1.0,,"cup, chopped or diced",140.0
169906,1.0,,"cubic inch, boneless",17.0
169906,3.0,,"oz, boneless",85.0
169907,1.0,,fruit,1.7
169908,1.0,,medium,16.0
169908,1.0,,large,20.0
169908,1.0,,"cup, cubed",149.0
169908,1.0,,small,13.6
169909,1.0,,fruit without refuse,846.0
169910,1.0,,fruit without refuse,336.0
169910,1.0,,cup pieces,165.0
169911,1.0,,"melon (6"" - 7"" dia)",1280.0
169911,1.0,,"cup, balls",177.0
169911,1.0,,"cup, diced (approx 20 pieces per cup)",170.0
169911,10.0,,honeydew balls,138.0
169911,1.0,,"melon (5-1/4"" dia)",1000.0
169911,1.0,,"wedge (1/8 of 5-1/4"" dia melon)",125.0
169911,1.0,,NLEA serving,134.0
169911,1.0,,"wedge (1/8 of 6"" to 7"" dia melon)",160.0
169912,1.0,,"cup, unthawed",173.0
169913,10.0,,fruit,15.0
169913,1.0,,cup,140.0
169914,1.0,,"medium (2-1/2"" dia)",142.0
169914,1.0,,cup slices,143.0
169914,1.0,,NLEA serving,140.0
169914,1.0,,"large (2-3/4"" dia)",156.0
169914,1.0,,"small (2-1/3"" dia)",129.0
169915,10.0,,fruit,11.0
169915,1.0,,cup,140.0
169916,1.0,,"cup sections, without membranes",180.0
169916,1.0,,"fruit (2-5/8"" dia)",121.0
169917,1.0,,"cup sections, without membranes",165.0
169917,1.0,,"fruit (2-7/8"" dia)",140.0
169917,1.0,,NLEA serving,154.0
169918,1.0,,"fruit (2-11/16"" dia)",151.0
169918,1.0,,"fruit (2-5/8"" dia)",141.0
169918,1.0,,"cup sections, without membranes",185.0
169919,1.0,,fruit without seeds,159.0
169919,1.0,,cup,170.0
169920,1.0,,fl oz,31.1
169920,1.0,,cup,249.0
169921,1.0,,fl oz,31.1
169921,1.0,,cup,249.0
169922,1.0,,fl oz,33.0
169922,1.0,,cup,262.0
169923,1.0,,cup,262.0
169923,1.0,,fl oz,33.0
169924,1.0,,cup,252.0
169925,1.0,,cup,247.0
169925,1.0,,fl oz,30.9
169926,1.0,,"fruit, small",157.0
169926,1.0,,"fruit, large",781.0
169926,1.0,,"cup, mashed",230.0
169926,1.0,,"cup 1"" pieces",145.0
169927,1.0,,piece,39.0
169928,1.0,,"small (2-1/2"" dia)",130.0
169928,1.0,,NLEA serving,147.0
169928,1.0,,"large (2-3/4"" dia)",175.0
169928,1.0,,"medium (2-2/3"" dia)",150.0
169928,1.0,,cup slices,154.0
169928,1.0,,"extra large (3"" dia)",224.0
169929,1.0,,"cup, halves or slices",244.0
169929,1.0,,"half, with liquid",98.0
169930,1.0,,"cup, halves or slices",248.0
169930,1.0,,"half, with liquid",98.0
169930,1.0,,cup,250.0
169931,1.0,,"cup, halves or slices",247.0
169932,1.0,,cup,116.0
169933,1.0,,cup,242.0
169934,1.0,,"cup, halves",160.0
169934,1.0,,half,13.0
169935,1.0,,cup,258.0
169936,1.0,,"half, with liquid",76.0
169936,1.0,,"cup, halves",248.0
169937,1.0,,"cup, halves",247.0
169937,1.0,,"half, with liquid",76.0
169938,1.0,,"half, with liquid",76.0
169938,1.0,,"cup, halves",251.0
169939,1.0,,cup,266.0
169939,1.0,,"half, with liquid",76.0
169940,1.0,,fl oz,31.2
169940,1.0,,cup,250.0
169941,1.0,,"fruit (2-1/2"" dia)",168.0
169942,1.0,,fruit without refuse,34.0
169943,1.0,,fruit without refuse,25.0
169944,1.0,,"cup, crushed, sliced, or chunks",254.0
169944,1.0,,"slice or ring (3"" dia) with liquid",49.0
169945,1.0,,"cup, crushed, sliced, or chunks",260.0
169946,1.0,,"cup, chunks",245.0
169947,1.0,,fl oz,31.3
169947,1.0,,cup,250.0
169948,1.0,,can (6 fl oz),216.0
169949,1.0,,NLEA serving,151.0
169949,1.0,,"cup, sliced",165.0
169949,1.0,,"fruit (2-1/8"" dia)",66.0
169950,1.0,,plum with liquid,46.0
169950,1.0,,"cup, pitted",249.0
169951,1.0,,"cup, pitted",252.0
169951,1.0,,plum with liquid,46.0
169952,1.0,,"cup, pitted",252.0
169952,1.0,,plum with liquid,46.0
169953,1.0,,cup,160.0
169953,1.0,,package (10 oz),284.0
169954,1.0,,cup,170.0
169954,1.0,,package (10 oz) yields,311.0
169955,1.0,,package (10 oz),284.0
169955,1.0,,cup,164.0
169956,1.0,,cup,180.0
169956,1.0,,package (10 oz) yields,311.0
169957,1.0,,cup,104.0
169957,1.0,,package (12 oz),340.0
169958,0.33,,package (10 oz),94.0
169958,1.0,,package (10 oz),284.0
169959,0.33,,package (10 oz) yields,94.0
169959,1.0,,package (10 oz) yields,284.0
169960,1.0,,cup,245.0
169961,10.0,,"beans (4"" long)",55.0
169961,1.0,,"cup 1/2"" pieces",100.0
169962,1.0,,package (10 oz),284.0
169962,1.0,,cup,121.0
169963,1.0,,cup,135.0
169964,1.0,,cup,111.0
169965,1.0,,"cup 1/2"" pieces",116.0
169966,1.0,,slice,8.0
169966,1.0,,can (303 x 406),294.0
169966,1.0,,beet,24.0
169966,1.0,,cup slices,170.0
169966,1.0,,"cup, shredded",195.0
169966,1.0,,"cup, whole",163.0
169966,1.0,,"cup, diced",157.0
169967,1.0,,"stalk, large (11""-12"" long)",280.0
169967,1.0,,"spear (about 5"" long)",37.0
169967,0.5,,"cup, chopped",78.0
169967,1.0,,"stalk, medium (7-1/2"" - 8"" long)",180.0
169967,1.0,,"stalk, small (5"" long)",140.0
169968,1.0,,package (10 oz),284.0
169968,1.0,,cup,156.0
169969,1.0,,cup,184.0
169970,1.0,,package (10 oz),284.0
169970,1.0,,package (2 lb),907.0
169970,0.33,,package (10 oz),95.0
169971,0.5,,cup,78.0
169971,1.0,,sprout,21.0
169972,0.33,,package (10 oz),95.0
169972,1.0,,package (2 lb),907.0
169972,1.0,,package (10 oz),284.0
169973,1.0,,cup,155.0
169974,1.0,,root,156.0
169974,1.0,,"cup (1"" pieces)",118.0
169975,1.0,,"leaf, large",33.0
169975,1.0,,"head, medium (about 5-3/4"" dia)",908.0
169975,1.0,,"cup, chopped",89.0
169975,1.0,,"cup, shredded",70.0
169975,1.0,,"leaf, medium",23.0
169975,1.0,,leaf,15.0
169975,1.0,,"head, large (about 7"" dia)",1248.0
169975,1.0,,"head, small (about 4-1/2"" dia)",714.0
169976,0.5,,"cup, shredded",75.0
169976,1.0,,head,1262.0
169977,1.0,,"cup, shredded",70.0
169977,1.0,,"cup, chopped",89.0
169977,1.0,,leaf,23.0
169977,1.0,,"head, medium (about 5"" dia)",839.0
169977,1.0,,"head, large (about 5-1/2"" dia)",1134.0
169977,1.0,,"head, small (4"" dia)",567.0
169978,0.5,,"cup, shredded",75.0
169978,1.0,,leaf,22.0
169979,1.0,,"cup, shredded",76.0
169980,1.0,,leaf,14.0
169980,1.0,,"cup, shredded",119.0
169981,1.0,,"cup, shredded",178.0
169983,0.5,,cup slices,64.0
169983,1.0,,package (10 oz),284.0
169984,1.0,,"cup, sliced",146.0
169985,1.0,,cup,206.0
169985,1.0,,root,408.0
169986,1.0,,floweret,13.0
169986,1.0,,"head medium (5-6"" dia.)",588.0
169986,1.0,,"head small (4"" dia.)",265.0
169986,1.0,,"head large (6-7"" dia.)",840.0
169986,1.0,,"cup chopped (1/2"" pieces)",107.0
169987,1.0,,cup pieces,155.0
169988,1.0,,tbsp,7.5
169988,1.0,,"stalk, medium (7-1/2"" - 8"" long)",40.0
169988,1.0,,"stalk, small (5"" long)",17.0
169988,1.0,,cup chopped,101.0
169988,1.0,,"strip (4"" long)",4.0
169988,1.0,,NLEA serving,110.0
169988,1.0,,"stalk, large (11""-12"" long)",64.0
169989,1.0,,"cup, diced",150.0
169989,2.0,,stalks,75.0
169990,1.0,,leaf,8.0
169991,1.0,,leaf,48.0
169991,1.0,,cup,36.0
169992,1.0,,"cup, chopped",29.0
169993,0.5,,"cup (1"" pieces)",45.0
169993,1.0,,root,60.0
169994,1.0,,tsp chopped,1.0
169994,1.0,,tbsp chopped,3.0
169995,1.0,,"cup (1"" pieces)",25.0
169995,1.0,,"stem (8-3/4"" long)",14.0
169996,1.0,,"cup, chopped",170.0
169997,9.0,,sprigs,20.0
169997,0.25,,cup,4.0
169998,1.0,,"ear, medium (6-3/4"" to 7-1/2"" long) yields",102.0
169998,1.0,,cup,145.0
169998,1.0,,"ear, small (5-1/2"" to 6-1/2"" long)",73.0
169998,1.0,,"ear, large (7-3/4"" to 9"" long) yields",143.0
169999,1.0,,"ear small (5-1/2"" to 6-1/2"" long)",89.0
169999,1.0,,cup cut,149.0
169999,1.0,,baby ear,8.0
169999,1.0,,"ear medium (6-3/4"" to 7-1/2"" long)",103.0
169999,1.0,,"ear large (7-3/4"" to 9"" long)",118.0
170000,1.0,,"cup, chopped",160.0
170000,1.0,,"slice, medium (1/8"" thick)",14.0
170000,1.0,,"medium (2-1/2"" dia)",110.0
170000,1.0,,large,150.0
170000,10.0,,rings,60.0
170000,1.0,,tbsp chopped,10.0
170000,1.0,,"cup, sliced",115.0
170000,1.0,,"slice, thin",9.0
170000,1.0,,small,70.0
170000,1.0,,"slice, large (1/4"" thick)",38.0
170001,1.0,,small,60.0
170001,1.0,,large,128.0
170001,1.0,,cup,210.0
170001,1.0,,"slice, large (1/4"" thick)",32.0
170001,1.0,,"slice, thin",8.0
170001,1.0,,tbsp chopped,15.0
170001,1.0,,"slice, medium (1/8"" thick)",12.0
170001,1.0,,medium,94.0
170002,1.0,,tbsp,5.0
170002,0.25,,cup,14.0
170003,1.0,,onion,63.0
170003,0.5,,"cup, chopped or diced",112.0
170004,1.0,,cup chopped,87.0
170005,1.0,,"small (3"" long)",5.0
170005,1.0,,tbsp chopped,6.0
170005,1.0,,"cup, chopped",100.0
170005,1.0,,"medium (4-1/8"" long)",15.0
170005,1.0,,large,25.0
170006,1.0,,cup chopped,71.0
170006,1.0,,tbsp,6.0
170006,1.0,,stalk,12.0
170008,1.0,,NLEA serving,148.0
170008,1.0,,onion,331.0
170009,1.0,,"parsnip (9"" long)",160.0
170009,0.5,,cup slices,78.0
170010,1.0,,"cup, whole",63.0
170010,10.0,,pea pods,34.0
170010,1.0,,"cup, chopped",98.0
170011,1.0,,cup,160.0
170012,1.0,,package (10 oz),284.0
170012,1.0,,cup,144.0
170013,1.0,,can (303 x 406),313.0
170013,1.0,,cup,175.0
170014,1.0,,cup,227.0
170014,0.5,,cup,114.0
170015,1.0,,cup,163.0
170015,1.0,,can,257.0
170016,1.0,,package,284.0
170016,1.0,,cup,134.0
170017,0.5,,cup,80.0
170017,1.0,,package (10 oz) yields,253.0
170018,0.5,,cup,80.0
170018,1.0,,package (10 oz) yields,278.0
170019,1.0,,cup,120.0
170020,1.0,,package (10 oz),284.0
170020,0.5,,cup,69.0
170021,1.0,,cup,180.0
170022,0.33,,package (10 oz),95.0
170022,1.0,,package (10 oz),284.0
170024,1.0,,cup chopped,115.0
170025,10.0,,seeds,4.0
170025,1.0,,cup,154.0
170026,1.0,,"Potato small (1-3/4"" to 2-1/2"" dia)",170.0
170026,0.5,,"cup, diced",75.0
170026,1.0,,"Potato large (3"" to 4-1/4"" dia)",369.0
170026,1.0,,"Potato medium (2-1/4"" to 3-1/4"" dia)",213.0
170027,0.5,,"cup, diced",75.0
170027,1.0,,"potato large (3"" to 4-1/4"" dia)",369.0
170027,1.0,,"Potato medium (2-1/4"" to 3-1/4"" dia)",213.0
170027,1.0,,"Potato small (1-3/4"" to 2-1/4"" dia)",170.0
170028,1.0,,"small (1-3/4"" to 2-1/4"" dia.)",92.0
170028,1.0,,"large (3"" to 4-1/4"" dia.)",369.0
170028,1.0,,"medium (2+-1/4"" to 3-1/4"" dia.)",213.0
170028,0.5,,"cup, diced",75.0
170029,1.0,,"potato large (3"" to 4-1/4"" dia)",369.0
170029,1.0,,"potato small (1-3/4"" to 2-1/4"" dia)",170.0
170029,0.5,,"cup, diced",75.0
170029,1.0,,"potato medium (2-1/4"" to 3-1/4"" dia)",213.0
170030,1.0,,"potato medium (2-1/4"" to 3-1/4"" dia.)",173.0
170030,1.0,,"potato large (3"" to 4-1/4"" dia.",299.0
170030,1.0,,"potato small (1-3/4"" to 2-1/2"" dia.)",138.0
170031,3.0,,oz,85.0
170032,1.0,,skin,38.0
170033,1.0,,"potato (2-1/3"" x 4-3/4"")",156.0
170033,0.5,,cup,61.0
170034,1.0,,skin,58.0
170035,1.0,,skin,58.0
170036,1.0,,cup,156.0
170037,1.0,,cup,210.0
170038,1.0,,cup,245.0
170039,1.0,,cup,200.0
170040,1.0,,cup,210.0
170041,1.0,,cup,200.0
170042,1.0,,cup,210.0
170043,0.5,,cup,105.0
170043,1.0,,package (12 oz),340.0
170044,1.0,,cup prepared,150.0
170044,1.0,,"package yield, 12 oz",205.0
170044,1.0,,"patty, oval (approx 3"" x 1-1/2"" x 1/2"")",29.0
170045,1.0,,package (6 oz),170.0
170047,1.0,,cup,120.0
170047,10.0,,pieces,91.0
170048,1.0,,puff,7.0
170048,1.0,,cup,128.0
170048,10.0,,puffs,79.0
170048,10.0,,Crispy Crowns,60.0
170050,1.0,,cup,240.0
170050,2.0,,medium,246.0
170051,1.0,,cup,240.0
170051,1.0,,medium,111.0
170051,1.0,,large,164.0
170051,1.0,,small,82.0
170051,1.0,,can,190.0
170051,1.0,,tbsp,15.0
170052,1.0,,cup,255.0
170053,1.0,,cup,241.0
170054,1.0,,cup,245.0
170055,1.0,,cup,245.0
170056,1.0,,cup,245.0
170057,1.0,,"can, 15 oz (303 x 406)",425.0
170057,0.5,,cup,122.0
170058,1.0,,"cup, mashed",230.0
170058,1.0,,"cup, cubes",156.0
170059,1.0,,"package, mashed (10 oz)",284.0
170059,0.33,,"package, mashed (10 oz)",94.0
170060,1.0,,cup,156.0
170061,1.0,,"cup, chopped",55.0
170062,1.0,,cup,163.0
170063,1.0,,cup,253.0
170063,6.0,,fl oz,182.0
170064,1.0,,cup,245.0
170065,1.0,,cup,163.0
170066,4.0,,waterchestnuts,36.0
170066,0.5,,cup slices,62.0
170067,0.5,,cup slices,70.0
170067,4.0,,waterchestnuts,28.0
170068,10.0,,sprigs,25.0
170068,1.0,,sprig,2.5
170068,1.0,,"cup, chopped",34.0
170069,1.0,,"cup, cubes",132.0
170069,1.0,,waxgourd,5700.0
170071,1.0,,"cup, cubes",150.0
170072,0.5,,"cup, cubes",68.0
170072,1.0,,"cup, cubes",136.0
170073,1.0,,slice,6.0
170073,1.0,,medium,659.0
170073,1.0,,small,365.0
170073,1.0,,cup,130.0
170073,1.0,,cup slices,120.0
170073,1.0,,large,1200.0
170075,0.25,,cup,0.8
170075,1.0,,tbsp,0.2
170076,1.0,,"cup, chopped",133.0
170078,1.0,,cup,100.0
170079,1.0,,cup,125.0
170080,1.0,,"cup, sliced",104.0
170080,1.0,,pepper,22.0
170080,1.0,,"cup, chopped",136.0
170081,1.0,,"radish (7"" long)",17.0
170081,0.5,,cup slices,50.0
170082,1.0,,tbsp,0.9
170082,0.25,,cup,3.6
170083,1.0,,cup,228.0
170083,1.0,,can (404 x 307),638.0
170084,1.0,,cup,196.0
170085,1.0,,cup,244.0
170085,1.0,,"can, 15 oz (303 x 406)",425.0
170088,1.0,,"piece (2-1/2"" x 2"" dia)",105.0
170089,1.0,,recipe yield,604.0
170089,1.0,,cup,101.0
170092,1.0,,"medium 3-1/4 in. x 3-5/8 in., 5/8 in. thick.",37.0
170092,1.0,,"small 2-3/4 in. dia., 5/8 in. thick.",22.0
170093,1.0,,NLEA serving,148.0
170093,1.0,,potato large,299.0
170093,1.0,,potato medium,173.0
170093,1.0,,potato small,138.0
170094,1.0,,"potato (2-3/4"" dia by 4-3/4"" long)",202.0
170095,1.0,,cup,38.0
170096,1.0,,tomato,212.0
170096,1.0,,"cup, chopped",139.0
170097,1.0,,cup pieces,145.0
170097,4.0,,mushrooms,72.0
170098,0.5,,cup slices,80.0
170098,8.0,,"pods (3"" long)",85.0
170099,1.0,,package (10 oz) yields,255.0
170099,0.5,,cup slices,92.0
170100,1.0,,tbsp chopped,15.0
170100,1.0,,large,128.0
170100,1.0,,small,60.0
170100,1.0,,cup,210.0
170100,1.0,,slice thin,8.0
170100,1.0,,"slice medium (1/8"" thick)",12.0
170100,1.0,,medium,94.0
170100,1.0,,"slice large (1/4"" thick)",32.0
170101,1.0,,tbsp chopped,15.0
170101,0.5,,"cup, chopped or diced",105.0
170102,1.0,,cup,160.0
170103,1.0,,can (303 x 406),482.0
170103,0.5,,cup,124.0
170104,0.5,,cup,85.0
170104,1.0,,can (303 x 406),313.0
170105,1.0,,package (10 oz) yields,253.0
170105,0.5,,cup,80.0
170106,1.0,,pepper,45.0
170106,0.5,,"cup, chopped or diced",75.0
170107,0.5,,"cup, chopped or diced",68.0
170107,1.0,,pepper,73.0
170108,1.0,,"large (2-1/4 per pound, approx 3-3/4"" long, 3"" dia.)",164.0
170108,1.0,,tablespoon,9.3
170108,1.0,,"cup, sliced",92.0
170108,1.0,,"cup, chopped",149.0
170108,1.0,,"ring (3"" dia., 1/4"" thick)",10.0
170108,1.0,,"medium (approx 2-3/4"" long, 2-1/2 dia.)",119.0
170108,1.0,,small,74.0
170109,0.5,,"cup, chopped",92.0
170109,1.0,,pepper,73.0
170109,1.0,,tbsp,11.6
170110,1.0,,tbsp,11.6
170110,1.0,,"cup, strips",135.0
170110,0.5,,"cup, chopped",68.0
170111,1.0,,"potato medium (2-1/4"" to 3-1/4"" dia)",173.0
170111,1.0,,NLEA serving,148.0
170111,1.0,,"potato small (1-3/4"" to 2-1/2"" dia)",138.0
170111,1.0,,"potato large (3"" to 4-1/4"" dia)",299.0
170111,0.5,,cup,61.0
170112,0.5,,cup,61.0
170112,1.0,,"potato (2-1/3"" x 4-3/4"")",156.0
170113,1.0,,skin,58.0
170114,0.5,,cup,78.0
170114,1.0,,"potato (2-1/2"" dia, sphere)",136.0
170115,1.0,,skin,58.0
170117,10.0,,strips,50.0
170117,1.0,,package (9 oz) yields,198.0
170118,10.0,,strip,74.0
170119,1.0,,cup,134.0
170120,1.0,,cup,71.0
170121,1.0,,cup,115.0
170122,1.0,,cup slices,147.0
170123,1.0,,cup,234.0
170124,0.5,,cup,95.0
170124,1.0,,package (10 oz) yields,220.0
170125,1.0,,cup slices,180.0
170126,1.0,,cup slices,180.0
170127,1.0,,"cup, cubes",205.0
170128,1.0,,"cup, cubes",205.0
170129,1.0,,"cup, mashed",245.0
170130,1.0,,"cup, cubes",205.0
170131,1.0,,cup,170.0
170132,1.0,,"cup, chopped",98.0
170133,1.0,,cup,64.0
170134,0.5,,"cup, mashed",100.0
170134,1.0,,"medium (2"" dia, 5"" long, raw)",114.0
170135,1.0,,cup slices,140.0
170136,1.0,,cup slices,137.0
170137,1.0,,cup,240.0
170137,0.5,,cup,120.0
170137,1.0,,NLEA serving,121.0
170138,1.0,,large,164.0
170138,1.0,,tbsp,15.0
170138,1.0,,can,190.0
170138,1.0,,medium,111.0
170138,0.5,,cup,120.0
170138,1.0,,small,82.0
170138,1.0,,cup,240.0
170139,1.0,,"cup, chopped",144.0
170140,1.0,,package (10 oz) yields,220.0
170140,0.5,,cup,82.0
170141,1.0,,cup,163.0
170141,0.5,,cup,86.0
170142,0.5,,cup,91.0
170142,1.0,,package (10 oz) yields,275.0
170143,1.0,,piece whole,84.0
170143,1.0,,cup diced,86.0
170144,1.0,,oz,28.35
170145,1.0,,oz,28.35
170146,1.0,,oz,28.35
170147,1.0,,oz,28.35
170148,3.0,,tbsp,30.0
170149,1.0,,oz (42 medium seeds),28.35
170149,1.0,,cup,32.0
170150,1.0,,cup,144.0
170150,1.0,,tbsp,9.0
170151,1.0,,oz,28.35
170152,1.0,,cup,128.0
170152,1.0,,oz,28.35
170153,1.0,,oz,28.35
170154,1.0,,oz,28.35
170154,1.0,,cup,134.0
170155,1.0,,tbsp,16.0
170155,1.0,,oz,28.35
170156,1.0,,tbsp,4.0
170156,1.0,,cup,64.0
170157,1.0,,oz,28.35
170158,1.0,,cup whole kernels,138.0
170158,1.0,,oz (22 whole kernels),28.35
170159,1.0,,oz (22 whole kernels),28.35
170159,1.0,,cup whole kernels,157.0
170160,1.0,,"cup, firmly packed",227.0
170160,1.0,,oz,28.35
170161,1.0,,oz,28.35
170162,1.0,,oz,28.35
170163,1.0,,tbsp,16.0
170163,1.0,,oz,28.35
170164,1.0,,oz,28.35
170165,1.0,,oz,28.35
170166,1.0,,oz,28.35
170167,1.0,,oz,28.35
170168,1.0,,oz,28.35
170169,1.0,,"cup, shredded",80.0
170169,1.0,,medium,397.0
170169,1.0,,"piece (2"" x 2"" x 1/2"")",45.0
170170,1.0,,oz,28.35
170171,1.0,,tbsp,19.0
170171,1.0,,cup,296.0
170172,1.0,,tbsp,15.0
170172,1.0,,cup,240.0
170173,1.0,,cup,226.0
170173,1.0,,tbsp,15.0
170174,1.0,,coconut yields,206.0
170174,1.0,,cup,240.0
170174,1.0,,tbsp,15.0
170175,1.0,,oz,28.35
170176,1.0,,cup (78 kernels),155.0
170176,1.0,,oz (14 kernels),28.35
170177,1.0,,nut,3.0
170177,1.0,,oz,28.35
170177,1.0,,cup,120.0
170178,1.0,,"cup, whole or halves",134.0
170178,1.0,,oz (10-12 kernels),28.35
170179,1.0,,oz (10-12 kernels),28.35
170179,1.0,,"cup, whole or halves",132.0
170180,1.0,,oz,28.35
170181,1.0,,cup,132.0
170182,1.0,,oz (19 halves),28.35
170182,1.0,,"cup, chopped",109.0
170182,1.0,,"cup, halves",99.0
170183,1.0,,oz,28.35
170184,1.0,,oz (49 kernels),28.35
170184,1.0,,cup,123.0
170184,1.0,,kernel,0.7
170185,1.0,,kernel,0.7
170185,1.0,,oz (49 kernels),28.35
170185,1.0,,cup,123.0
170186,1.0,,oz,28.35
170186,1.0,,tbsp,7.8
170186,1.0,,"cup, chopped",125.0
170187,1.0,,"cup, ground",80.0
170187,1.0,,"cup, chopped",117.0
170187,1.0,,"cup, in shell, edible yield (7 nuts)",28.0
170187,1.0,,cup pieces or chips,120.0
170187,1.0,,cup shelled (50 halves),100.0
170187,1.0,,oz (14 halves),28.35
170188,1.0,,cup,64.0
170188,1.0,,oz (85 seeds),28.35
170189,1.0,,tbsp,15.0
170189,1.0,,oz,28.35
170190,1.0,,oz,28.35
170190,10.0,,kernels,84.0
170190,1.0,,cup,143.0
170191,1.0,,tbsp,16.0
170192,1.0,,oz,28.35
170193,1.0,,oz,28.35
170193,4.0,,oz,113.0
170194,1.0,,oz,28.35
170194,4.0,,oz,113.0
170195,3.0,,oz,85.0
170195,1.0,,"piece, cooked, excluding refuse (yield from 1 lb raw meat with refuse)",381.0
170196,4.0,,oz,113.0
170196,1.0,,oz,28.35
170197,3.0,,slices,68.0
170197,1.0,,"package (net weight, 12 oz)",340.0
170198,1.0,,"package, cooked (yield from 12 oz raw product)",170.0
170198,3.0,,slices,34.0
170199,1.0,,oz,28.35
170199,1.0,,lb,453.6
170200,1.0,,"piece, cooked, excluding refuse (yield from 1 lb raw meat with refuse)",320.0
170200,3.0,,oz,85.0
170201,1.0,,steak,356.0
170201,3.0,,oz,85.0
170202,1.0,,"slice (1 oz) (4"" x 4"" x 3/32"" thick)",28.0
170203,1.0,,steak,349.0
170203,3.0,,oz,85.0
170204,1.0,,slice (1 oz),28.0
170204,1.0,,"package, 2.5 oz",71.0
170205,4.0,,oz,113.0
170205,1.0,,steak,473.0
170206,3.0,,oz,85.0
170207,3.0,,oz,85.0
170208,3.0,,oz,85.0
170209,3.0,,oz,85.0
170210,1.0,,steak (yield from 418g raw meat),270.0
170210,3.0,,oz,85.0
170211,1.0,,"piece, cooked, excluding refuse (yield from 1 lb raw meat with refuse)",314.0
170211,3.0,,oz,85.0
170212,1.0,,"piece, cooked, excluding refuse (yield from 1 lb raw meat with refuse)",232.0
170212,3.0,,oz,85.0
170213,1.0,,roast (yield from 1601 g raw meat),1166.0
170213,3.0,,oz,85.0
170214,3.0,,oz,85.0
170214,1.0,,roast,629.0
170215,3.0,,oz,85.0
170215,1.0,,"piece, cooked, excluding refuse (yield from 1 lb raw meat with refuse)",191.0
170216,1.0,,roast,658.0
170216,3.0,,oz,85.0
170217,3.0,,oz,85.0
170217,1.0,,roast,629.0
170218,1.0,,"piece, cooked, excluding refuse (yield from 1 lb raw meat with refuse)",217.0
170218,3.0,,oz,85.0
170219,1.0,,steak (yield from 233 g raw meat),233.0
170219,3.0,,oz,85.0
170220,3.0,,oz,85.0
170220,1.0,,"piece, cooked, excluding refuse (yield from 1 lb raw meat with refuse)",272.0
170221,3.0,,oz,85.0
170221,1.0,,"piece, cooked, excluding refuse (yield from 1 lb raw meat with refuse)",265.0
170222,1.0,,roast (yield from 600 g raw meat),489.0
170222,3.0,,oz,85.0
170223,1.0,,steak (yield from 299 g raw meat),191.0
170223,3.0,,oz,85.0
170224,3.0,,oz,85.0
170224,1.0,,roast (yield from 627 g raw meat),515.0
170225,1.0,,steak (yield from 281 g raw meat),179.0
170225,3.0,,oz,85.0
170226,3.0,,oz,85.0
170226,1.0,,steak (yield from 281 g raw meat),179.0
170227,1.0,,roast (yield from 572 g raw meat),464.0
170227,3.0,,oz,85.0
170228,3.0,,oz,85.0
170228,1.0,,roast (yield from 436 g raw meat),346.0
170228,1.0,,"piece, cooked, excluding refuse (yield from 1 lb raw meat with refuse)",333.0
170229,1.0,,roast (yield from 445 g raw meat),355.0
170229,3.0,,oz,85.0
170230,3.0,,oz,85.0
170230,1.0,,"piece, cooked, excluding refuse (yield from 1 lb raw meat with refuse)",330.0
170231,1.0,,roast (yield from 1405 g raw meat),1138.0
170231,3.0,,oz,85.0
170232,3.0,,oz,85.0
170232,1.0,,roast (yield from 1388 g raw meat),1141.0
170233,1.0,,"piece, cooked, excluding refuse (yield from 1 lb raw meat with refuse)",320.0
170233,3.0,,oz,85.0
170234,3.0,,oz,85.0
170234,1.0,,"piece, cooked, excluding refuse (yield from 1 lb raw meat with refuse)",267.0
170235,3.0,,oz,85.0
170235,1.0,,"piece, cooked, excluding refuse (yield from 1 lb raw meat with refuse)",261.0
170236,3.0,,oz,85.0
170236,1.0,,"piece, cooked, excluding refuse (yield from 1 lb raw meat with refuse)",261.0
170237,1.0,,steak,117.0
170237,3.0,,oz,85.0
170238,3.0,,oz,85.0
170238,1.0,,steak (yield from 161 g raw meat),126.0
170239,1.0,,steak,119.0
170239,3.0,,oz,85.0
170240,1.0,,steak (yield from 203 g raw meat),164.0
170240,3.0,,oz,85.0
170241,1.0,,package (3.12 oz),88.0
170241,1.0,,"portion, amount to make 1/2 cup",22.0
170242,1.0,,package (3 oz),85.0
170242,1.0,,"portion, amount to make 1/2 cup",21.0
170243,1.0,,package (3.5 oz),92.0
170243,1.0,,"portion, amount to make 1/2 cup",23.0
170244,1.0,,bag (8 oz),227.0
170244,1.0,,oz,28.35
170245,1.0,,oz,28.35
170246,1.0,,cup,8.0
170246,1.0,,oz,28.35
170247,1.0,,cup,11.0
170247,1.0,,oz,28.35
170248,1.0,,bag (8 oz),227.0
170248,1.0,,oz,28.35
170249,10.0,,twists,60.0
170249,1.0,,oz,28.35
170250,1.0,,cake,9.0
170250,2.0,,cakes,18.0
170251,1.0,,cake,9.0
170251,2.0,,cakes,18.0
170252,1.0,,cake,9.0
170252,2.0,,cakes,18.0
170253,1.0,,oz,28.35
170254,1.0,,oz,28.35
170255,1.0,,serving 1.2 fl oz pop,33.0
170256,1.0,,oz,28.35
170257,1.0,,serving 1 packet,1.0
170258,1.0,,serving,84.0
170259,1.0,,serving 1.75 fl oz pop,55.0
170260,1.0,,serving 3.5 fl oz bar,74.0
170261,1.0,,serving 1/2 cup,68.0
170262,1.0,,serving 1/2 cup,68.0
170263,1.0,,serving 1/2 cup,68.0
170264,1.0,,serving 1/2 cup,69.0
170265,1.0,,serving 1/2 cup,72.0
170266,1.0,,serving 1 pop,44.0
170267,1.0,,serving 2 pops,80.0
170268,1.0,,serving 1/2 cup,68.0
170269,1.0,,serving 1/2 cup,68.0
170270,1.0,,individual (3.5 fl oz),58.0
170271,1.0,,bar,162.0
170271,1.0,,oz,28.35
170272,1.0,,oz,28.35
170272,1.0,,bar,112.0
170273,1.0,,oz,28.35
170273,1.0,,bar,101.0
170274,1.0,,oz,28.35
170274,1.0,,bar,127.0
170275,1.0,,serving 1.5 oz,42.0
170276,60.0,,milliliter,80.0
170277,1.0,,tsp,6.9
170277,0.25,,cup,55.0
170278,1.0,,piece,60.0
170279,1.0,,serving,44.0
170280,1.0,,tablespoon,19.0
170281,1.0,,serving,14.0
170282,1.0,,bar,47.0
170283,1.0,,cup,184.0
170284,1.0,,cup,200.0
170285,1.0,,cup,157.0
170286,1.0,,cup,170.0
170287,1.0,,cup,182.0
170287,1.0,,tbsp,8.4
170288,1.0,,cup,166.0
170289,1.0,,cup,76.0
170290,1.0,,cup,117.0
170291,1.0,,serving,80.0
170292,1.0,,serving,222.0
170293,1.0,,sandwich,155.0
170294,1.0,,sandwich,182.0
170295,1.0,,sandwich,187.0
170296,1.0,,sandwich,220.0
170297,1.0,,sandwich,134.0
170298,12.0,,inch sub,381.0
170298,6.0,,inch sub,190.0
170299,12.0,,inch sub,474.0
170299,6.0,,inch sub,237.0
170300,1.0,,package,116.0
170300,1.0,,cup,191.0
170301,1.0,,piece,22.0
170302,1.0,,biscuit,55.0
170303,1.0,,serving 4 pieces,201.0
170303,1.0,,strip,50.0
170304,1.0,,serving,77.0
170304,1.0,,piece,5.5
170305,1.0,,slice 1/8 per pizza,155.0
170305,1.0,,slice 1/10 per pizza,124.0
170306,6.0,,inch sub,228.0
170306,12.0,,inch sub,457.0
170307,12.0,,inch sub,413.0
170307,6.0,,inch sub,207.0
170308,12.0,,inch sub,413.0
170308,6.0,,inch sub,207.0
170309,12.0,,inch sub,396.0
170309,6.0,,inch sub,198.0
170310,12.0,,inch sub,401.0
170310,6.0,,inch sub,201.0
170311,6.0,,inch sub,201.0
170311,12.0,,inch sub,401.0
170312,12.0,,inch sub,296.0
170312,6.0,,inch sub,148.0
170313,6.0,,inch sub,148.0
170313,12.0,,inch sub,296.0
170314,6.0,,inch sub,198.0
170314,12.0,,inch sub,396.0
170315,6.0,,inch sub,196.0
170315,12.0,,inch sub,391.0
170316,6.0,,inch sub,237.0
170316,12.0,,inch sub,474.0
170317,1.0,,serving 9 servings per 24 oz package,81.0
170317,1.0,,serving 3 servings per 15.1 oz package,151.0
170317,1.0,,package 15.1 oz pizza,452.0
170317,1.0,,package 24 oz pizza,727.0
170317,1.0,,package 9.8 oz pizza,293.0
170317,1.0,,serving 2 servings per 9.8 oz package,146.0
170317,1.0,,serving 1 serving per 8 oz box,199.0
170317,1.0,,package 8 oz pizza,199.0
170318,1.0,,sandwich,152.0
170319,1.0,,sandwich,134.0
170320,1.0,,item 4 oz,119.0
170321,1.0,,item,171.0
170322,1.0,,item,236.0
170323,1.0,,item,117.0
170324,1.0,,item,129.0
170325,1.0,,item,310.0
170326,1.0,,small 12 oz. cup,227.0
170326,1.0,,junior 6 oz. cup,113.0
170326,1.0,,medium 16 oz. cup,298.0
170327,1.0,,medium serving,117.0
170327,1.0,,small serving,74.0
170327,1.0,,large serving,160.0
170328,1.0,,sandwich,99.0
170329,1.0,,item,133.0
170330,1.0,,sandwich,220.0
170331,1.0,,sandwich,199.0
170332,1.0,,each taco,69.0
170333,1.0,,each taco,102.0
170334,1.0,,item,248.0
170335,1.0,,item,248.0
170336,1.0,,serving,80.0
170337,1.0,,serving,222.0
170338,1.0,,strip,53.0
170339,1.0,,biscuit,49.0
170340,1.0,,cup,191.0
170340,1.0,,package,112.0
170341,1.0,,strip,47.0
170342,1.0,,wing wing without skin,39.0
170342,1.0,,wing bone and skin removed,23.0
170344,1.0,,"breast, bone and skin removed",121.0
170344,1.0,,"breast, without skin",140.0
170345,1.0,,"drumstick, bone and skin removed",41.0
170345,1.0,,"drumstick, without skin",57.0
170346,1.0,,"thigh, with skin",135.0
170346,1.0,,"thigh, bone and skin removed",60.0
170346,1.0,,"thigh, without skin",86.0
170347,1.0,,"wing, without skin",39.0
170347,1.0,,"wing, bone and skin removed",23.0
170347,1.0,,"wing, with skin",60.0
170348,1.0,,"breast, bone and skin removed",121.0
170348,1.0,,"breast, without skin",140.0
170348,1.0,,"breast, with skin",212.0
170349,1.0,,"drumstick, with skin",81.0
170349,1.0,,"drumstick, without skin",57.0
170349,1.0,,"drumstick, bone and skin removed",41.0
170351,1.0,,thigh thigh without skin,83.0
170351,1.0,,thigh bone and skin removed,54.0
170352,1.0,,"wing without skin, bone and breading",16.0
170353,1.0,,"breast, bone and skin removed",99.0
170353,1.0,,"breast, with skin",194.0
170353,1.0,,"breast, without skin",132.0
170354,1.0,,"drumstick, with skin",76.0
170354,1.0,,"drumstick, bone and skin removed",44.0
170354,1.0,,"drumstick, without skin",59.0
170355,1.0,,item,149.0
170356,1.0,,breast without skin,142.0
170356,1.0,,breast bone and skin removed,107.0
170357,1.0,,"drumstick, drumstick without skin",56.0
170357,1.0,,"drumstick, bone and skin removed",40.0
170358,1.0,,thigh without skin,84.0
170358,1.0,,thigh bone and skin removed,66.0
170359,1.0,,thigh bone and skin removed,66.0
170359,1.0,,thigh without skin,84.0
170359,1.0,,thigh with skin,136.0
170360,1.0,,"wing, without skin",37.0
170360,1.0,,"wing, with skin",58.0
170360,1.0,,"wing, bone and skin removed",20.0
170361,1.0,,"pie 12"" diameter",688.0
170361,1.0,,slice 1/4 of pie,164.0
170362,1.0,,"pie 12"" diameter",729.0
170362,1.0,,slice 1/4 of pie,183.0
170363,1.0,,"pie 12"" diameter",876.0
170363,1.0,,slice 1/4 of pie,227.0
170364,1.0,,slice 1/4 of pie,155.0
170364,1.0,,pie 24.8 oz,595.0
170365,1.0,,pizza,1017.0
170365,1.0,,slice,127.0
170366,1.0,,pizza,670.0
170366,1.0,,slice,88.0
170367,1.0,,pizza,932.0
170367,1.0,,slice,116.0
170368,1.0,,sandwich,230.0
170369,1.0,,pizza,634.0
170369,1.0,,slice,80.0
170370,1.0,,slice,79.0
170370,1.0,,pizza,563.0
170371,1.0,,pizza,597.0
170371,1.0,,slice,78.0
170372,1.0,,pizza,1003.0
170372,1.0,,slice,125.0
170373,1.0,,slice,69.0
170373,1.0,,pie,556.0
170374,1.0,,sandwich,162.0
170375,1.0,,cup,38.0
170375,1.0,,leaf,32.0
170375,0.5,,"cup (1"" pieces)",19.0
170376,1.0,,"cup (1"" pieces)",144.0
170376,0.5,,"cup (1"" pieces)",72.0
170377,1.0,,broadbean,8.0
170377,1.0,,cup,109.0
170379,1.0,,bunch,608.0
170379,0.5,,"cup, chopped or diced",44.0
170379,1.0,,stalk,151.0
170379,1.0,,"spear (about 5"" long)",31.0
170379,1.0,,NLEA serving,148.0
170379,1.0,,cup chopped,91.0
170380,1.0,,package (10 oz) yields,250.0
170380,0.5,,cup,92.0
170381,1.0,,cup chopped,40.0
170381,1.0,,stalk,19.0
170382,1.0,,bunch cooked,437.0
170382,1.0,,NLEA serving,85.0
170383,1.0,,sprout,19.0
170383,1.0,,cup,88.0
170384,1.0,,root,166.0
170384,1.0,,"cup (1"" pieces)",125.0
170385,1.0,,cup,94.0
170385,1.0,,petiole,5.0
170387,3.0,,stalks,45.0
170387,1.0,,"cup, chopped",124.0
170388,1.0,,"cup, shredded",70.0
170389,1.0,,"cup, shredded",145.0
170390,1.0,,head,840.0
170390,1.0,,leaf,14.0
170390,1.0,,"cup, shredded",70.0
170391,1.0,,"cup, shredded",170.0
170392,1.0,,cup,150.0
170393,1.0,,cup grated,110.0
170393,1.0,,slice,3.0
170393,1.0,,"strip large (3"" long)",7.0
170393,1.0,,"small (5-1/2"" long)",50.0
170393,1.0,,medium,61.0
170393,1.0,,"large (7-1/4"" to 8-/1/2"" long)",72.0
170393,1.0,,cup chopped,128.0
170393,1.0,,strip medium,4.0
170393,1.0,,cup strips or slices,122.0
170394,1.0,,carrot,46.0
170394,1.0,,tbsp,9.7
170394,0.5,,cup slices,78.0
170395,1.0,,can (303 x 406),454.0
170395,0.5,,cup slices,123.0
170396,1.0,,"cup, sliced",146.0
170396,1.0,,can (303 x 406),284.0
170396,1.0,,slice,2.8
170396,1.0,,"cup, mashed",228.0
170397,0.5,,"cup (1"" pieces)",62.0
170397,3.0,,flowerets,54.0
170398,0.5,,"cup (1"" pieces)",66.0
170398,1.0,,package (10 oz),284.0
170399,1.0,,"cup (1"" pieces)",180.0
170400,1.0,,cup,156.0
170401,1.0,,"cup, chopped",175.0
170402,1.0,,"cup (1"" pieces)",132.0
170402,1.0,,"chayote (5-3/4"")",203.0
170403,1.0,,"cup (1"" pieces)",160.0
170404,0.5,,cup,45.0
170404,1.0,,head,53.0
170405,1.0,,"cup (1"" pieces)",100.0
170406,1.0,,"cup, chopped",36.0
170407,1.0,,"cup, chopped",190.0
170408,0.33,,package (10 oz),95.0
170408,1.0,,package (3 lb),1361.0
170408,1.0,,package (10 oz),284.0
170409,1.0,,can (303 x 406),482.0
170409,1.0,,cup,256.0
170410,0.33,,package (10 oz),95.0
170410,1.0,,package (10 oz),284.0
170411,0.5,,"cup, chopped or diced",105.0
170411,1.0,,tbsp chopped,15.0
170412,1.0,,package (10 oz),284.0
170412,0.33,,package (10 oz),95.0
170413,1.0,,cup,210.0
170414,6.0,,rings,85.0
170414,1.0,,package (9 oz),255.0
170414,1.0,,package (16 oz),454.0
170415,10.0,,"rings, medium (2-3"" dia)",60.0
170415,10.0,,"rings, small (1-2"" dia)",48.0
170415,10.0,,"rings, large (3-4"" dia)",71.0
170415,1.0,,cup,48.0
170416,1.0,,cup chopped,60.0
170416,1.0,,tbsp,3.8
170416,10.0,,sprigs,10.0
170417,1.0,,cup slices,133.0
170418,1.0,,cup,160.0
170418,1.0,,package (10 oz) yields,253.0
170419,1.0,,cup,145.0
170420,1.0,,cup,160.0
170421,1.0,,can (303 x 406),482.0
170421,0.5,,cup,124.0
170422,1.0,,cup,120.0
170424,1.0,,cup,255.0
170425,1.0,,package (10 oz),284.0
170425,0.5,,cup,70.0
170426,0.5,,"cup, chopped or diced",68.0
170426,1.0,,pepper,73.0
170427,1.0,,"cup, chopped",149.0
170427,1.0,,"cup, sliced",92.0
170427,1.0,,"ring (3"" dia, 1/4"" thick)",10.0
170427,10.0,,strips,27.0
170427,1.0,,"large (2-1/4 per lb, approx 3-3/4"" long, 3"" dia)",164.0
170427,1.0,,"medium (approx 2-3/4"" long, 2-1/2"" dia)",119.0
170427,1.0,,small,74.0
170427,1.0,,tbsp,9.3
170428,1.0,,"cup, chopped or strips",135.0
170428,1.0,,"tablespoon, chopped",11.6
170429,1.0,,"cup, halves",140.0
170430,1.0,,cup,153.0
170431,1.0,,cup,240.0
170432,1.0,,cup,160.0
170433,1.0,,cup,165.0
170433,1.0,,tbsp,10.0
170434,1.0,,"potato medium (2-1/4"" to 3-1/4"" dia)",173.0
170434,1.0,,"potato large (3"" to 4-1/4"" dia)",299.0
170434,1.0,,"potato small (1-3/4"" to 2-1/2"" dia)",138.0
170435,1.0,,"potato large (3"" to 4-1/4"" dia.",299.0
170435,1.0,,"potato medium (2-1/4"" to 3-1/4"" dia.)",173.0
170435,1.0,,"potato small (1-3/4"" to 2-1/2"" dia.)",138.0
170436,10.0,,strip,82.0
170436,3.0,,oz,85.0
170437,10.0,,strip,69.0
170438,0.5,,cup,78.0
170438,1.0,,"potato (2-1/2"" dia, sphere)",136.0
170439,1.0,,skin,34.0
170440,1.0,,"small (1-3/4"" to 2-1/2"" dia.)",125.0
170440,1.0,,"large (3"" to 4-1/4"" dia.)",300.0
170440,1.0,,"medium (2-1/4"" to 3-1/4"" dia.)",167.0
170440,0.5,,cup,78.0
170441,0.5,,cup,78.0
170441,1.0,,"potato (2-1/3"" x 4-3/4"")",156.0
170442,1.0,,cup,245.0
170443,1.0,,"cup, whole",300.0
170443,1.0,,can (303 x 406),454.0
170444,1.0,,potato,35.0
170444,1.0,,cup,180.0
170445,1.0,,cup,60.0
170446,1.0,,cup,210.0
170447,1.0,,package (5.5 oz),156.0
170447,0.16,,package (5.5 oz),26.0
170448,1.0,,"package yield, 5.5 oz",822.0
170448,0.16,,package (5.5 oz) yields,137.0
170449,0.16,,package (5.5 oz),26.0
170449,1.0,,package (5.5 oz),156.0
170450,1.0,,"package yield, 5.5 oz",822.0
170450,0.16,,package (5.5 oz) yields,137.0
170450,1.0,,cup (unprepared),245.0
170451,10.0,,strip,30.0
170452,10.0,,strip,21.0
170455,1.0,,cup slices,137.0
170456,1.0,,medium,123.0
170456,1.0,,small,91.0
170456,1.0,,large,182.0
170456,1.0,,cup,180.0
170456,1.0,,slice or wedge,20.0
170457,1.0,,"medium whole (2-3/5"" dia)",123.0
170457,1.0,,"slice, medium (1/4"" thick)",20.0
170457,1.0,,"large whole (3"" dia)",182.0
170457,1.0,,cherry,17.0
170457,1.0,,Italian tomato,62.0
170457,1.0,,"slice, thin/small",15.0
170457,1.0,,"cup, chopped or sliced",180.0
170457,1.0,,"small whole (2-2/5"" dia)",91.0
170457,1.0,,"slice, thick/large (1/2"" thick)",27.0
170457,1.0,,cup cherry tomatoes,149.0
170457,1.0,,wedge (1/4 of medium tomato),31.0
170457,1.0,,NLEA serving,148.0
170457,1.0,,plum tomato,62.0
170458,1.0,,cup,243.0
170458,6.0,,fl oz,182.0
170459,1.0,,can (6 oz),170.0
170459,1.0,,tbsp,16.0
170459,0.25,,cup,66.0
170459,1.0,,cup,262.0
170460,1.0,,cup,250.0
170460,1.0,,can (29 oz) (401 x 411),822.0
170462,1.0,,cup,250.0
170462,1.0,,"can, 15 oz (303 x 406)",411.0
170463,1.0,,cup,244.0
170463,1.0,,"can, 15 oz (303 x 406)",425.0
170464,0.5,,"cup, chopped",71.0
170464,1.0,,"frond (6-1/2"" long)",31.0
170465,1.0,,medium,122.0
170465,1.0,,slice,15.0
170465,1.0,,"cup, cubes",130.0
170465,0.5,,"cup, cubes",65.0
170465,1.0,,small,61.0
170465,1.0,,large,183.0
170466,1.0,,"cup, chopped",144.0
170467,1.0,,"can, 15 oz (303 x 406)",425.0
170467,0.5,,cup,117.0
170468,0.5,,"cup, chopped or diced",82.0
170468,1.0,,package (10 oz),284.0
170469,1.0,,cup,164.0
170469,1.0,,package (10 oz) yields,220.0
170470,1.0,,package (3 lb),1361.0
170470,0.33,,package (10 oz),95.0
170470,1.0,,package (10 oz),284.0
170471,0.33,,package (10 oz),95.0
170471,1.0,,package (10 oz),284.0
170471,1.0,,pack (2-1/2 lb),1134.0
170472,1.0,,package (10 oz) yields,275.0
170472,0.5,,cup,91.0
170473,6.0,,fl oz,182.0
170473,1.0,,cup,254.0
170475,1.0,,"cup, cubes",175.0
170476,1.0,,cup slices,44.0
170476,1.0,,pod,16.0
170477,1.0,,cup,62.0
170479,1.0,,cup slices,246.0
170480,1.0,,cup slices,227.0
170481,1.0,,"cup (1"" pieces)",89.0
170483,1.0,,cup slices,100.0
170483,1.0,,"pod (15-1/3"" long)",11.0
170484,1.0,,cup slices,118.0
170485,0.25,,cup,0.8
170485,1.0,,tbsp,0.2
170486,0.25,,cup,1.4
170486,1.0,,tbsp,0.4
170487,1.0,,slice,9.9
170487,1.0,,"cup, sliced",113.0
170487,1.0,,small,118.0
170487,1.0,,medium,196.0
170487,1.0,,large,323.0
170488,1.0,,"cup, sliced",180.0
170489,1.0,,"cup, cubes",116.0
170490,1.0,,"cup, cubes",205.0
170491,1.0,,cup,236.0
170491,1.0,,fl oz,29.5
170492,0.66,,cup (#6 scoop),167.0
170492,1.0,,cup,250.0
170493,1.0,,cup,210.0
170494,1.0,,recipe yield,813.0
170494,1.0,,cup,136.0
170495,1.0,,cup,112.0
170495,1.0,,tablespoon,7.0
170496,2.0,,tbsp (1/8 cup),10.0
170497,1.0,,pepper,45.0
170497,0.5,,"cup, chopped or diced",75.0
170498,1.0,,cup,194.0
170498,1.0,,recipe yield,1162.0
170499,1.0,,tbsp chopped,10.0
170500,1.0,,cup,74.0
170501,0.5,,cup,121.0
170502,1.0,,"cup, chopped",158.0
170502,1.0,,tomato,111.0
170503,1.0,,"cup, chopped",140.0
170504,1.0,,package (10 oz) yields,212.0
170504,1.0,,"cup, chopped or diced",150.0
170505,1.0,,"cup, chopped",180.0
170506,1.0,,"cup, chopped",180.0
170507,1.0,,cup,210.0
170508,1.0,,"parsnip (9"" long)",160.0
170508,0.5,,cup slices,78.0
170509,1.0,,cup,160.0
170510,1.0,,package (10 oz) yields,253.0
170510,1.0,,cup,160.0
170512,1.0,,cup,255.0
170513,1.0,,package (10 oz) yields,278.0
170513,0.5,,cup,80.0
170514,1.0,,cup,180.0
170515,1.0,,pepper,73.0
170515,0.5,,"cup, chopped",92.0
170515,1.0,,tbsp,12.0
170516,1.0,,"tablespoon, chopped",11.6
170516,1.0,,"cup, chopped or strips",135.0
170517,1.0,,cup,153.0
170518,1.0,,cup,165.0
170519,1.0,,skin,34.0
170520,0.5,,cup,78.0
170520,1.0,,"medium (2-1/4"" to 2-1/4"" dia.)",167.0
170520,1.0,,"small (1-3/4"" to 2-1/2"" dia.)",125.0
170520,1.0,,"large (3"" to 4-1/4"" dia.)",300.0
170521,1.0,,"potato (2-1/3"" x 4-3/4"")",202.0
170522,0.5,,cup,78.0
170522,1.0,,"potato (2-1/3"" x 4-3/4"")",156.0
170523,10.0,,strips,65.0
170523,1.0,,package (9 oz),255.0
170524,1.0,,cup,245.0
170525,1.0,,cup,245.0
170526,1.0,,"cup, mashed",245.0
170527,1.0,,cup,245.0
170528,0.5,,"cup, mashed",120.0
170529,1.0,,cup slices,135.0
170530,1.0,,cup,180.0
170531,1.0,,cup,180.0
170532,1.0,,cup slices,192.0
170533,0.5,,"cup, mashed",120.0
170533,0.5,,cup slices,90.0
170534,0.5,,cup slices,90.0
170534,0.5,,"cup, mashed",120.0
170535,1.0,,cup,223.0
170536,1.0,,"cup, mashed",240.0
170537,1.0,,"cup, cubes",205.0
170538,1.0,,"cup, mashed",236.0
170539,1.0,,cup,155.0
170540,1.0,,cup,192.0
170541,1.0,,"cup, mashed",328.0
170541,1.0,,medium,151.0
170542,1.0,,"cup, cubes",176.0
170543,1.0,,cup slices,132.0
170544,1.0,,cup,145.0
170545,1.0,,fl oz,30.4
170545,6.0,,fl oz,182.0
170545,1.0,,cup,243.0
170546,1.0,,cup,250.0
170546,1.0,,can (29 oz) (401 x 411),822.0
170547,1.0,,"cup, cubes",156.0
170547,1.0,,"cup, mashed",230.0
170548,1.0,,cup,156.0
170549,1.0,,"cup, cubes",175.0
170550,0.5,,cup,31.0
170550,1.0,,cup,62.0
170551,1.0,,"cup, cubes",136.0
170551,0.5,,"cup, cubes",68.0
170552,1.0,,oz (8-14 seeds),28.35
170553,1.0,,cup,160.0
170553,1.0,,oz,28.35
170554,1.0,,oz,28.35
170555,1.0,,cup,94.0
170555,1.0,,tbsp,5.0
170556,1.0,,cup,129.0
170556,1.0,,oz,28.35
170557,1.0,,cup,118.0
170557,1.0,,oz,28.35
170558,1.0,,oz,28.35
170559,1.0,,oz,28.35
170560,1.0,,oz,28.35
170561,1.0,,oz,28.35
170562,1.0,,cup,140.0
170562,1.0,,"cup, with hulls, edible yield",46.0
170563,1.0,,oz,28.35
170563,1.0,,cup,128.0
170564,1.0,,oz,28.35
170564,1.0,,cup,135.0
170565,1.0,,oz,28.35
170566,1.0,,oz,28.35
170567,1.0,,oz (23 whole kernels),28.35
170567,1.0,,almond,1.2
170567,1.0,,"cup, whole",143.0
170567,1.0,,"cup, slivered",108.0
170567,1.0,,"cup, ground",95.0
170567,1.0,,"cup, sliced",92.0
170568,1.0,,oz,28.35
170568,1.0,,cup whole kernels,145.0
170568,1.0,,tbsp,9.1
170569,1.0,,kernel,5.0
170569,1.0,,oz (6 kernels),28.35
170569,1.0,,"cup, whole",133.0
170570,1.0,,oz,28.35
170570,1.0,,nutmeat,3.0
170570,1.0,,cup,120.0
170571,1.0,,oz,28.35
170571,1.0,,"cup, halves and whole",137.0
170571,1.0,,tbsp,8.6
170572,1.0,,"cup, whole",129.0
170572,1.0,,"cup, halves and pieces",129.0
170572,1.0,,oz (18 kernels),28.35
170573,1.0,,oz,28.35
170574,1.0,,oz,28.35
170574,1.0,,cup,145.0
170575,1.0,,oz,28.35
170576,1.0,,oz,28.35
170577,1.0,,cup,85.0
170577,1.0,,oz,28.35
170578,1.0,,cup,77.0
170578,4.0,,oz,114.0
170579,1.0,,oz,28.35
170580,1.0,,tbsp,15.0
170580,1.0,,cup,240.0
170581,1.0,,"cup, chopped",115.0
170581,10.0,,nuts,14.0
170581,1.0,,"cup, whole",135.0
170581,1.0,,"cup, ground",75.0
170581,1.0,,oz (21 whole kernels),28.35
170582,1.0,,oz,28.35
170583,1.0,,oz,28.35
170584,1.0,,oz,28.35
170585,1.0,,oz,28.35
170585,1.0,,cup,131.0
170586,1.0,,cup,147.0
170587,1.0,,oz,28.35
170587,1.0,,cup,134.0
170588,1.0,,cup,144.0
170588,1.0,,oz,28.35
170589,1.0,,cup,110.0
170589,1.0,,oz (15 halves),28.35
170590,1.0,,cup,120.0
170590,1.0,,oz (15 kernels),28.35
170591,1.0,,oz (167 kernels),28.35
170591,1.0,,cup,135.0
170591,10.0,,nuts,1.7
170592,10.0,,nuts,1.0
170592,1.0,,oz,28.35
170593,1.0,,oz,28.0
170594,1.0,,oz,28.0
170595,1.0,,oz,28.35
170596,1.0,,tbsp,10.0
170596,1.0,,cup,149.0
170597,1.0,,"piece, cooked, excluding refuse (yield from 1 lb raw meat with refuse)",308.0
170597,3.0,,oz,85.0
170598,3.0,,oz,85.0
170599,4.0,,oz,113.0
170599,1.0,,oz,28.35
170600,1.0,,package,396.0
170600,4.0,,oz,113.0
170600,1.0,,steak,56.0
170601,3.0,,oz,85.0
170601,1.0,,steak,293.0
170602,1.0,,oz,28.35
170602,1.0,,slice (3/4 oz),21.0
170603,4.0,,oz,113.0
170603,1.0,,steak,732.0
170603,1.0,,roast,977.0
170604,10.0,,slices,28.0
170605,3.0,,oz,85.0
170605,1.0,,steak,353.0
170606,1.0,,sausage,43.0
170606,1.0,,oz,28.35
170607,1.0,,slice (1 oz),28.0
170608,4.0,,oz,113.0
170608,1.0,,steak,483.0
170609,3.0,,oz,85.0
170610,3.0,,oz,85.0
170611,1.0,,"piece, cooked, excluding refuse (yield from 1 lb raw meat with refuse)",314.0
170611,3.0,,oz,85.0
170612,3.0,,oz,85.0
170612,1.0,,"piece, cooked, excluding refuse (yield from 1 lb raw meat with refuse)",264.0
170613,1.0,,steak (Yield from 418 g raw meat),270.0
170613,3.0,,oz,85.0
170614,1.0,,roast (yield from 1675 g raw meat),1236.0
170614,3.0,,oz,85.0
170615,1.0,,roast (yield from 1528g raw meat),1095.0
170615,3.0,,oz,85.0
170616,1.0,,roast (yield from 1675 g raw meat),1236.0
170616,3.0,,oz,85.0
170617,3.0,,oz,85.0
170617,1.0,,"piece, cooked, excluding refuse (yield from 1 lb raw meat with refuse)",235.0
170618,1.0,,roast,658.0
170618,3.0,,oz,85.0
170619,1.0,,"piece, cooked, excluding refuse (yield from 1 lb raw meat with refuse)",290.0
170619,3.0,,oz,85.0
170620,3.0,,oz,85.0
170620,1.0,,"piece, cooked, excluding refuse (yield from 1 lb raw meat with refuse)",286.0
170621,1.0,,"piece, cooked, excluding refuse (yield from 1 lb raw meat with refuse)",214.0
170621,3.0,,oz,85.0
170622,1.0,,"piece, cooked, excluding refuse (yield from 1 lb raw meat with refuse)",207.0
170622,3.0,,oz,85.0
170623,1.0,,steak (yield from 296 g raw meat),233.0
170623,3.0,,oz,85.0
170624,1.0,,"piece, cooked, excluding refuse (yield from 1 lb raw meat with refuse)",220.0
170624,3.0,,oz,85.0
170625,3.0,,oz,85.0
170625,1.0,,"piece, cooked, excluding refuse (yield from 1 lb raw meat with refuse)",220.0
170626,1.0,,steak (yield from 290 g raw meat),185.0
170626,3.0,,oz,85.0
170627,3.0,,oz,85.0
170627,1.0,,roast (yield from 572 g raw meat),464.0
170628,1.0,,steak (yield from 290 g raw meat),185.0
170628,3.0,,oz,85.0
170629,1.0,,roast (yield from 600 g raw meat),489.0
170629,3.0,,oz,85.0
170630,3.0,,oz,85.0
170630,1.0,,steak (yield from 299 g raw meat),191.0
170631,3.0,,oz,85.0
170631,1.0,,roast (yield from 627 g raw meat),515.0
170632,1.0,,roast (yield from 426 g raw meat),337.0
170632,3.0,,oz,85.0
170633,1.0,,"piece, cooked, excluding refuse (yield from 1 lb raw meat with refuse)",330.0
170633,3.0,,oz,85.0
170633,1.0,,roast (yield from 436 g raw meat),346.0
170634,1.0,,"piece, cooked, excluding refuse (yield from 1 lb raw meat with refuse)",331.0
170634,1.0,,roast (yield from 445 g raw meat),355.0
170634,3.0,,oz,85.0
170635,3.0,,oz,85.0
170635,1.0,,"piece, cooked, excluding refuse (yield from 1 lb raw meat with refuse)",296.0
170635,1.0,,roast (yield from 426 g raw meat),337.0
170636,1.0,,roast (yield from 1405 g raw meat),1138.0
170636,3.0,,oz,85.0
170637,1.0,,roast (yield from 1388 g raw meat),1141.0
170637,3.0,,oz,85.0
170638,3.0,,oz,85.0
170638,1.0,,"piece, cooked, excluding refuse (yield from 1 lb raw meat with refuse)",267.0
170639,3.0,,oz,85.0
170639,1.0,,"piece, cooked, excluding refuse (yield from 1 lb raw meat with refuse)",267.0
170640,1.0,,steak (yield from 136 g raw meat),108.0
170640,3.0,,oz,85.0
170641,3.0,,oz,85.0
170641,1.0,,steak,119.0
170642,1.0,,steak,121.0
170642,3.0,,oz,85.0
170643,1.0,,steak,117.0
170643,3.0,,oz,85.0
170644,1.0,,package (3.12 oz),88.0
170644,1.0,,"portion, amount to make 1/2 cup",22.0
170645,1.0,,packet (0.5 oz),14.0
170645,1.0,,tbsp,20.0
170646,1.0,,cup,315.0
170646,1.0,,tbsp,20.0
170647,2.0,,cakes,18.0
170647,1.0,,cake,9.0
170648,1.0,,oz,28.35
170648,1.0,,bag (8 oz),227.0
170649,1.0,,oz,28.35
170649,1.0,,bag (8 oz),227.0
170650,10.0,,twists,60.0
170650,1.0,,oz,28.35
170651,1.0,,oz,28.35
170651,10.0,,twists,60.0
170652,2.0,,cakes,18.0
170652,1.0,,cake,9.0
170653,2.0,,oz,57.0
170653,1.0,,oz,28.35
170654,1.5,,oz,42.0
170654,1.0,,oz,28.35
170654,1.0,,cup,150.0
170655,1.0,,oz,28.35
170655,1.0,,cup,146.0
170655,1.5,,oz,42.0
170656,1.0,,piece,3.5
170657,1.0,,container Ghirardelli label 2011,283.0
170657,1.0,,tablespoon Hershey's label 2011,5.0
170657,1.0,,tablespoon Ghirardelli label 2011,6.0
170658,3.0,,pieces,42.0
170659,0.5,,cup,67.0
170660,1.0,,serving 1/2 cup,68.0
170661,1.0,,serving 1/2 cup,68.0
170662,1.0,,serving 1/2 cup,68.0
170663,1.0,,serving 1/2 cup,68.0
170664,1.0,,serving 1/2 cup,68.0
170665,1.0,,serving 1 cone,79.0
170666,1.0,,serving 1 sandwich,64.0
170667,1.0,,serving 1 bar,78.0
170668,1.0,,serving 1/2 cup,71.0
170669,1.0,,serving 1 bar,56.0
170670,1.0,,serving 1oz pack,28.0
170671,1.0,,individual (3.5 fl oz),58.0
170671,0.5,,cup (4 fl oz),66.0
170672,1.0,,cup,189.0
170672,1.0,,tbsp,12.9
170673,1.0,,tbsp,14.5
170673,1.0,,cup,202.0
170674,1.0,,tsp,4.6
170674,1.0,,cup,202.0
170675,1.0,,cup,23.0
170675,1.0,,tsp,0.5
170676,1.0,,serving,31.0
170677,2.0,,tbsp,35.0
170678,0.25,,cup,40.0
170679,1.0,,package,1.0
170680,1.0,,serving,52.0
170681,1.0,,tablespoon,20.0
170682,1.0,,cup,193.0
170683,1.0,,cup,246.0
170684,1.0,,cup,128.0
170685,1.0,,cup,164.0
170686,1.0,,cup,168.0
170687,1.0,,cup,120.0
170688,1.0,,cup,140.0
170689,1.0,,each taco,69.0
170690,1.0,,sandwich,91.0
170691,1.0,,item,127.0
170692,1.0,,sandwich,115.0
170693,1.0,,sandwich,78.0
170694,1.0,,sandwich,97.0
170695,1.0,,sandwich,149.0
170696,12.0,,inch sub,391.0
170696,6.0,,inch sub,196.0
170697,1.0,,package (18 onion rings),117.0
170698,1.0,,serving small,71.0
170698,1.0,,serving medium,117.0
170698,1.0,,serving large,154.0
170699,1.0,,cup,242.0
170700,1.0,,small 12 fl oz,298.0
170700,1.0,,fl oz,24.8
170700,1.0,,medium 16 fl oz,397.0
170701,1.0,,slice 1/10 per pizza,124.0
170701,1.0,,slice 1/8 per pizza,156.0
170702,1.0,,"piece 4"" x 6""",130.0
170703,1.0,,"piece 4""x6""",127.0
170704,1.0,,piece 3.2 oz,91.0
170705,6.0,,inch sub,228.0
170705,12.0,,inch sub,457.0
170706,6.0,,inch sub,184.0
170706,12.0,,inch sub,367.0
170707,6.0,,inch sub,184.0
170707,12.0,,inch sub,368.0
170708,6.0,,inch sub,209.0
170708,12.0,,inch sub,418.0
170709,12.0,,inch sub,418.0
170709,6.0,,inch sub,209.0
170710,1.0,,item,171.0
170711,12.0,,inch sub,367.0
170711,6.0,,inch sub,184.0
170712,12.0,,inch sub,368.0
170712,6.0,,inch sub,184.0
170713,6.0,,inch sub,190.0
170713,12.0,,inch sub,381.0
170714,1.0,,package 19.7 oz pizza,595.0
170714,1.0,,serving 4 servings per 19.7 oz package,149.0
170714,1.0,,package 29.25 oz pizza,834.0
170714,1.0,,serving 6 servings per 29.25 oz package,139.0
170715,1.0,,serving 5 servings per 22.85 oz package,129.0
170715,1.0,,serving 5 servings per 24.2 oz package,143.0
170715,1.0,,package 24.2 oz pizza,713.0
170715,1.0,,package 10.9 oz pizza,354.0
170715,1.0,,serving 2 servings per 10.9 oz package,177.0
170715,1.0,,package 22.85 oz pizza,644.0
170716,1.0,,package 30.7 oz pizza,891.0
170716,1.0,,package 34.98 oz pizza,1020.0
170716,1.0,,serving 6 servings per 30.7 oz package,149.0
170716,1.0,,package 14.3 oz pizza,415.0
170716,1.0,,serving 6 servings per 34.98 oz package,170.0
170716,1.0,,serving 3 servings per 14.3 oz package,138.0
170717,1.0,,sandwich,95.0
170718,10.0,,pieces,160.0
170718,6.0,,pieces,96.0
170718,4.0,,pieces,64.0
170718,20.0,,pieces,320.0
170719,1.0,,item 7.1 oz,199.0
170720,1.0,,item 7.6 oz,219.0
170721,1.0,,large serving,154.0
170721,1.0,,small serving,71.0
170721,1.0,,medium serving,117.0
170721,1.0,,kids serving,31.0
170722,1.0,,item,218.0
170723,1.0,,item,230.0
170724,1.0,,item,225.0
170725,10.0,,pieces,142.0
170725,5.0,,pieces,68.0
170726,1.0,,kid's meal Serving,71.0
170726,1.0,,large Serving,184.0
170726,1.0,,small Serving,113.0
170726,1.0,,medium Serving,142.0
170727,1.0,,item,291.0
170728,1.0,,item,316.0
170729,1.0,,item,374.0
170730,1.0,,item,399.0
170731,1.0,,serving 5 pieces,173.0
170731,1.0,,strip,36.0
170732,1.0,,each taco,98.0
170733,1.0,,item,127.0
170734,1.0,,each burrito,185.0
170735,1.0,,burrito,241.0
170736,1.0,,item,533.0
170737,1.0,,piece,6.4
170737,10.0,,pieces,56.0
170739,1.0,,breast without skin,152.0
170739,1.0,,breast bone and skin removed,115.0
170740,1.0,,"drumstick, bone and skin removed",40.0
170740,1.0,,"drumstick, without skin",57.0
170741,1.0,,thigh bone and skin removed,60.0
170741,1.0,,thigh without skin,86.0
170742,1.0,,"thigh, bone and skin removed",72.0
170742,1.0,,"thigh, without skin",91.0
170743,1.0,,"wing, bone and skin removed",29.0
170743,1.0,,"wing, without skin",44.0
170744,1.0,,"breast, without skin",152.0
170744,1.0,,"breast, bone and skin removed",115.0
170744,1.0,,"breast, with skin",212.0
170745,1.0,,"drumstick, without skin",57.0
170745,1.0,,"drumstick, bone and skin removed",40.0
170745,1.0,,"drumstick, with skin",75.0
170746,1.0,,"thigh, with skin",152.0
170746,1.0,,"thigh, bone and skin removed",72.0
170746,1.0,,"thigh, without skin",91.0
170747,1.0,,"wing, with skin",68.0
170747,1.0,,"wing, without skin",44.0
170747,1.0,,"wing, bone and skin removed",29.0
170748,1.0,,breast without skin,132.0
170748,1.0,,breast bone and skin removed,99.0
170749,1.0,,"drumstick, bone and skin removed",44.0
170749,1.0,,"drumstick, without skin",59.0
170750,1.0,,thigh with skin,138.0
170750,1.0,,thigh without skin,83.0
170750,1.0,,thigh bone and skin removed,54.0
170751,1.0,,"wing, bone and skin removed",17.0
170751,1.0,,"wing, with skin",57.0
170751,1.0,,"wing, without skin",35.0
170752,1.0,,sandwich,268.0
170753,1.0,,sandwich,271.0
170754,1.0,,wing without skin,37.0
170754,1.0,,wing bone and skin removed,20.0
170756,1.0,,"breast, with skin",203.0
170756,1.0,,"breast, without skin",142.0
170756,1.0,,"breast, bone and skin removed",107.0
170757,1.0,,"drumstick, with skin",75.0
170757,1.0,,"drumstick, bone and skin removed",40.0
170757,1.0,,"drumstick, without skin",56.0
170758,1.0,,pie 23 oz,643.0
170758,1.0,,slice 1/4 of pie,161.0
170759,1.0,,"pie 12"" diameter",732.0
170759,1.0,,slice 1/4 of pie,179.0
170760,1.0,,"pie 12"" diameter",759.0
170760,1.0,,slice 1/4 of pie,207.0
170761,1.0,,pie 22.1 oz,548.0
170761,1.0,,slice 1/4 of pie,145.0
170762,1.0,,pizza,597.0
170762,1.0,,slice,79.0
170763,1.0,,each taco,102.0
170764,1.0,,each taco,98.0
170765,1.0,,each quesadilla,180.0
170766,1.0,,pizza,913.0
170766,1.0,,slice,114.0
170767,1.0,,pizza,1032.0
170767,1.0,,slice,129.0
170768,1.0,,slice,92.0
170768,1.0,,pizza,737.0
170769,1.0,,slice,119.0
170769,1.0,,pizza,952.0
170770,1.0,,sandwich,126.0
170771,1.0,,medium,117.0
170771,1.0,,large,142.0
170771,1.0,,small,91.0
170772,1.0,,sandwich,215.0
170773,1.0,,slice 1/8 pizza,117.0
170773,1.0,,pizza whole,937.0
170774,1.0,,slice,117.0
170774,1.0,,pizza,937.0
170775,12.0,,fl oz,347.0
170776,1.0,,biscuit regular size biscuit,132.0
170777,1.0,,wrap,133.0
170778,1.0,,wrap,123.0
170779,1.0,,slice per 1/10 pizza,124.0
170779,1.0,,slice per 1/8 pizza,155.0
170780,1.0,,"piece 4""x6""",127.0
170781,1.0,,slice per 1/8 pizza,156.0
170781,1.0,,slice per 1/10 pizza,124.0
170782,1.0,,"piece 4"" x 6""",133.0
170783,1.0,,piece,434.0
170783,4.0,,oz,113.0
170784,1.0,,sandwich,146.0
170785,1.0,,item,133.0
170786,1.0,,item,123.0
170787,1.0,,burrito,109.0
170788,1.0,,breadstick,43.0
170789,1.0,,breadstick,43.0
170790,1.0,,sandwich,187.0
170791,1.0,,sandwich,149.0
170792,1.0,,"piece 4""x6""",130.0
170793,1.0,,slice per 1/10 pizza,129.0
170794,1.0,,patty,86.0
170795,5.0,,pieces,88.0
170796,1.0,,piece,432.0
170796,4.0,,oz,113.0
170797,1.0,,piece,224.0
170797,3.0,,oz,85.0
170798,1.0,,piece,231.0
170798,3.0,,oz,85.0
170799,3.0,,oz,85.0
170799,1.0,,piece,227.0
170800,4.0,,oz,113.0
170800,1.0,,piece,325.0
170801,1.0,,steak,308.0
170801,3.0,,oz,85.0
170802,4.0,,oz,113.0
170802,1.0,,steak,382.0
170803,4.0,,oz,113.0
170803,1.0,,steak,386.0
170804,4.0,,oz,113.0
170804,1.0,,steak,384.0
170805,1.0,,steak,141.0
170805,3.0,,oz,85.0
170806,1.0,,steak,141.0
170806,3.0,,oz,85.0
170807,1.0,,steak,204.0
170807,4.0,,oz,113.0
170808,4.0,,oz,113.0
170808,1.0,,steak,191.0
170809,4.0,,oz,113.0
170810,4.0,,oz,113.0
170811,1.0,,steak,445.0
170811,3.0,,oz,85.0
170812,3.0,,oz,85.0
170813,1.0,,roast,960.0
170813,1.0,,steak,679.0
170813,4.0,,oz,113.0
170814,1.0,,steak,648.0
170814,4.0,,oz,113.0
170814,1.0,,roast,949.0
170815,4.0,,oz,113.0
170815,1.0,,steak,732.0
170815,1.0,,roast,977.0
170816,3.0,,oz,85.0
170816,1.0,,steak,353.0
170817,4.0,,oz,113.0
170817,1.0,,steak,458.0
170818,4.0,,oz,113.0
170818,1.0,,steak,361.0
170818,1.0,,roast,1173.0
170819,4.0,,oz,113.0
170819,1.0,,steak,381.0
170819,1.0,,roast,1139.0
170820,3.0,,oz,85.0
170820,1.0,,roast,609.0
170821,1.0,,steak,141.0
170821,3.0,,oz,85.0
170822,3.0,,oz,85.0
170822,1.0,,steak,141.0
170823,1.0,,steak,141.0
170823,3.0,,oz,85.0
170824,4.0,,oz,113.0
170824,1.0,,steak,198.0
170825,1.0,,piece,315.0
170825,3.0,,oz,85.0
170826,1.0,,piece,432.0
170826,4.0,,oz,113.0
170827,1.0,,piece,434.0
170827,4.0,,oz,113.0
170828,1.0,,piece,429.0
170828,4.0,,oz,113.0
170829,1.0,,piece,224.0
170829,3.0,,oz,85.0
170830,3.0,,oz,85.0
170830,1.0,,piece,231.0
170831,1.0,,piece,331.0
170831,4.0,,oz,113.0
170832,4.0,,oz,113.0
170832,1.0,,piece,325.0
170833,1.0,,piece,340.0
170833,4.0,,oz,113.0
170834,1.0,,steak,382.0
170834,4.0,,oz,113.0
170835,1.0,,steak,386.0
170835,4.0,,oz,113.0
170836,3.0,,oz,85.0
170836,1.0,,roast,2130.0
170837,3.0,,oz,85.0
170837,1.0,,roast,2259.0
170838,1.0,,steak,471.0
170838,4.0,,oz,113.0
170838,1.0,,roast,2557.0
170839,1.0,,roast,2155.0
170839,1.0,,steak,361.0
170839,4.0,,oz,113.0
170840,1.0,,steak,350.0
170840,4.0,,oz,113.0
170840,1.0,,roast,2124.0
170841,4.0,,oz,113.0
170841,1.0,,roast,2203.0
170841,1.0,,steak,376.0
170842,1.0,,roast,1555.0
170842,3.0,,oz,85.0
170843,1.0,,"cup, shredded",108.0
170843,1.0,,oz,28.35
170843,1.0,,cubic inch,15.0
170843,1.0,,package (8 oz),227.0
170843,1.0,,"cup, diced",132.0
170843,1.0,,slice (1 oz),28.0
170844,1.0,,slice (1 oz),28.0
170844,1.0,,"cup, diced",132.0
170844,1.0,,cubic inch,17.0
170844,1.0,,oz,28.35
170844,1.0,,package (6 oz),170.0
170844,1.0,,"cup, shredded",113.0
170845,1.0,,oz,28.35
170845,1.0,,"cup, shredded",112.0
170845,6.0,,slices,170.0
170846,1.0,,oz,28.35
170846,1.0,,cubic inch,18.0
170847,1.0,,oz,28.35
170848,1.0,,cubic inch,10.3
170848,5.0,,package (5 oz),142.0
170848,1.0,,oz,28.35
170849,1.0,,"cup, shredded",113.0
170849,1.0,,cubic inch,17.0
170849,1.0,,"cup, diced",132.0
170849,1.0,,oz,28.35
170849,1.0,,package (6 oz),170.0
170849,1.0,,slice (1 oz),28.0
170850,1.0,,"cup, diced",132.0
170850,1.0,,oz,28.35
170850,1.0,,package (6 oz),170.0
170850,1.0,,cubic inch,17.0
170850,1.0,,slice (1 oz),28.0
170851,0.5,,cup,124.0
170851,1.0,,cup,246.0
170852,1.0,,package (6 oz),170.0
170852,1.0,,oz,28.35
170853,1.0,,"cup, shredded",113.0
170853,1.0,,slice (1 oz),28.0
170853,1.0,,"cup, diced",140.0
170853,1.0,,"cup, melted",244.0
170853,1.0,,slice (3/4 oz),21.0
170853,1.0,,oz,28.35
170853,1.0,,cubic inch,18.0
170854,1.0,,oz,28.35
170854,1.0,,cubic inch,18.0
170854,1.0,,slice (3/4 oz),21.0
170854,1.0,,"cup, melted",244.0
170854,1.0,,"cup, diced",140.0
170854,1.0,,"cup, shredded",113.0
170855,1.0,,oz,28.35
170855,1.0,,"cup, shredded",113.0
170855,1.0,,"cup, diced",140.0
170855,1.0,,slice (3/4 oz),21.0
170855,1.0,,cubic inch,18.0
170856,1.0,,oz,28.35
170856,1.0,,package (8 oz),227.0
170857,1.0,,"container, individual",11.1
170857,1.0,,fl oz,30.0
170857,1.0,,tbsp,15.0
170857,1.0,,cup,240.0
170858,1.0,,"cup, fluid (yields 2 cups whipped)",239.0
170858,1.0,,tbsp,15.0
170858,1.0,,"cup, whipped",120.0
170859,1.0,,"cup, whipped",120.0
170859,1.0,,"cup, fluid (yields 2 cups whipped)",238.0
170859,1.0,,tbsp,15.0
170859,1.0,,fl oz,29.8
170860,1.0,,tbsp,3.0
170860,1.0,,cup,60.0
170861,1.0,,quart,976.0
170861,1.0,,cup,244.0
170862,1.0,,fl oz,30.5
170862,1.0,,cup,244.0
170862,1.0,,quart,976.0
170863,1.0,,serving,19.0
170865,1.0,,"portion, amount to make 1 tbsp",1.3
170865,1.5,,oz,43.0
170866,1.0,,package yields,160.0
170866,1.0,,cup,80.0
170866,1.0,,tbsp,4.0
170867,1.0,,cup,70.0
170867,1.0,,tbsp,4.0
170868,1.0,,cup,75.0
170868,1.0,,tbsp,4.0
170869,1.0,,cup,230.0
170869,1.0,,oz,28.35
170870,1.0,,cup,245.0
170870,1.0,,quart,980.0
170871,1.0,,quart,984.0
170871,1.0,,cup,246.0
170872,1.0,,fl oz,30.5
170872,1.0,,quart,976.0
170872,1.0,,cup,244.0
170873,1.0,,quart,980.0
170873,1.0,,cup,245.0
170874,1.0,,fl oz,30.6
170874,1.0,,quart,980.0
170874,1.0,,cup,245.0
170875,1.0,,fl oz,30.5
170875,1.0,,cup,244.0
170875,1.0,,quart,976.0
170876,0.25,,cup,32.0
170876,1.0,,cup,128.0
170877,1.0,,cup,120.0
170877,0.25,,cup,30.0
170877,5.0,,tbsp,23.0
170878,1.0,,fl oz,31.9
170878,0.5,,cup,128.0
170878,1.0,,cup,256.0
170879,1.0,,fl oz,31.2
170879,1.0,,cup,250.0
170879,1.0,,quart,1000.0
170880,1.0,,quart,1000.0
170880,1.0,,fl oz,31.2
170880,1.0,,cup,250.0
170881,1.0,,quart,1000.0
170881,1.0,,cup,250.0
170882,1.0,,cup,245.0
170882,1.0,,quart,980.0
170883,1.0,,container (10.6 oz),300.0
170883,1.0,,fl oz,28.4
170884,1.0,,container (11 oz),313.0
170884,1.0,,fl oz,28.4
170885,1.0,,quart,984.0
170885,1.0,,cup,246.0
170886,1.0,,container (8 oz),227.0
170886,0.5,,container (4 oz),113.0
170886,1.0,,cup (8 fl oz),245.0
170886,1.0,,container (6 oz),170.0
170887,1.0,,container (8 oz),227.0
170887,1.0,,container (6 oz),170.0
170887,1.0,,cup (8 fl oz),245.0
170888,1.0,,container (6 oz),170.0
170888,1.0,,cup (8 fl oz),245.0
170888,1.0,,container (8 oz),227.0
170889,0.5,,container (4 oz),113.0
170889,1.0,,container (5 oz),142.0
170889,1.0,,container (4.4 oz),125.0
170889,1.0,,cup (8 fl oz),245.0
170889,1.0,,container (6 oz),170.0
170889,1.0,,container (8 oz),227.0
170890,1.0,,bar,68.0
170892,1.0,,can,227.0
170893,1.0,,oz,28.0
170894,1.0,,container,170.0
170895,1.0,,"cup, sifted",107.0
170895,1.0,,tbsp,7.0
170896,1.0,,package,566.0
170896,1.0,,piece,21.0
170897,1.0,,serving,28.0
170898,2.0,,tsp,5.0
170899,1.0,,slice (1 oz),28.0
170899,1.0,,slice (3/4 oz),21.0
170899,1.0,,slice (2/3 oz),19.0
170900,1.0,,cup,86.0
170901,1.0,,container (5.3 oz),150.0
170902,1.0,,container (5.3 oz),150.0
170903,1.0,,container (7 oz),200.0
170904,1.0,,bottle,971.0
170904,1.0,,cup,243.0
170906,0.5,,container (4 oz),113.0
170906,1.0,,container (8 oz),227.0
170906,1.0,,cup (8 fl oz),245.0
170917,1.0,,"tbsp, crumbled",1.8
170917,1.0,,"tsp, crumbled",0.6
170918,1.0,,tsp,2.1
170918,1.0,,tbsp,6.7
170919,1.0,,"tsp, ground",2.0
170919,1.0,,"tbsp, ground",5.8
170920,1.0,,tsp,2.0
170920,1.0,,tbsp,6.5
170921,1.0,,tsp,0.6
170921,1.0,,tbsp,1.8
170922,1.0,,tbsp,5.0
170922,1.0,,tsp,1.8
170923,1.0,,"tsp, whole",2.1
170923,1.0,,"tbsp, whole",6.0
170924,1.0,,tsp,2.0
170924,1.0,,tbsp,6.3
170925,1.0,,tsp,2.1
170925,1.0,,tbsp,6.6
170926,1.0,,tbsp,5.2
170926,1.0,,tsp,1.8
170927,1.0,,tbsp,5.3
170927,1.0,,tsp,1.7
170928,1.0,,tbsp,1.7
170928,1.0,,tsp,0.6
170929,1.0,,tbsp,6.3
170929,1.0,,tsp,2.0
170930,1.0,,tsp,0.5
170930,1.0,,tbsp,1.6
170931,1.0,,"tbsp, ground",6.9
170931,1.0,,dash,0.1
170931,1.0,,"tsp, ground",2.3
170931,1.0,,"tsp, whole",2.9
170932,1.0,,tbsp,5.3
170932,1.0,,tsp,1.8
170933,1.0,,"tbsp, ground",7.1
170933,1.0,,"tsp, ground",2.4
170934,1.0,,tsp,0.7
170934,1.0,,tbsp,2.1
170935,1.0,,tsp,0.7
170935,1.0,,tbsp,2.0
170936,1.0,,tbsp,4.4
170936,1.0,,tsp,1.4
170937,1.0,,"tsp, ground",1.6
170937,1.0,,"tbsp, leaves",1.8
170937,1.0,,"tsp, leaves",0.6
170937,1.0,,"tbsp, ground",4.8
170938,1.0,,"tsp, leaves",1.0
170938,1.0,,"tbsp, ground",4.3
170938,1.0,,"tbsp, leaves",2.7
170938,1.0,,"tsp, ground",1.4
170939,1.0,,oz,28.35
170939,1.0,,jar,95.0
170939,1.0,,tbsp,16.0
170939,1.0,,cup,240.0
170939,1.0,,container,91.0
170940,1.0,,oz,28.35
170941,1.0,,tbsp,15.0
170941,1.0,,cup,240.0
170941,1.0,,oz,28.35
170941,1.0,,jar Gerber Second Food (4 oz),113.0
170941,1.0,,jar,113.0
170942,1.0,,jar,170.0
170942,1.0,,tbsp,15.0
170942,1.0,,jar Gerber Third Foods (6 oz),170.0
170942,1.0,,oz,28.35
170942,1.0,,jar Heinz Junior-3 (6 oz),170.0
170943,1.0,,jar Gerber Third Foods (6 oz),170.0
170943,1.0,,tbsp,16.0
170943,1.0,,jar Beech-Nut Stage 3 (6 oz),170.0
170943,1.0,,oz,28.35
170943,1.0,,jar Heinz Junior-3 (6 oz),170.0
170943,1.0,,jar,170.0
170944,1.0,,tbsp,15.0
170944,1.0,,jar Heinz Strained-2 (4 oz),113.0
170944,1.0,,jar Gerber Second Food (4 oz),113.0
170944,1.0,,oz,28.35
170944,1.0,,jar,113.0
170945,1.0,,tbsp,15.0
170945,1.0,,jar,170.0
170945,1.0,,oz,28.35
170945,1.0,,jar Gerber Third Foods (6 oz),170.0
170946,1.0,,tbsp,15.0
170946,1.0,,oz,28.35
170946,1.0,,jar,113.0
170946,1.0,,jar Gerber Second Food (4 oz),113.0
170946,1.0,,jar Heinz Strained-2 (4.25 oz),120.0
170947,1.0,,jar,113.0
170947,1.0,,jar Earth's Best (4.5 oz),128.0
170947,1.0,,jar Beech-Nut Stage 2 (4 oz),113.0
170947,1.0,,tbsp,16.0
170947,1.0,,jar Gerber Second Food (4 oz),113.0
170947,1.0,,oz,28.35
170947,1.0,,jar Heinz Strained-2 (4 oz),113.0
170948,1.0,,jar,170.0
170948,1.0,,oz,28.35
170948,1.0,,jar Heinz Junior-3 (6 oz),170.0
170948,1.0,,tbsp,16.0
170949,1.0,,jar,113.0
170949,1.0,,oz,28.35
170950,1.0,,jar,170.0
170950,1.0,,oz,28.35
170951,1.0,,jar Beech-Nut Stage 3 (6 oz),170.0
170951,1.0,,tbsp,16.0
170951,1.0,,jar NFS,170.0
170952,1.0,,"jar, Gerber (4 oz)",113.0
170953,1.0,,jar Heinz Junior-3 (6 oz),170.0
170953,1.0,,tbsp,15.0
170953,1.0,,jar,170.0
170953,1.0,,oz,28.35
170953,1.0,,jar Gerber Third Foods (6 oz),170.0
170954,1.0,,jar Gerber Second Food (4 oz),113.0
170954,1.0,,jar Heinz Strained-2 (4.25 oz),120.0
170954,1.0,,tbsp,15.0
170954,1.0,,jar,113.0
170954,1.0,,oz,28.35
170955,1.0,,jar,113.0
170955,1.0,,oz,28.35
170955,1.0,,tbsp,16.0
170955,1.0,,jar Gerber Second Food (4 oz),113.0
170955,1.0,,jar Heinz Strained-2 (4 oz),113.0
170955,1.0,,jar Beech-Nut Stage 2 (4 oz),113.0
170956,1.0,,tbsp,15.0
170956,1.0,,jar Gerber Second Food (4 oz),113.0
170956,1.0,,jar NFS,113.0
170957,1.0,,jar,113.0
170957,1.0,,oz,28.35
170958,1.0,,oz,28.35
170958,1.0,,jar,170.0
170959,1.0,,bottle Gerber First Food (4 fl oz),125.0
170959,1.0,,fl oz,31.7
170959,1.0,,bottle Beech-Nut Stage I (4 fl oz),125.0
170959,1.0,,bottle Earth's Best (4.2 fl oz),131.0
170959,1.0,,jar,127.0
170959,1.0,,bottle Heinz Strained (4 fl oz),125.0
170960,1.0,,bottle Heinz Strained (4 fl oz),125.0
170960,1.0,,jar,127.0
170960,1.0,,fl oz,31.2
170961,1.0,,fl oz,31.2
170961,1.0,,jar,127.0
170962,1.0,,fl oz,31.2
170962,1.0,,jar,127.0
170963,1.0,,jar,127.0
170963,1.0,,fl oz,31.2
170964,1.0,,tbsp,2.5
170964,0.5,,oz,15.0
170965,0.5,,oz,15.0
170965,1.0,,tbsp,2.5
170966,1.0,,oz,28.35
170966,1.0,,jar,113.0
170967,1.0,,jar,170.0
170967,1.0,,oz,28.35
170968,0.5,,oz,14.2
170968,1.0,,tbsp,2.4
170969,0.5,,oz,15.0
170969,1.0,,tbsp,2.5
170970,1.0,,jar Heinz Strained-2 (4.25 oz),120.0
170970,1.0,,oz,28.35
170970,1.0,,tbsp,16.0
170970,1.0,,jar Gerber Second Food (4 oz),113.0
170970,1.0,,jar,113.0
170971,1.0,,jar,113.0
170971,1.0,,oz,28.35
170972,1.0,,cracker,0.7
170973,0.5,,oz,14.2
170973,1.0,,tbsp,2.4
170974,1.0,,tbsp,2.5
170974,0.5,,oz,15.0
170975,1.0,,oz,28.35
170975,1.0,,cookie,6.5
170976,1.0,,oz,28.35
170976,1.0,,jar,113.0
170977,1.0,,jar,170.0
170977,1.0,,oz,28.35
170978,1.0,,oz,28.35
170979,1.0,,jar,113.0
170979,1.0,,oz,28.35
170980,1.0,,jar,113.0
170980,1.0,,oz,28.35
170981,1.0,,jar,220.0
170981,1.0,,oz,28.35
170982,1.0,,jar,113.0
170982,1.0,,tbsp,15.0
170982,1.0,,oz,28.35
170982,1.0,,jar Gerber Second Food (4 oz),113.0
170983,1.0,,oz,28.35
170983,1.0,,tbsp,15.0
170983,1.0,,jar,113.0
170983,1.0,,jar Heinz Strained-2 (4.25 oz),120.0
170983,1.0,,jar Gerber Second Food (4 oz),113.0
170984,1.0,,fl oz,31.2
170985,1.0,,serving,189.0
170986,1.0,,fl oz,30.8
170987,1.0,,oz,31.0
170987,1.0,,container,113.0
170988,1.0,,scoop,8.7
170989,1.0,,container,170.0
170990,1.0,,container,69.0
170990,1.0,,tbsp,16.0
170991,1.0,,fl oz,29.2
170992,1.0,,scoop,9.0
170993,1.0,,fl oz,29.2
170994,5.0,,fl oz,152.0
170994,1.0,,fl oz,30.5
170995,5.0,,fl oz,152.0
170995,1.0,,fl oz,30.4
170996,5.0,,fl oz,152.0
170996,1.0,,fl oz,30.4
170997,1.0,,fl oz,30.4
170997,5.0,,fl oz,152.0
170998,1.0,,bottle,140.0
170999,1.0,,packet,99.0
171000,3.0,,tbsp,16.0
171001,4.0,,biscuit,8.0
171002,1.0,,tbsp,15.0
171003,1.0,,tbsp,16.0
171004,1.0,,tbsp,16.0
171005,1.0,,serving (2 tbsp),30.0
171005,1.0,,tbsp,15.0
171005,1.0,,cup,245.0
171006,1.0,,tablespoon,15.0
171006,1.0,,cup,245.0
171007,1.0,,tablespoon,16.0
171007,1.0,,cup,260.0
171008,1.0,,tablespoon,15.0
171008,1.0,,cup,245.0
171008,1.0,,serving (2 tbsp),15.0
171009,1.0,,tbsp,13.8
171009,1.0,,cup,220.0
171009,1.0,,packet,10.0
171010,1.0,,tablespoon,13.8
171010,1.0,,cup,220.0
171011,1.0,,cup,205.0
171011,1.0,,tbsp,12.8
171012,1.0,,cup,218.0
171012,1.0,,tbsp,13.6
171012,1.0,,tsp,4.5
171013,1.0,,tablespoon,13.6
171013,1.0,,cup,218.0
171013,1.0,,tsp,4.5
171014,1.0,,tablespoon,13.6
171014,1.0,,cup,218.0
171014,1.0,,tsp,4.5
171015,1.0,,tsp,4.5
171015,1.0,,cup,216.0
171015,1.0,,tbsp,13.6
171016,1.0,,tablespoon,13.6
171016,1.0,,tsp,4.5
171016,1.0,,cup,218.0
171017,1.0,,tbsp,13.6
171017,1.0,,cup,218.0
171017,1.0,,tsp,4.5
171018,1.0,,stick,113.0
171018,1.0,,tsp,4.7
171019,1.0,,cup,235.0
171019,1.0,,tbsp,14.7
171020,1.0,,tablespoon,15.0
171021,1.0,,tablespoon,16.0
171021,1.0,,cup,260.0
171022,1.0,,tablespoon,14.7
171022,1.0,,cup,235.0
171023,1.0,,tablespoon,15.0
171023,1.0,,cup,240.0
171024,1.0,,tablespoon,13.6
171024,1.0,,cup,218.0
171024,1.0,,tsp,4.5
171025,1.0,,tbsp,13.6
171025,1.0,,cup,218.0
171025,1.0,,tsp,4.5
171026,1.0,,cup,218.0
171026,1.0,,tsp,4.5
171026,1.0,,tbsp,13.6
171027,1.0,,cup,218.0
171027,1.0,,tsp,4.5
171027,1.0,,tablespoon,13.6
171028,1.0,,cup,218.0
171028,1.0,,tablespoon,13.6
171028,1.0,,tsp,4.5
171029,1.0,,cup,218.0
171029,1.0,,tsp,4.5
171029,1.0,,tbsp,13.6
171030,1.0,,tsp,4.5
171030,1.0,,cup,218.0
171030,1.0,,tbsp,13.6
171031,1.0,,tsp,4.5
171031,1.0,,cup,218.0
171031,1.0,,tablespoon,13.6
171032,1.0,,tsp,4.5
171032,1.0,,tablespoon,13.6
171032,1.0,,cup,218.0
171033,1.0,,tbsp,14.0
171034,2.0,,tbsp (1 serving),30.0
171035,1.0,,tablespoon (1 NLEA serving),14.0
171036,1.0,,serving (approximately 10 sprays),8.0
171037,1.0,,tbsp (1 NLEA serving),14.0
171038,1.0,,tbsp,14.0
171038,1.0,,cup,229.0
171038,1.0,,teaspoon,4.8
171039,1.0,,teaspoon,4.8
171039,1.0,,tbsp,14.0
171039,1.0,,cup,229.0
171040,1.0,,teaspoon,4.8
171040,1.0,,tbsp,14.0
171040,1.0,,cup,229.0
171041,1.0,,tbsp,14.0
171042,1.0,,teaspoon,4.5
171042,1.0,,cup,218.0
171042,1.0,,tablespoon,14.0
171043,2.0,,tbsp,30.0
171044,2.0,,tbsp,33.0
171045,2.0,,tbsp (1 NLEA serving),34.0
171046,2.0,,tbsp (1 NLEA serving),30.0
171047,1.0,,chicken,1046.0
171047,3.0,,oz,85.0
171048,3.0,,oz,85.0
171048,1.0,,chicken,1028.0
171048,1.0,,unit (yield from 1 lb ready-to-cook chicken),308.0
171049,1.0,,unit (yield from 1 lb ready-to-cook chicken),212.0
171049,1.0,,chicken,708.0
171049,3.0,,oz,85.0
171050,1.0,,unit (yield from 1 lb ready-to-cook chicken),205.0
171050,3.0,,oz,85.0
171050,1.0,,chicken,682.0
171051,0.5,,"chicken, bone removed",334.0
171051,1.0,,unit (yield from 1 lb ready-to-cook chicken),200.0
171051,1.0,,"cup, chopped or diced",140.0
171052,4.0,,oz,113.0
171052,1.0,,unit (yield from 1 lb ready-to-cook chicken),197.0
171052,0.5,,"chicken, bone and skin removed",329.0
171053,1.0,,"cup, chopped or diced",140.0
171053,1.0,,unit (yield from 1 lb ready-to-cook chicken),155.0
171053,0.5,,"chicken, bone and skin removed",258.0
171054,1.0,,unit (yield from 1 lb ready-to-cook chicken),146.0
171054,1.0,,"cup, chopped or diced",140.0
171054,1.0,,tbsp,8.7
171055,0.5,,"chicken, skin only",56.0
171055,1.0,,unit (yield from 1 lb ready-to-cook chicken),34.0
171056,3.0,,oz,85.0
171056,0.0,,"chicken, skin only",72.0
171056,0.5,,unit (yield from 1 lb ready-to-cook chicken),44.0
171057,1.0,,unit (yield from 1 lb ready-to-cook chicken),23.0
171057,1.0,,giblets,75.0
171058,1.0,,"cup, chopped or diced",145.0
171058,1.0,,unit (yield from 1 lb ready-to-cook chicken),13.0
171059,1.0,,unit (yield from 1 lb ready-to-cook chicken),1.0
171059,1.0,,"cup, chopped or diced",145.0
171060,1.0,,liver,44.0
171060,4.0,,oz,113.0
171061,3.0,,oz,85.0
171061,1.0,,liver,44.0
171062,0.0,,"chicken, bone removed",194.0
171062,0.5,,unit (yield from 1 lb ready-to-cook chicken),116.0
171062,4.0,,oz,113.0
171063,0.5,,"chicken, bone removed",278.0
171063,1.0,,unit (yield from 1 lb ready-to-cook chicken),167.0
171063,3.0,,oz,85.0
171064,1.0,,unit (yield from 1 lb ready-to-cook chicken),110.0
171064,0.5,,"chicken, bone removed",184.0
171065,0.5,,"chicken, bone removed",167.0
171065,1.0,,unit (yield from 1 lb ready-to-cook chicken),101.0
171066,0.5,,"chicken, bone removed",184.0
171066,1.0,,unit (yield from 1 lb ready-to-cook chicken),110.0
171067,1.0,,unit (yield from 1 lb ready-to-cook chicken),109.0
171067,0.5,,"chicken, bone and skin removed",182.0
171068,1.0,,cup,140.0
171068,1.0,,unit (yield from 1 lb ready-to-cook chicken),91.0
171069,1.0,,"cup, chopped or diced",140.0
171069,0.5,,"chicken, bone and skin removed",136.0
171069,1.0,,unit (yield from 1 lb ready-to-cook chicken),81.0
171070,0.5,,"chicken, bone and skin removed",143.0
171070,1.0,,unit (yield from 1 lb ready-to-cook chicken),86.0
171070,1.0,,"cup, chopped or diced",140.0
171071,0.5,,"back, bone removed",53.0
171071,1.0,,unit (yield from 1 lb ready-to-cook chicken),32.0
171072,3.0,,oz,85.0
171072,1.0,,unit (yield from 1 lb ready-to-cook chicken),36.0
171072,1.0,,"cup, chopped or diced",160.0
171073,4.0,,oz,113.0
171073,0.0,,"back, bone and skin removed",51.0
171073,0.5,,unit (yield from 1 lb ready-to-cook chicken),31.0
171074,1.0,,unit (yield from 1 lb ready-to-cook chicken),35.0
171074,0.5,,"back, bone and skin removed",58.0
171075,0.5,,"breast, bone removed",98.0
171075,1.0,,unit (yield from 1 lb ready-to-cook chicken),58.0
171075,1.0,,"cup, chopped or diced",140.0
171076,1.0,,unit (yield from 1 lb ready-to-cook chicken),66.0
171076,0.5,,"breast, bone removed",110.0
171076,1.0,,"cup, chopped or diced",140.0
171077,4.0,,oz,113.0
171077,1.0,,package,926.0
171077,1.0,,piece,272.0
171078,1.0,,unit (yield from 1 lb ready-to-cook chicken),52.0
171078,0.5,,"breast, bone and skin removed",86.0
171079,1.0,,unit (yield from 1 lb ready-to-cook squab),251.0
171079,1.0,,squab,168.0
171080,1.0,,unit (yield from 1 lb ready-to-cook squab),151.0
171080,1.0,,"breast, bone removed",101.0
171081,1.0,,bird,5002.0
171081,4.0,,oz,113.0
171082,3.0,,oz,85.0
171083,1.0,,giblets,157.0
171083,4.0,,oz,113.0
171084,3.0,,oz,85.0
171084,1.0,,giblets,95.0
171085,4.0,,oz,113.0
171085,1.0,,raw gizzard,63.0
171086,1.0,,oz,28.35
171086,1.0,,lb,453.0
171087,3.0,,oz,85.0
171088,4.0,,oz,113.0
171088,1.0,,lb,453.0
171089,3.0,,oz,85.0
171090,1.0,,serving,85.0
171090,4.0,,oz,113.0
171091,3.0,,oz,85.0
171092,1.0,,unit (yield from 1 lb ready-to-cook turkey),34.0
171092,0.5,,"back, bone removed",262.0
171092,1.0,,"cup, chopped or diced",140.0
171093,1.0,,unit (yield from 1 lb ready-to-cook turkey),146.0
171093,0.5,,"breast, bone removed",1132.0
171094,3.0,,oz,85.0
171094,1.0,,"wing, bone removed",186.0
171094,1.0,,unit (yield from 1 lb ready-to-cook turkey),24.0
171095,0.5,,"turkey, bone removed",808.0
171095,1.0,,unit (yield from 1 lb ready-to-cook turkey),229.0
171095,3.0,,oz,85.0
171096,4.0,,oz,113.0
171096,1.0,,back,1124.0
171097,3.0,,oz,85.0
171097,1.0,,back,911.0
171098,1.0,,breast,1769.0
171098,4.0,,oz,113.0
171099,3.0,,oz,85.0
171099,1.0,,can (5 oz),142.0
171100,1.0,,oz,28.35
171100,1.0,,tbsp,13.0
171101,3.0,,oz,85.0
171101,1.0,,can (5 oz) yields,125.0
171101,1.0,,"cup, drained",135.0
171101,1.0,,can (5 oz),142.0
171102,1.0,,oz,28.35
171102,0.5,,lb,227.0
171103,1.0,,stick (2.25 oz),64.0
171104,0.5,,lb,227.0
171105,0.5,,lb,227.0
171106,0.5,,lb,227.0
171107,3.0,,oz,85.0
171107,0.5,,bird,129.0
171107,1.0,,bird whole,257.0
171108,0.5,,bird,120.0
171108,3.0,,oz,85.0
171108,1.0,,bird whole,239.0
171109,0.5,,bird,110.0
171109,3.0,,oz,85.0
171109,1.0,,bird whole,220.0
171110,1.0,,cup,205.0
171110,1.0,,can (5 oz) yields,125.0
171110,3.0,,oz,85.0
171111,1.0,,piece,29.0
171111,1.0,,serving,86.0
171111,3.0,,oz,85.0
171112,1.0,,unit (yield from 1 lb ready-to-cook duck),43.0
171112,3.0,,oz,85.0
171112,1.0,,"leg, bone removed (yield after cooking)",92.0
171113,1.0,,unit (yield from 1 lb ready-to-cook duck),35.0
171113,1.0,,"cup chopped or diced, cooked",174.0
171113,3.0,,oz,85.0
171113,1.0,,"leg, bone and skin removed",75.0
171114,1.0,,drumstick,71.0
171114,3.0,,oz,85.0
171115,1.0,,serving,96.0
171115,3.0,,oz,85.0
171116,4.0,,oz crumbled,113.0
171117,3.0,,oz crumbled,85.0
171118,1.0,,thigh,95.0
171118,3.0,,oz,85.0
171119,3.0,,oz,85.0
171119,1.0,,lb,453.6
171120,1.0,,oz,28.35
171120,1.0,,serving (3 oz),85.0
171120,1.0,,thigh,89.0
171121,1.0,,serving (3 oz),85.0
171121,1.0,,wing,53.0
171121,1.0,,oz,28.35
171122,1.0,,back,102.0
171122,1.0,,serving (3 oz),85.0
171122,1.0,,oz,28.35
171123,1.0,,serving (3 oz),85.0
171123,1.0,,breast,343.0
171123,1.0,,oz,28.35
171124,1.0,,back,182.0
171124,3.0,,oz,85.0
171125,1.0,,breast,384.0
171125,3.0,,oz,85.0
171126,1.0,,drumstick,71.0
171126,3.0,,oz,85.0
171127,3.0,,oz,85.0
171127,1.0,,thigh,95.0
171128,3.0,,oz,85.0
171128,1.0,,drumstick,217.0
171129,4.0,,oz,113.0
171129,1.0,,thigh,424.0
171130,1.0,,breast,1171.0
171130,4.0,,oz,113.0
171131,1.0,,thigh,327.0
171131,3.0,,oz,85.0
171132,3.0,,oz,85.0
171132,1.0,,wing,518.0
171133,1.0,,wing,375.0
171133,3.0,,oz,85.0
171134,1.0,,drumstick,356.0
171134,4.0,,oz,113.0
171135,1.0,,drumstick,275.0
171135,3.0,,oz,85.0
171136,4.0,,oz,113.0
171136,1.0,,drumstick,337.0
171137,3.0,,oz,85.0
171137,1.0,,thigh,348.0
171138,1.0,,back,1245.0
171138,4.0,,oz,113.0
171139,3.0,,oz,85.0
171139,1.0,,back,949.0
171140,3.0,,oz,85.0
171140,1.0,,piece,181.0
171141,1.0,,cup (8 fl oz),257.0
171141,1.0,,"can (11 oz), undiluted",312.0
171142,1.0,,can 11.5 oz,326.0
171142,0.5,,cup,130.0
171143,1.0,,cup (8 fl oz),263.0
171143,1.0,,can (11.25 oz),319.0
171144,1.0,,cup (8 fl oz),243.0
171144,1.0,,can (19.25 oz),546.0
171145,1.0,,cup,245.0
171146,1.0,,can (10.75 oz),305.0
171146,0.5,,cup (4 fl oz),126.0
171147,0.5,,cup (4 fl oz),126.0
171147,1.0,,can (10.75 oz),305.0
171148,1.0,,cup,243.0
171148,1.0,,can,530.0
171149,0.5,,cup,121.0
171149,1.0,,can (10.7 oz),303.0
171150,1.0,,cup (8 fl oz),263.0
171150,1.0,,can (11.25 oz),319.0
171151,1.0,,cup (8 fl oz),240.0
171151,1.0,,can (19 oz),539.0
171152,0.5,,cup (4 fl oz),126.0
171152,1.0,,can (10.75 oz),305.0
171153,1.0,,can (10.5 oz),298.0
171153,0.5,,cup (4 fl oz),123.0
171154,1.0,,can (10.75 oz),305.0
171154,0.5,,cup (4 fl oz),126.0
171155,0.5,,cup,126.0
171156,0.5,,cup (4 fl oz),126.0
171156,1.0,,can (10.75 oz),305.0
171157,0.5,,cup (4 fl oz),135.0
171157,1.0,,can (11.5 oz),326.0
171158,0.5,,cup,124.0
171159,1.0,,can,305.0
171159,0.5,,cup,126.0
171160,1.0,,cup (8 fl oz),251.0
171160,1.0,,can (10.75 oz),305.0
171161,0.5,,cup,126.0
171161,1.0,,can (10.5 oz),298.0
171162,1.0,,can (19 oz),539.0
171162,1.0,,cup,245.0
171163,1.0,,can (10.75 oz),305.0
171163,0.5,,cup,126.0
171164,0.5,,cup,123.0
171164,1.0,,can (10.5 oz),298.0
171165,1.0,,serving 1 tbsp,7.5
171165,1.0,,packet,39.0
171166,1.0,,packet,18.0
171167,1.0,,tbsp,18.0
171167,1.0,,fl oz,36.0
171167,1.0,,cup,288.0
171168,1.0,,can,298.0
171168,0.25,,cup,59.0
171169,1.0,,tsp,3.0
171170,1.0,,can,298.0
171170,1.0,,cup,238.0
171171,1.0,,cup (8 fl oz),21.0
171172,1.0,,cup (8 fl oz),24.0
171173,1.0,,serving,6.7
171174,0.5,,cup,103.0
171175,1.0,,can (10.75 oz),305.0
171175,0.5,,cup (4 fl oz),126.0
171176,1.0,,fl oz,31.0
171176,1.0,,serving 1 cup,248.0
171177,1.0,,packet,5.8
171177,1.0,,package without flavor packet,81.0
171178,1.0,,can 10.7 oz (10.75 oz),303.0
171178,1.0,,serving 1/2 cup,121.0
171179,1.0,,cup,213.0
171179,1.0,,can 14.5 oz,413.0
171179,1.0,,carton 32 oz,925.0
171180,1.0,,cup,220.0
171180,1.0,,carton 32 oz,928.0
171181,10.0,,oz 1 pouch,283.0
171182,10.0,,oz 1 pouch,283.0
171183,10.0,,oz 1 pouch,283.0
171184,10.0,,oz 1 pouch,283.0
171185,0.25,,cup,60.0
171186,1.0,,tsp,6.5
171187,1.0,,tsp,6.9
171188,1.0,,tsp,6.2
171189,1.0,,package yields,292.0
171189,1.0,,serving,292.0
171190,1.0,,can,528.0
171190,1.0,,cup,250.0
171191,0.25,,cup,63.0
171192,1.0,,serving 1/2 cup,132.0
171193,1.0,,piece,429.0
171193,4.0,,oz,113.0
171194,4.0,,oz,113.0
171194,1.0,,piece,340.0
171195,1.0,,piece,331.0
171195,4.0,,oz,113.0
171196,1.0,,steak,307.0
171196,3.0,,oz,85.0
171197,1.0,,steak,309.0
171197,3.0,,oz,85.0
171198,3.0,,oz,85.0
171198,1.0,,roast,793.0
171199,3.0,,oz,85.0
171199,1.0,,roast,779.0
171200,3.0,,oz,85.0
171200,1.0,,roast,787.0
171201,1.0,,steak,141.0
171201,3.0,,oz,85.0
171202,4.0,,oz,113.0
171202,1.0,,steak,198.0
171203,3.0,,oz,85.0
171203,1.0,,lb,453.6
171204,3.0,,oz,85.0
171205,3.0,,oz,85.0
171206,4.0,,oz,113.0
171207,3.0,,oz,85.0
171208,3.0,,oz,85.0
171209,1.0,,steak,291.0
171209,3.0,,oz,85.0
171210,3.0,,oz,85.0
171210,1.0,,roast,2044.0
171211,3.0,,oz,85.0
171211,1.0,,steak,356.0
171212,3.0,,oz,85.0
171212,1.0,,steak,349.0
171213,4.0,,oz,113.0
171213,1.0,,steak,473.0
171214,1.0,,steak,483.0
171214,4.0,,oz,113.0
171215,1.0,,roast,586.0
171215,3.0,,oz,85.0
171216,3.0,,oz,85.0
171216,1.0,,roast,645.0
171217,3.0,,oz,85.0
171217,1.0,,steak,449.0
171218,3.0,,oz,85.0
171218,1.0,,steak,445.0
171219,3.0,,oz,85.0
171219,1.0,,steak,454.0
171220,1.0,,steak,204.0
171220,4.0,,oz,113.0
171221,1.0,,steak,191.0
171221,4.0,,oz,113.0
171222,3.0,,oz,85.0
171222,1.0,,piece,289.0
171223,3.0,,oz,85.0
171223,1.0,,piece,272.0
171224,3.0,,oz,85.0
171224,1.0,,roast,787.0
171225,1.0,,roast,793.0
171225,3.0,,oz,85.0
171226,1.0,,roast,779.0
171226,3.0,,oz,85.0
171227,1.0,,piece,227.0
171227,3.0,,oz,85.0
171228,3.0,,oz,85.0
171228,1.0,,steak,308.0
171229,3.0,,oz,85.0
171229,1.0,,steak,307.0
171230,3.0,,oz,85.0
171230,1.0,,steak,309.0
171231,4.0,,oz,113.0
171231,1.0,,steak,384.0
171232,3.0,,oz,85.0
171232,1.0,,steak,281.0
171233,3.0,,oz,85.0
171233,1.0,,steak,306.0
171234,1.0,,roast,2627.0
171234,1.0,,steak,462.0
171234,4.0,,oz,113.0
171235,1.0,,roast,2674.0
171235,4.0,,oz,113.0
171235,1.0,,steak,456.0
171236,3.0,,oz,85.0
171236,1.0,,steak,381.0
171237,3.0,,oz,85.0
171237,1.0,,steak,378.0
171238,3.0,,oz,85.0
171238,1.0,,steak,385.0
171239,3.0,,oz,85.0
171239,1.0,,roast,1601.0
171240,1.0,,oz,28.35
171240,1.0,,package (8 oz),227.0
171241,1.0,,oz,28.35
171241,1.0,,package (7 oz),198.0
171242,1.0,,cubic inch,15.0
171242,1.0,,oz,28.35
171242,1.0,,"cup, shredded",108.0
171242,1.0,,slice (1 oz),28.0
171242,1.0,,"cup, diced",132.0
171242,1.0,,package (6 oz),170.0
171243,1.0,,cup,134.0
171243,1.0,,box,113.0
171243,1.0,,package (8 oz),227.0
171243,1.0,,oz,28.35
171243,1.0,,cubic inch,18.0
171244,1.0,,oz,28.35
171244,1.0,,"cup, diced",132.0
171244,1.0,,slice (1 oz),28.0
171244,1.0,,cubic inch,18.0
171244,1.0,,"cup, shredded",113.0
171245,1.0,,oz,28.35
171245,1.0,,slice (1 oz),28.0
171245,1.0,,"cup, shredded",113.0
171245,1.0,,package (6 oz),170.0
171245,1.0,,cubic inch,18.0
171245,1.0,,"cup, diced",132.0
171246,1.0,,oz,28.35
171246,1.0,,package (3 oz),85.0
171247,1.0,,oz,28.35
171247,1.0,,cup,100.0
171247,1.0,,tbsp,5.0
171248,0.5,,cup,124.0
171248,1.0,,cup,246.0
171248,1.0,,oz,28.35
171249,5.0,,package (5 oz),142.0
171249,1.0,,oz,28.35
171250,1.0,,package (3 oz),85.0
171250,1.0,,oz,28.35
171251,1.0,,"cup, melted",244.0
171251,1.0,,"cup, shredded",108.0
171251,1.0,,cubic inch,15.0
171251,1.0,,oz,28.35
171251,1.0,,"cup, diced",132.0
171251,1.0,,slice (1 oz),28.0
171252,1.0,,package (8 oz),227.0
171252,1.0,,oz,28.35
171252,1.0,,cup,113.0
171252,1.0,,slice (3/4 oz),21.0
171253,1.0,,package (8 oz),227.0
171253,1.0,,oz,28.35
171254,1.0,,cubic inch,18.0
171254,1.0,,jar (5 oz),128.0
171254,1.0,,cup,244.0
171254,1.0,,slice,34.0
171254,1.0,,"cup, diced",140.0
171254,1.0,,jar (5 oz),142.0
171254,1.0,,"slice, thin",14.0
171255,1.0,,tbsp,15.0
171255,1.0,,cup,242.0
171255,1.0,,"container, individual (.5 fl oz)",15.0
171255,1.0,,fl oz,30.2
171256,1.0,,tbsp,15.0
171256,1.0,,cup,242.0
171257,1.0,,tbsp,12.0
171257,1.0,,cup,230.0
171258,1.0,,cup,254.0
171258,1.0,,quart,1016.0
171258,1.0,,fl oz,31.8
171259,1.0,,cup,235.0
171259,1.0,,tbsp,12.0
171261,1.0,,"container, individual",15.0
171261,0.5,,cup,120.0
171261,1.0,,cup,240.0
171261,1.0,,fl oz,30.0
171262,0.5,,cup,120.0
171262,1.0,,"container, individual",15.0
171263,1.0,,tsp,2.0
171263,1.0,,cup,94.0
171263,1.0,,packet,3.0
171264,1.0,,quart,976.0
171264,1.0,,cup,244.0
171265,1.0,,fl oz,30.5
171265,1.0,,cup,244.0
171265,1.0,,tbsp,15.0
171265,1.0,,quart,976.0
171266,1.0,,cup,244.0
171266,1.0,,quart,976.0
171267,1.0,,quart,976.0
171267,1.0,,cup,244.0
171267,1.0,,fl oz,30.5
171268,1.0,,quart,984.0
171268,1.0,,cup,246.0
171269,1.0,,cup,245.0
171269,1.0,,quart,980.0
171269,1.0,,fl oz,30.6
171270,1.0,,quart,980.0
171270,1.0,,cup,245.0
171270,1.0,,fl oz,30.6
171271,1.0,,quart,984.0
171271,1.0,,cup,246.0
171272,0.33,,cup (makes 1 cup reconstituted milk),23.0
171272,1.0,,envelope (1-1/3 cup),91.0
171272,1.0,,cup,68.0
171273,1.0,,oz,28.35
171273,0.25,,lb,113.0
171274,1.0,,cup,120.0
171274,0.25,,cup,30.0
171274,1.0,,tbsp,6.5
171275,1.0,,fl oz,38.2
171275,1.0,,cup,306.0
171276,1.0,,can (13 oz),369.0
171276,1.0,,fl oz,31.5
171276,0.5,,cup,126.0
171276,1.0,,cup,252.0
171277,1.0,,fl oz,31.2
171277,1.0,,cup,250.0
171278,1.0,,fl oz,30.5
171278,1.0,,quart,976.0
171278,1.0,,cup,244.0
171279,1.0,,cup,246.0
171279,1.0,,fl oz,30.8
171280,1.0,,quart,976.0
171280,1.0,,cup,244.0
171281,1.0,,tbsp,2.9
171281,1.0,,cup,57.0
171282,1.0,,quart,984.0
171282,1.0,,cup,246.0
171283,1.0,,tbsp,7.5
171283,1.0,,cup,145.0
171284,1.0,,container (8 oz),227.0
171284,1.0,,container (6 oz),170.0
171284,0.5,,container (4 oz),113.0
171284,1.0,,cup (8 fl oz),245.0
171285,0.5,,container (4 oz),113.0
171285,1.0,,container (6 oz),170.0
171285,1.0,,cup (8 fl oz),245.0
171285,1.0,,container (8 oz),227.0
171285,1.0,,"container, Dannon Sprinkl'ins (4.1 oz)",116.0
171286,1.0,,container (8 oz),227.0
171286,0.5,,container (4 oz),113.0
171286,1.0,,container (6 oz),170.0
171287,1.0,,cup (4.86 large eggs),243.0
171287,1.0,,medium,44.0
171287,1.0,,extra large,56.0
171287,1.0,,small,38.0
171287,1.0,,jumbo,63.0
171287,1.0,,large,50.0
171288,0.25,,cup shredded,28.0
171289,1.0,,slice (2/3 oz),19.0
171289,1.0,,slice (3/4 oz),21.0
171290,1.0,,slice (1 oz),28.0
171290,1.0,,"cup, shredded",113.0
171290,1.0,,"cup, diced",140.0
171290,1.0,,oz,28.35
171290,1.0,,cubic inch,18.0
171290,1.0,,"cup, melted",244.0
171290,1.0,,slice (3/4 oz),21.0
171291,1.0,,package (8 oz),227.0
171291,1.0,,cup,113.0
171291,1.0,,slice (3/4 oz),21.0
171291,1.0,,oz,28.35
171292,1.0,,slice,21.0
171293,1.0,,medium,298.0
171294,26.0,,pieces,95.0
171295,1.0,,serving,28.0
171296,5.3,,oz,150.0
171297,5.3,,oz,150.0
171298,5.3,,oz,150.0
171299,5.3,,oz,150.0
171300,0.0,,container (4 oz),113.0
171300,1.0,,container (5.3 oz),150.0
171300,1.0,,container (8 oz),227.0
171300,1.0,,"container, Dannon Sprinkl'ins (4.1 oz)",116.0
171300,1.0,,cup (8 fl oz),245.0
171300,1.0,,container (6 oz),170.0
171301,1.0,,bottle,989.0
171301,1.0,,cup,247.0
171302,0.5,,cup,126.0
171302,1.0,,cup,252.0
171302,1.0,,fl oz,31.5
171302,1.0,,can (13 oz),369.0
171303,1.0,,quart,1000.0
171303,1.0,,cup,250.0
171303,1.0,,fl oz,31.2
171315,1.0,,tsp,1.9
171315,1.0,,tbsp,6.0
171316,1.0,,"tbsp, whole",6.7
171316,1.0,,"tsp, whole",2.1
171317,1.0,,"tbsp, leaves",2.1
171317,1.0,,"tsp, leaves",0.7
171317,1.0,,"tbsp, ground",4.5
171317,1.0,,"tsp, ground",1.4
171318,1.0,,tbsp,1.9
171318,1.0,,tsp,0.6
171319,1.0,,tbsp,8.0
171319,1.0,,tsp,2.7
171320,1.0,,tsp,2.6
171320,1.0,,tbsp,7.8
171321,1.0,,tsp,2.1
171321,1.0,,tbsp,6.5
171322,1.0,,tsp,1.0
171322,1.0,,tbsp,3.1
171323,1.0,,"tbsp, whole",5.8
171323,1.0,,"tsp, whole",2.0
171324,1.0,,tsp,3.7
171324,1.0,,tbsp,11.1
171325,1.0,,tbsp,9.7
171325,1.0,,tsp,3.1
171326,1.0,,tbsp,7.0
171326,1.0,,tsp,2.2
171327,1.0,,tbsp,6.9
171327,1.0,,tsp,2.4
171328,1.0,,"tsp, leaves",1.0
171328,1.0,,"tsp, ground",1.8
171329,1.0,,tbsp,6.8
171329,1.0,,tsp,2.3
171330,1.0,,tsp,2.8
171330,1.0,,tbsp,8.8
171331,1.0,,tsp,1.5
171331,1.0,,tbsp,4.4
171332,1.0,,tbsp,5.6
171332,1.0,,tsp,1.7
171333,1.0,,tsp,1.2
171333,1.0,,tbsp,3.3
171334,1.0,,oz,28.35
171334,1.0,,cup,240.0
171334,1.0,,tbsp,15.0
171334,1.0,,jar,170.0
171334,1.0,,jar Heinz Junior-3 (6 oz),170.0
171335,1.0,,tbsp,15.0
171335,1.0,,jar,113.0
171335,1.0,,oz,28.35
171335,1.0,,jar Heinz Strained-2 (4.25 oz),120.0
171335,1.0,,jar Gerber Second Food (4 oz),113.0
171336,1.0,,oz,28.35
171336,1.0,,container,67.0
171336,1.0,,tbsp,17.0
171336,1.0,,jar,95.0
171337,1.0,,jar,95.0
171337,1.0,,oz,28.35
171337,1.0,,tbsp,17.0
171337,1.0,,container,67.0
171338,1.0,,jar Beech-Nut Baby's First (2.5 oz),71.0
171338,1.0,,oz,28.35
171338,1.0,,jar Heinz Beginner-1 (2.5 oz),71.0
171338,1.0,,tbsp,16.0
171338,1.0,,jar,113.0
171338,1.0,,jar Gerber Second Food (4 oz),113.0
171338,1.0,,jar Earth's Best (4.5 oz),113.0
171338,1.0,,jar Heinz Strained-2 (4 oz),113.0
171338,1.0,,jar Gerber First Foods (2.5 oz),71.0
171338,1.0,,jar Beech-Nut Stage I (4 oz),113.0
171339,1.0,,oz,28.35
171339,1.0,,jar,170.0
171340,1.0,,tbsp,15.0
171340,1.0,,jar Gerber First Foods (2.5 oz),71.0
171341,1.0,,jar,113.0
171341,1.0,,oz,28.35
171341,1.0,,tbsp,15.0
171341,1.0,,"jar, Gerber (4 oz)",113.0
171342,1.0,,jar Gerber,128.0
171342,1.0,,oz,28.35
171343,1.0,,jar,113.0
171343,1.0,,oz,28.35
171344,1.0,,jar,170.0
171344,1.0,,oz,28.35
171345,1.0,,jar,113.0
171345,1.0,,oz,28.35
171346,1.0,,oz,28.35
171346,1.0,,jar,170.0
171347,1.0,,jar Gerber Third Foods (6 oz),170.0
171347,1.0,,tbsp,16.0
171347,1.0,,oz,28.35
171347,1.0,,jar,170.0
171348,1.0,,oz,28.35
171348,1.0,,jar,113.0
171349,1.0,,oz,28.35
171349,1.0,,jar Gerber,128.0
171350,1.0,,jar,113.0
171350,1.0,,oz,28.35
171351,1.0,,bottle Beech-Nut Stage 2 (4 fl oz),125.0
171351,1.0,,bottle Gerber Second Foods (4 fl oz),125.0
171351,1.0,,bottle Earth's Best (4.2 fl oz),131.0
171351,1.0,,bottle Heinz Strained (4 fl oz),125.0
171351,1.0,,fl oz,31.2
171351,1.0,,bottle NFS,125.0
171352,1.0,,fl oz,31.2
171352,1.0,,jar,127.0
171353,1.0,,jar,127.0
171353,1.0,,bottle (4 fl oz),125.0
171353,1.0,,fl oz,31.2
171354,1.0,,fl oz,31.2
171354,1.0,,bottle Gerber Second Foods (4 fl oz),125.0
171354,1.0,,jar,127.0
171354,1.0,,bottle Heinz Strained (4 fl oz),125.0
171354,1.0,,bottle Beech-Nut Stage 3 (4 fl oz),125.0
171355,1.0,,fl oz,31.2
171355,1.0,,jar,127.0
171356,1.0,,jar,127.0
171356,1.0,,fl oz,31.2
171357,1.0,,fl oz,31.2
171357,1.0,,jar,127.0
171357,1.0,,bottle (4 fl oz),125.0
171358,1.0,,tbsp,2.4
171358,0.5,,oz,15.0
171359,0.5,,oz,15.0
171360,0.25,,cup,12.2
171360,1.0,,box,223.0
171360,0.5,,oz,15.0
171360,1.0,,tbsp,3.2
171361,1.0,,tbsp,2.5
171361,0.5,,oz,15.0
171361,1.0,,serving,15.0
171362,1.0,,oz,28.35
171362,1.0,,jar,113.0
171363,1.0,,oz,28.35
171363,1.0,,jar,170.0
171364,1.0,,oz,28.35
171364,1.0,,jar,170.0
171365,1.0,,jar,113.0
171365,1.0,,oz,28.35
171366,1.0,,jar,170.0
171366,1.0,,oz,28.35
171367,1.0,,packet (.75 oz),21.0
171367,1.0,,tbsp,5.3
171368,1.0,,cookie,8.0
171369,1.0,,oz,28.35
171369,1.0,,cookie,5.0
171370,1.0,,pretzel,6.0
171370,1.0,,oz,28.35
171371,1.0,,biscuit,7.0
171371,1.0,,oz,28.35
171371,1.0,,biscuit,7.0
171372,1.0,,rusk,10.0
171372,1.0,,piece,7.0
171372,1.0,,oz,28.35
171372,1.0,,"toast, Gerber Zwieback",7.0
171373,1.0,,oz,28.35
171373,1.0,,jar,170.0
171374,1.0,,jar,113.0
171374,1.0,,oz,28.35
171375,1.0,,tbsp,15.0
171375,1.0,,jar,113.0
171375,1.0,,jar Gerber Second Food (4 oz),113.0
171375,1.0,,oz,28.35
171375,1.0,,jar Heinz Strained-2 (4 oz),113.0
171376,1.0,,jar,220.0
171376,1.0,,jar Gerber Third Foods (6 oz),170.0
171376,1.0,,oz,28.35
171376,1.0,,tbsp,15.0
171377,1.0,,oz,28.35
171377,1.0,,jar,170.0
171377,1.0,,jar Heinz Junior-3 (6 oz),170.0
171377,1.0,,tbsp,15.0
171377,1.0,,jar Gerber Third Foods (6 oz),170.0
171378,1.0,,oz,28.35
171378,1.0,,jar,113.0
171379,1.0,,jar,113.0
171379,1.0,,cup,229.0
171379,1.0,,jar Heinz Strained-2 (4 oz),113.0
171379,1.0,,jar Gerber Second Food (4 oz),113.0
171379,1.0,,oz,28.35
171379,1.0,,jar Beech-Nut Stage 2 (4 oz),113.0
171379,1.0,,tbsp,14.0
171380,1.0,,jar Beech-Nut Stage 3 (6 oz),170.0
171380,1.0,,oz,28.35
171380,1.0,,jar Gerber Third Foods (6 oz),170.0
171380,1.0,,cup,229.0
171380,1.0,,tbsp,14.0
171380,1.0,,jar Heinz Junior-3 (6 oz),170.0
171380,1.0,,jar,170.0
171381,1.0,,bottle Gerber Second Foods (4 fl oz),125.0
171381,1.0,,bottle Heinz Strained (4 fl oz),125.0
171381,1.0,,bottle Beech-Nut Stage 2 (4 fl oz),125.0
171381,1.0,,bottle Earth's Best (4.2 fl oz),131.0
171381,1.0,,jar,127.0
171381,1.0,,fl oz,31.2
171382,1.0,,fl oz,31.4
171383,1.0,,fl oz,30.5
171384,1.0,,scoop,8.7
171385,1.0,,fl oz,30.5
171386,1.0,,fl oz,31.4
171387,1.0,,scoop,8.7
171387,1.0,,fl oz,30.5
171388,1.0,,bar,19.0
171389,1.0,,scoop,8.7
171390,5.0,,fl oz,152.0
171390,1.0,,fl oz,30.4
171391,5.0,,fl oz,152.0
171391,1.0,,fl oz,30.4
171392,5.0,,fl oz,152.0
171392,1.0,,fl oz,30.4
171393,5.0,,fl oz,152.0
171393,1.0,,fl oz,30.4
171394,1.0,,fl oz,30.4
171394,5.0,,fl oz,152.0
171395,5.0,,fl oz,153.0
171396,5.0,,fl oz,153.0
171396,1.0,,fl oz,30.4
171397,1.0,,fl oz,30.4
171397,5.0,,fl oz,152.0
171398,18.0,,piece,7.0
171399,1.0,,scoop,9.5
171400,1.0,,tbsp,12.8
171400,1.0,,cup,205.0
171401,1.0,,tbsp,12.8
171401,1.0,,cup,205.0
171402,1.0,,cup,250.0
171402,1.0,,serving (2 tbsp),30.0
171402,1.0,,tbsp,16.0
171403,1.0,,cup,235.0
171403,1.0,,tbsp,14.7
171404,1.0,,serving (2 tbsp),30.0
171404,1.0,,tablespoon,16.0
171404,1.0,,cup,260.0
171405,1.0,,tablespoon,15.0
171405,1.0,,cup,240.0
171406,1.0,,tbsp,15.0
171406,1.0,,cup,240.0
171407,1.0,,cup,240.0
171407,1.0,,tablespoon,15.0
171408,1.0,,tablespoon,14.1
171408,1.0,,cup,225.0
171409,1.0,,cup,245.0
171409,1.0,,tablespoon,15.0
171410,1.0,,tsp,4.5
171410,1.0,,cup,216.0
171410,1.0,,tbsp,13.5
171411,1.0,,tbsp,13.6
171411,1.0,,tsp,4.5
171411,1.0,,cup,218.0
171412,1.0,,cup,218.0
171412,1.0,,tsp,4.5
171412,1.0,,tbsp,13.6
171413,1.0,,tablespoon,13.5
171413,1.0,,tsp,4.5
171413,1.0,,cup,216.0
171414,1.0,,individual packet,12.3
171414,1.0,,cup,250.0
171414,1.0,,tbsp,16.0
171415,1.0,,cup,232.0
171415,1.0,,tsp,4.8
171416,1.0,,tablespoon,14.0
171416,1.0,,cup,220.0
171417,1.0,,tablespoon,16.0
171417,1.0,,cup,250.0
171418,1.0,,cup,220.0
171418,1.0,,tablespoon,13.8
171419,1.0,,cup,220.0
171419,1.0,,tablespoon,14.0
171420,1.0,,cup,256.0
171420,1.0,,tablespoon,16.0
171421,1.0,,tsp,4.5
171421,1.0,,cup,218.0
171421,1.0,,tablespoon,13.6
171422,2.0,,tbsp (1/8 cup),27.0
171422,1.0,,tablespoon,13.6
171422,1.0,,cup,218.0
171423,1.0,,cup,218.0
171423,1.0,,tsp,4.5
171423,1.0,,tablespoon,13.6
171424,1.0,,tablespoon,13.6
171424,1.0,,tsp,4.5
171424,1.0,,cup,218.0
171425,1.0,,tablespoon,13.6
171425,1.0,,cup,218.0
171425,1.0,,tsp,4.5
171426,1.0,,tablespoon,13.6
171426,1.0,,cup,218.0
171426,1.0,,tsp,4.5
171427,1.0,,tablespoon,13.6
171427,1.0,,tsp,4.5
171427,1.0,,cup,218.0
171428,1.0,,tsp,4.5
171428,1.0,,tbsp,13.6
171428,1.0,,cup,218.0
171429,1.0,,cup,218.0
171429,1.0,,tablespoon,13.6
171429,1.0,,tsp,4.5
171430,1.0,,"spray , about 1/3 second (1 NLEA serving)",0.3
171431,1.0,,tbsp (1 NLEA serving),14.0
171432,1.0,,tablespoon (1 NLEA serving),14.0
171433,1.0,,tbsp (1 NLEA serving),14.0
171433,1.0,,cup,214.0
171434,1.0,,tbsp,14.9
171435,1.0,,cup,227.0
171435,1.0,,tablespoon,14.0
171435,1.0,,teaspoon,4.0
171436,1.0,,tbsp,14.0
171437,1.0,,tbsp,14.0
171438,1.0,,teaspoon,4.5
171438,1.0,,tablespoon,14.0
171438,1.0,,cup,218.0
171439,1.0,,teaspoon,4.5
171439,1.0,,cup,218.0
171439,1.0,,tablespoon,13.6
171440,1.0,,tablespoon,13.6
171440,1.0,,teaspoon,4.5
171440,1.0,,cup,218.0
171441,1.0,,tablespoon,13.6
171441,1.0,,cup,218.0
171441,1.0,,teaspoon,4.5
171442,1.0,,tablespoon,13.7
171442,1.0,,cup,219.0
171443,1.0,,cup,232.0
171443,1.0,,tbsp,15.0
171445,3.0,,oz,85.0
171445,1.0,,breast,384.0
171446,1.0,,unit (yield from 1 lb ready-to-cook chicken),225.0
171446,1.0,,chicken,751.0
171446,3.0,,oz,85.0
171447,0.5,,"chicken, bone removed",460.0
171447,1.0,,unit (yield from 1 lb ready-to-cook chicken),276.0
171447,4.0,,oz,113.0
171448,1.0,,unit (yield from 1 lb ready-to-cook chicken),280.0
171448,0.5,,"chicken, bone removed",466.0
171448,3.0,,oz,85.0
171449,3.0,,oz,85.0
171449,0.5,,"chicken, bone removed",314.0
171449,1.0,,unit (yield from 1 lb ready-to-cook chicken),188.0
171450,1.0,,"cup, chopped or diced",140.0
171450,0.5,,unit (yield from 1 lb ready-to-cook chicken),178.0
171450,0.0,,"chicken, bone removed",299.0
171450,3.0,,oz,85.0
171451,1.0,,tbsp,8.7
171451,1.0,,"cup, chopped or diced",140.0
171451,1.0,,unit (yield from 1 lb ready-to-cook chicken),157.0
171452,4.0,,oz,113.0
171452,0.0,,"chicken, skin only",79.0
171452,0.5,,unit (yield from 1 lb ready-to-cook chicken),47.0
171453,3.0,,oz,85.0
171453,0.5,,unit (yield from 1 lb ready-to-cook chicken),114.0
171453,0.0,,"chicken, skin only",190.0
171454,0.5,,"chicken, skin only",56.0
171454,1.0,,unit (yield from 1 lb ready-to-cook chicken),33.0
171455,1.0,,cup chopped or dice,145.0
171455,3.0,,oz,85.0
171456,1.0,,lb,453.0
171456,4.0,,oz,113.0
171457,1.0,,cup chopped or dice,145.0
171458,1.0,,unit (yield from 1 lb ready-to-cook chicken),1.8
171458,1.0,,heart,6.1
171459,1.0,,unit (yield from 1 lb ready-to-cook chicken),113.0
171459,0.5,,"chicken, bone removed",188.0
171460,0.5,,"chicken, bone removed",130.0
171460,1.0,,unit (yield from 1 lb ready-to-cook chicken),78.0
171461,1.0,,unit (yield from 1 lb ready-to-cook chicken),79.0
171461,0.5,,"chicken, bone removed",132.0
171462,1.0,,unit (yield from 1 lb ready-to-cook chicken),90.0
171462,0.5,,"chicken, bone removed",150.0
171463,1.0,,unit (yield from 1 lb ready-to-cook chicken),160.0
171463,0.5,,"chicken, bone removed",266.0
171463,4.0,,oz,113.0
171464,0.5,,"chicken, bone and skin removed",147.0
171464,1.0,,unit (yield from 1 lb ready-to-cook chicken),88.0
171465,1.0,,cup,140.0
171465,1.0,,unit (yield from 1 lb ready-to-cook chicken),64.0
171466,0.5,,"chicken, bone and skin removed",107.0
171466,1.0,,"cup, chopped or diced",140.0
171466,1.0,,unit (yield from 1 lb ready-to-cook chicken),64.0
171467,1.0,,"cup, chopped or diced",140.0
171467,0.5,,"chicken, bone and skin removed",119.0
171467,1.0,,unit (yield from 1 lb ready-to-cook chicken),71.0
171468,0.5,,"chicken, separable fat",52.0
171468,1.0,,tbsp,12.8
171468,1.0,,unit (yield from 1 lb ready-to-cook chicken),32.0
171469,0.5,,"back, bone removed",99.0
171469,1.0,,unit (yield from 1 lb ready-to-cook chicken),59.0
171470,0.5,,"back, bone removed",120.0
171470,1.0,,unit (yield from 1 lb ready-to-cook chicken),72.0
171471,0.5,,"back, bone removed",72.0
171471,1.0,,unit (yield from 1 lb ready-to-cook chicken),44.0
171472,0.0,,"back, bone and skin removed",40.0
171472,3.0,,oz,85.0
171472,0.5,,unit (yield from 1 lb ready-to-cook chicken),24.0
171473,1.0,,unit (yield from 1 lb ready-to-cook chicken),26.0
171473,0.5,,"back, bone and skin removed",42.0
171474,0.5,,"breast, bone removed (yield from 1 lb ready-to-cook chicken)",87.0
171474,0.5,,"breast, bone removed",145.0
171475,0.0,,"breast, bone removed",140.0
171475,3.0,,oz,85.0
171475,0.5,,unit (yield from 1 lb ready-to-cook chicken),84.0
171476,1.0,,unit (yield from 1 lb ready-to-cook chicken),59.0
171476,0.5,,"breast, bone removed",98.0
171477,1.0,,"cup, chopped or diced",140.0
171477,1.0,,unit (yield from 1 lb ready-to-cook chicken),52.0
171477,0.5,,"breast, bone and skin removed",86.0
171478,1.0,,"cup, chopped or diced",140.0
171478,0.5,,"breast, bone and skin removed",95.0
171478,1.0,,unit (yield from 1 lb ready-to-cook chicken),57.0
171479,3.0,,oz,85.0
171479,1.0,,bird,3812.0
171480,4.0,,oz,113.0
171480,1.0,,bird,5002.0
171481,3.0,,oz,85.0
171481,1.0,,bird,3812.0
171482,4.0,,oz,113.0
171482,1.0,,lb,453.0
171483,3.0,,oz,85.0
171483,1.0,,gizzard cooked,45.0
171484,4.0,,oz,113.0
171484,1.0,,piece,24.0
171485,3.0,,oz,85.0
171485,1.0,,heart,20.0
171486,1.0,,raw liver,78.0
171486,4.0,,oz,113.0
171487,3.0,,oz,85.0
171487,1.0,,liver cooked,53.0
171488,4.0,,oz,113.0
171488,1.0,,lb,453.0
171489,3.0,,oz,85.0
171490,1.0,,serving,85.0
171491,3.0,,oz,85.0
171492,3.0,,oz,85.0
171492,0.5,,unit (yield from 1 lb ready-to-cook turkey),112.0
171492,0.0,,"breast, bone removed",864.0
171493,1.0,,"leg, bone removed",816.0
171493,1.0,,unit (yield from 1 lb ready-to-cook turkey),105.0
171494,3.0,,oz,85.0
171494,1.0,,"leg, bone removed",546.0
171494,1.0,,unit (yield from 1 lb ready-to-cook turkey),71.0
171495,1.0,,unit (yield from 1 lb ready-to-cook turkey),33.0
171495,1.0,,"wing, bone removed",256.0
171496,3.0,,oz,85.0
171496,1.0,,breast,1413.0
171497,4.0,,oz,113.0
171497,1.0,,wing,346.0
171498,1.0,,wing,213.0
171498,3.0,,oz,85.0
171499,0.5,,"turkey, skin only",196.0
171499,1.0,,unit (yield from 1 lb ready-to-cook turkey),31.0
171500,1.0,,"package (net weight, 5 oz)",142.0
171500,3.0,,oz,85.0
171501,0.5,,"breast, bone removed",864.0
171501,3.0,,oz,85.0
171502,1.0,,"thigh, bone removed",314.0
171502,3.0,,oz,85.0
171503,1.0,,"box (net weight, 2.5 lb)",1134.0
171503,3.0,,oz,85.0
171504,0.5,,lb,227.0
171505,1.0,,lb,453.6
171505,1.0,,"patty, 4 oz",114.0
171505,4.0,,oz,113.0
171506,3.0,,oz,85.0
171506,1.0,,"patty (4 oz, raw) (yield after cooking)",82.0
171506,1.0,,"unit, yield from 1 lb raw",330.0
171507,0.5,,bird,168.0
171507,3.0,,oz,85.0
171508,1.0,,serving,74.0
171508,3.0,,oz,85.0
171509,0.5,,breast,118.0
171509,4.0,,oz,113.0
171509,1.0,,piece,263.0
171510,1.0,,unit (yield from 1 lb ready-to-cook duck),56.0
171510,0.5,,"breast, bone removed",120.0
171510,3.0,,oz,85.0
171511,1.0,,"cup, chopped or diced",174.0
171511,3.0,,oz,85.0
171511,0.5,,"breast, bone and skin removed",95.0
171511,1.0,,unit (yield from 1 lb ready-to-cook duck),44.0
171512,3.0,,oz,85.0
171512,1.0,,patty,60.0
171513,1.0,,patty,60.0
171513,3.0,,oz,85.0
171514,1.0,,piece,15.0
171514,3.0,,oz,85.0
171514,4.0,,pieces,62.0
171515,3.0,,oz,85.0
171515,1.0,,piece,15.0
171515,4.0,,pieces,62.0
171516,1.0,,wing,51.0
171516,3.0,,oz,85.0
171517,1.0,,back,102.0
171517,1.0,,serving (3 oz),85.0
171517,1.0,,oz,28.35
171518,1.0,,breast breast with skin and bone,483.0
171518,1.0,,oz,28.35
171518,3.0,,oz,85.0
171519,1.0,,serving (3oz),85.0
171519,1.0,,oz,28.35
171519,1.0,,drumstick,53.0
171520,3.0,,oz,85.0
171521,1.0,,drumstick,53.0
171521,1.0,,oz,28.35
171521,1.0,,serving (3 oz),85.0
171522,1.0,,serving,85.0
171522,1.0,,thigh,89.0
171523,1.0,,oz,28.35
171523,1.0,,serving (3 oz),85.0
171523,1.0,,wing,53.0
171524,1.0,,serving,85.0
171525,1.0,,drumstick,359.0
171525,4.0,,oz,113.0
171526,3.0,,oz,85.0
171526,1.0,,wing,358.0
171527,3.0,,oz,85.0
171527,1.0,,wing,219.0
171528,3.0,,oz,85.0
171528,1.0,,breast,1150.0
171529,3.0,,oz,85.0
171529,1.0,,breast,863.0
171530,3.0,,oz,85.0
171530,1.0,,drumstick,206.0
171531,1.0,,thigh,367.0
171531,4.0,,oz,113.0
171532,1.0,,thigh,319.0
171532,3.0,,oz,85.0
171533,4.0,,oz,113.0
171533,1.0,,thigh,454.0
171534,3.0,,oz,85.0
171534,1.0,,piece,196.0
171535,1.0,,piece,195.0
171535,3.0,,oz,85.0
171536,1.0,,piece,192.0
171536,3.0,,oz,85.0
171537,0.5,,cup (4 fl oz),126.0
171537,1.0,,can (10.75 oz),305.0
171538,1.0,,can 14.5 oz,435.0
171538,1.0,,cup,240.0
171538,1.0,,container 32 oz,960.0
171539,1.0,,can (10.75 oz),305.0
171539,0.5,,cup,125.0
171540,1.0,,can (10.75 oz),305.0
171540,0.5,,cup,126.0
171541,0.5,,cup,124.0
171542,0.5,,cup (4 fl oz),126.0
171542,1.0,,can (10.75 oz),305.0
171543,0.5,,cup,124.0
171544,1.0,,cup,240.0
171544,1.0,,can 19 oz,539.0
171545,0.5,,cup,126.0
171546,1.0,,cup,255.0
171547,0.5,,cup,126.0
171547,1.0,,can (10.7 oz),303.0
171548,0.5,,cup,124.0
171548,1.0,,can (10.5 oz),310.0
171549,1.0,,can (20 oz),567.0
171549,1.0,,cup (8 fl oz),248.0
171550,1.0,,cup,240.0
171550,1.0,,can (19 oz),539.0
171551,1.0,,can (10.5 oz),298.0
171551,0.5,,cup (4 fl oz),123.0
171552,0.5,,cup,126.0
171552,1.0,,can (10.75 oz),305.0
171553,1.0,,can (10.5 oz),298.0
171553,0.5,,cup (4 fl oz),123.0
171554,0.5,,cup,128.0
171554,1.0,,can (11.2 oz),319.0
171555,1.0,,cup,240.0
171555,1.0,,can (19 oz),539.0
171556,0.5,,cup,123.0
171557,0.5,,cup (4 fl oz),129.0
171557,1.0,,"can (11 oz), undiluted",312.0
171558,1.0,,can (18.75 oz),532.0
171558,1.0,,cup (8 fl oz),236.0
171559,1.0,,cup,230.0
171560,1.0,,packet,6.0
171560,1.0,,cube,3.6
171561,1.0,,cube,3.6
171562,1.0,,teaspoon,2.0
171562,1.0,,cube,4.0
171563,1.0,,cube,4.8
171564,1.0,,cup,233.0
171564,1.0,,can,291.0
171565,1.0,,tbsp,6.0
171566,0.25,,cup,57.0
171566,1.0,,cup,228.0
171566,1.0,,jar 10.5 oz,273.0
171566,1.0,,jar 12 oz,324.0
171567,1.0,,tbsp,8.0
171567,1.0,,serving,8.0
171568,1.0,,tsp,5.0
171568,1.0,,tbsp,14.9
171568,1.0,,cup,238.0
171568,1.0,,can,298.0
171569,1.0,,serving,7.0
171570,1.0,,cup (8 fl oz),25.0
171571,1.0,,packet (6 fl oz),11.1
171571,1.0,,packet,74.0
171572,1.0,,"can (10.75 oz), prepared",593.0
171572,1.0,,cup (8 fl oz),244.0
171573,1.0,,cup (8 fl oz),244.0
171573,1.0,,"can (10.75 oz), prepared",593.0
171574,1.0,,cup (8 fl oz),247.0
171574,1.0,,"can (11 oz), prepared",600.0
171575,1.0,,tbsp,17.0
171576,10.0,,oz 1 pouch,283.0
171577,10.0,,oz 1 pouch,283.0
171578,10.0,,oz 1 pouch,283.0
171579,0.25,,cup,63.0
171580,0.25,,cup,61.0
171581,0.25,,cup,63.0
171582,0.25,,cup,62.0
171583,1.0,,can,390.0
171583,1.0,,carton (32 oz),926.0
171583,1.0,,cup,221.0
171585,1.0,,serving,240.0
171585,1.0,,package yields,539.0
171586,1.0,,serving 1/2 cup,128.0
171587,1.0,,serving 1/2 cup,121.0
171587,1.0,,can 10.7 oz,303.0
171588,1.0,,package,454.0
171588,1.0,,serving,6.7
171589,1.0,,package (16 oz),454.0
171589,1.0,,serving,6.7
171590,1.0,,package (16 oz),454.0
171590,1.0,,serving,6.7
171591,1.0,,fl oz,31.0
171591,1.0,,serving 1 cup,248.0
171592,1.0,,fl oz,32.4
171592,1.0,,cup,259.0
171593,1.0,,serving 1 cup,248.0
171593,1.0,,fl oz,31.0
171594,1.0,,cup,253.0
171595,1.0,,cup,273.0
171595,1.0,,packet,6.0
171596,1.0,,cup,241.0
171597,1.0,,serving 1/2 cup,128.0
171597,1.0,,cup,257.0
171598,1.0,,cup,236.0
171599,1.0,,serving 1/4 cup 2 oz,57.0
171600,1.0,,cup,226.0
171600,0.25,,cup,56.0
171600,1.0,,can 10.5 oz,273.0
171601,1.0,,oz,28.35
171601,1.0,,"slice (5-7/8"" x 3-1/2"" x 1/16"")",23.0
171602,0.5,,cup,124.0
171604,1.0,,tbsp,15.0
171604,1.0,,cup,245.0
171605,1.0,,tbsp,15.0
171605,1.0,,cup,245.0
171606,1.0,,cup,244.0
171606,1.0,,fl oz,30.5
171607,1.0,,cup,244.0
171607,1.0,,can (10.75 oz),305.0
171608,1.0,,serving 1/3 cup,39.0
171609,1.0,,cup,240.0
171610,1.0,,cup,275.0
171610,1.0,,tbsp,17.0
171611,1.0,,cup,251.0
171612,1.0,,cup,240.0
171613,1.0,,tsp,2.6
171613,1.0,,cube,3.6
171614,1.0,,packet,5.6
171614,1.0,,package without flavor packet,82.0
171615,1.0,,package without flavor packet,81.0
171615,1.0,,packet,6.0
171616,1.0,,"slice (4"" dia x 1/8"" thick)",23.0
171616,1.0,,"slice (2-3/4"" dia x 1/16"")",6.0
171617,1.0,,oz,28.35
171617,1.0,,slice,23.0
171618,4.0,,slices,100.0
171619,1.0,,sausage,91.0
171620,1.0,,link cooked,85.0
171621,1.0,,"slice (2-1/2"" dia x 1/4"" thick)",18.0
171621,1.0,,oz,28.35
171622,1.0,,link,70.0
171623,2.33,,links,100.0
171624,3.0,,oz,85.0
171624,1.0,,link,45.0
171625,1.0,,oz,28.35
171625,1.0,,frankfurter,45.0
171626,1.0,,"slice (4-1/4"" x 4-1/4"" x 1/16"")",21.0
171626,1.0,,oz,28.35
171627,1.0,,"slice (1 oz) (4"" x 4"" x 3/32"" thick)",28.0
171627,1.0,,"slice (4-1/4"" x 4-1/4"" x 1/16"")",21.0
171628,1.0,,"slice (1 oz) (4"" x 4"" x 3/32"" thick)",28.0
171628,2.0,,slices,57.0
171629,1.0,,tbsp,15.0
171629,1.0,,oz,28.35
171630,45.0,,g,45.0
171630,1.0,,"slice (1 oz) (4"" x 4"" x 3/32"" thick)",28.0
171631,1.0,,link,101.0
171632,1.0,,serving,57.0
171633,1.0,,frankfurter,50.0
171634,1.0,,frankfurter,48.0
171635,1.0,,package,343.0
171635,3.0,,oz,85.0
171636,3.0,,oz,85.0
171636,1.0,,package,343.0
171637,1.0,,slice,33.0
171638,3.0,,pieces,56.0
171638,3.0,,oz,85.0
171639,1.0,,slice,8.1
171640,1.0,,serving,15.0
171641,0.67,,cup (1 serving for children under 4 years),20.0
171641,1.0,,cup (1 NLEA serving for adults),30.0
171642,0.75,,cup (1 NLEA serving),27.0
171643,0.75,,cup (1 NLEA serving),26.0
171644,0.75,,cup (1 NLEA serving),27.0
171645,0.75,,cup (1 NLEA serving),27.0
171646,1.0,,oz,28.35
171646,1.0,,cup,122.0
171647,0.5,,cup (1 NLEA serving),58.0
171648,0.75,,cup (1 NLEA serving),29.0
171649,1.0,,cup (1 NLEA serving),27.0
171650,1.0,,cup (1 NLEA serving),59.0
171651,0.75,,cup (1 NLEA serving),14.0
171652,0.75,,cup (1 NLEA serving),27.0
171653,2.0,,tbsp (1 NLEA serving),14.0
171654,1.0,,cup,156.0
171654,1.0,,tbsp,9.7
171655,1.0,,cup,257.0
171655,1.0,,tbsp,16.0
171656,1.0,,packet,29.0
171656,1.0,,tbsp,7.0
171657,1.0,,tbsp,16.0
171657,1.0,,cup (1 serving),251.0
171658,1.0,,cup,176.0
171658,1.0,,tbsp,11.0
171659,0.75,,cup,179.0
171659,1.0,,cup,240.0
171659,1.0,,tbsp,14.9
171660,1.0,,tbsp,11.5
171660,1.0,,cup,178.0
171661,1.0,,packet,28.0
171662,1.0,,"cup, cooked",234.0
171662,1.0,,"cup, dry, yields",501.0
171662,1.0,,"packet, dry, yields",177.0
171662,1.0,,"oz, dry, yields",177.0
171663,1.0,,packet (1 NLEA serving),43.0
171664,1.0,,packet,45.0
171665,0.25,,cup,35.0
171665,1.0,,cup,141.0
171665,0.33,,cup (1 NLEA serving),40.0
171666,1.0,,cup,243.0
171666,0.75,,cup,182.0
171667,0.33,,cup,31.0
171667,1.0,,cup,94.0
171668,1.0,,cup,242.0
171668,0.75,,cup,182.0
171669,1.0,,cup (1 NLEA serving),15.0
171670,1.0,,tbsp,9.7
171670,1.0,,cup,156.0
171671,1.0,,tablespoon,16.0
171671,1.0,,cup,257.0
171672,1.0,,cup,233.0
171673,1.0,,cup,233.0
171674,3.0,,tbsp (1 NLEA serving),35.0
171675,1.0,,cup,234.0
171675,0.75,,cup,175.0
171676,1.0,,cup,243.0
171676,0.75,,cup,182.0
171677,0.75,,cup,182.0
171677,1.0,,cup,242.0
171678,1.0,,cup (1 NLEA serving),55.0
171679,0.75,,cup (1 NLEA serving),30.0
171680,0.75,,cup (1 NLEA serving),30.0
171681,1.0,,cup (1 NLEA serving),30.0
171682,1.0,,packet (1 NLEA serving),45.0
171683,1.0,,package (1 NLEA serving),70.0
171684,1.0,,package (1 NLEA serving),75.0
171685,1.0,,package (1 NLEA serving),70.0
171686,1.0,,fruit without refuse,4.8
171686,1.0,,cup,98.0
171687,1.0,,fl oz,30.2
171687,1.0,,cup,242.0
171688,1.0,,cup slices,109.0
171688,1.0,,"medium (3"" dia)",182.0
171688,1.0,,"small (2-3/4"" dia)",149.0
171688,1.0,,NLEA serving,242.0
171688,1.0,,"cup, quartered or chopped",125.0
171688,1.0,,"extra small (2-1/2"" dia)",101.0
171688,1.0,,"large (3-1/4"" dia)",223.0
171689,1.0,,"large (3-1/4"" dia)",216.0
171689,1.0,,cup slices,110.0
171689,1.0,,"small (2-3/4"" dia)",132.0
171689,1.0,,"medium (3"" dia)",161.0
171690,1.0,,cup,193.0
171691,1.0,,cup,86.0
171691,1.0,,ring,6.4
171692,1.0,,cup,255.0
171693,1.0,,cup,280.0
171694,1.0,,cup slices,173.0
171695,1.0,,cup,244.0
171696,1.0,,cup,246.0
171697,1.0,,apricot,35.0
171697,1.0,,"cup, halves",155.0
171697,1.0,,"cup, sliced",165.0
171698,1.0,,"cup, halves",243.0
171698,1.0,,apricot half with liquid,36.0
171699,1.0,,apricot half with liquid,40.0
171699,1.0,,"cup, halves",258.0
171699,1.0,,"cup, whole",240.0
171700,1.0,,"cup, whole, without pits",258.0
171701,1.0,,"cup, whole, without pits",246.0
171702,1.0,,cup,119.0
171703,1.0,,cup,242.0
171704,1.0,,cup,266.0
171704,1.0,,fl oz,30.4
171705,1.0,,"cup, pureed",230.0
171705,1.0,,"cup, cubes",150.0
171705,1.0,,"cup, sliced",146.0
171705,1.0,,NLEA Serving,50.0
171705,1.0,,"avocado, NS as to Florida or California",201.0
171706,1.0,,"fruit, without skin and seed",136.0
171706,1.0,,"cup, pureed",230.0
171706,1.0,,NLEA serving,50.0
171707,1.0,,fruit without skin and seeds,304.0
171707,1.0,,NLEA Serving,50.0
171707,1.0,,"cup, pureed",230.0
171708,0.25,,cup,40.0
171709,1.0,,cup,256.0
171710,1.0,,package (18 oz),510.0
171710,1.0,,"cup, unthawed",151.0
171711,1.0,,cup,148.0
171711,50.0,,berries,68.0
171712,1.0,,cup,256.0
171713,1.0,,"cup, unthawed",132.0
171713,1.0,,package (10 oz),284.0
171714,0.25,,"fruit, small",96.0
171714,1.0,,cup,220.0
171715,1.0,,"small (3-1/8"" long)",70.0
171715,1.0,,"cup, cubes",132.0
171715,1.0,,"medium (3-5/8"" long)",91.0
171715,1.0,,"cup, sliced",108.0
171715,1.0,,"large (4-1/2"" long)",124.0
171716,1.0,,cup,256.0
171717,1.0,,cup,261.0
171718,1.0,,package (18 oz),510.0
171718,1.0,,"cup, unthawed",155.0
171719,1.0,,"cup, without pits",154.0
171719,1.0,,NLEA serving,140.0
171719,1.0,,"cup, with pits, yields",138.0
171719,1.0,,cherry,8.2
171720,1.0,,"cup, pitted",261.0
171721,1.0,,cup slices,110.0
171722,1.0,,"cup, chopped",110.0
171722,1.0,,"cup, whole",100.0
171723,0.25,,cup,40.0
171724,1.0,,cup,144.0
171726,1.0,,"cup, chopped",147.0
171726,1.0,,"date, pitted",7.1
171727,1.0,,cup,145.0
171728,4.0,,oz,113.0
171729,4.0,,oz,113.0
171730,4.0,,oz,113.0
171731,4.0,,oz,113.0
171732,4.0,,oz,113.0
171732,1.0,,steak,152.0
171733,4.0,,oz,113.0
171733,1.0,,roast,339.0
171734,1.0,,roast,449.0
171734,4.0,,oz,113.0
171735,4.0,,oz,113.0
171735,1.0,,roast,350.0
171736,1.0,,roast,359.0
171736,4.0,,oz,113.0
171737,1.0,,roast,342.0
171737,4.0,,oz,113.0
171738,1.0,,roast,377.0
171738,4.0,,oz,113.0
171739,1.0,,roast,449.0
171739,4.0,,oz,113.0
171740,1.0,,roast,342.0
171740,4.0,,oz,113.0
171741,4.0,,oz,113.0
171741,1.0,,roast,377.0
171742,4.0,,oz,113.0
171742,1.0,,steak,173.0
171743,4.0,,oz,113.0
171743,1.0,,steak,344.0
171744,4.0,,oz,113.0
171744,1.0,,roast,740.0
171745,4.0,,oz,113.0
171745,1.0,,roast,675.0
171746,4.0,,oz,113.0
171746,1.0,,roast,658.0
171747,4.0,,oz,113.0
171747,1.0,,roast,699.0
171748,4.0,,oz,113.0
171748,1.0,,roast,625.0
171749,1.0,,roast,673.0
171749,4.0,,oz,113.0
171750,4.0,,oz,113.0
171750,1.0,,steak,267.0
171751,1.0,,steak,266.0
171751,4.0,,oz,113.0
171752,4.0,,oz,113.0
171752,1.0,,steak,268.0
171753,3.0,,oz,85.0
171753,1.0,,roast,478.0
171754,1.0,,roast,487.0
171754,3.0,,oz,85.0
171755,3.0,,oz,85.0
171756,3.0,,oz,85.0
171757,1.0,,steak,344.0
171757,4.0,,oz,113.0
171758,1.0,,steak,344.0
171758,4.0,,oz,113.0
171759,1.0,,steak,344.0
171759,4.0,,oz,113.0
171760,4.0,,oz,113.0
171760,1.0,,roast,758.0
171761,4.0,,oz,113.0
171761,1.0,,roast,699.0
171762,1.0,,steak,140.0
171762,4.0,,oz,113.0
171763,1.0,,steak,133.0
171763,4.0,,oz,113.0
171764,4.0,,oz,113.0
171764,1.0,,steak,151.0
171765,1.0,,roast,644.0
171765,4.0,,oz,113.0
171766,1.0,,steak,268.0
171766,4.0,,oz,113.0
171767,4.0,,oz,113.0
171767,1.0,,steak,170.0
171768,4.0,,oz,113.0
171768,1.0,,steak,168.0
171769,1.0,,steak,172.0
171769,4.0,,oz,113.0
171770,3.0,,oz,85.0
171771,3.0,,oz,85.0
171772,3.0,,oz,85.0
171773,3.0,,oz,85.0
171774,4.0,,oz,113.0
171774,1.0,,steak,304.0
171775,4.0,,oz,113.0
171775,1.0,,steak,302.0
171776,4.0,,oz,113.0
171777,4.0,,oz,113.0
171778,3.0,,oz,85.0
171779,4.0,,oz,113.0
171780,1.0,,lb,453.6
171780,3.0,,oz,85.0
171781,3.0,,oz,85.0
171782,1.0,,lb,453.6
171782,3.0,,oz,85.0
171783,1.0,,lb,453.6
171783,3.0,,oz,85.0
171784,3.0,,oz,85.0
171784,1.0,,lb,453.6
171786,3.0,,oz,85.0
171786,1.0,,steak,297.0
171787,1.0,,lb,453.6
171787,3.0,,oz,85.0
171788,1.0,,lb,453.6
171788,3.0,,oz,85.0
171789,3.0,,oz,85.0
171789,1.0,,steak,287.0
171790,4.0,,oz,113.0
171791,3.0,,oz,85.0
171792,3.0,,oz,85.0
171793,3.0,,oz,85.0
171794,1.0,,portion ( yield from 1/2 lb raw meat ),154.0
171794,3.0,,oz,85.0
171795,3.0,,oz,85.0
171796,4.0,,oz,113.0
171797,3.0,,oz,85.0
171798,3.0,,oz,85.0
171799,3.0,,oz,85.0
171800,3.0,,oz,85.0
171801,3.0,,oz,85.0
171802,4.0,,oz,113.0
171802,1.0,,lb,453.6
171803,4.0,,oz,113.0
171804,4.0,,oz,113.0
171804,1.0,,lb,453.6
171805,1.0,,lb,453.6
171805,3.0,,oz,85.0
171806,1.0,,lb,453.6
171806,3.0,,oz,85.0
171807,3.0,,oz,85.0
171807,1.0,,lb,453.6
171808,1.0,,lb,453.6
171808,3.0,,oz,85.0
171809,1.0,,lb,453.6
171809,3.0,,oz,85.0
171810,1.0,,lb,453.6
171810,4.0,,oz,113.0
171811,3.0,,oz,85.0
171811,1.0,,lb,453.6
171812,1.0,,lb,453.6
171812,4.0,,oz,113.0
171813,3.0,,oz,85.0
171813,1.0,,lb,453.6
171814,4.0,,oz,113.0
171814,1.0,,lb,453.6
171815,1.0,,lb,453.6
171815,3.0,,oz,85.0
171816,1.0,,lb,453.6
171816,4.0,,oz,113.0
171817,1.0,,lb,453.6
171817,3.0,,oz,85.0
171818,1.0,,lb,453.6
171818,3.0,,oz,85.0
171819,4.0,,oz,113.0
171819,1.0,,lb,453.6
171820,4.0,,oz,113.0
171820,1.0,,lb,453.6
171821,1.0,,cup,223.0
171822,1.41,,oz dry (half noodle block),40.0
171823,2.0,,Tbsp,33.0
171824,2.0,,Tbsp,30.0
171825,2.0,,Tbsp,34.0
171826,2.0,,tablespoons,30.0
171827,0.5,,cup,144.0
171827,1.0,,tbsp,18.0
171827,1.0,,cup,280.0
171828,0.5,,cup,148.0
171828,1.0,,tbsp,16.0
171828,1.0,,cup,291.0
171829,1.0,,cup,265.0
171829,0.5,,cup,138.0
171829,1.0,,tbsp,18.0
171830,0.5,,cup,137.0
171830,1.0,,tbsp,17.0
171830,1.0,,cup,270.0
171831,1.0,,teaspoon,6.5
171831,1.0,,tablespoon,20.0
171832,2.0,,tbsp,36.0
171832,1.0,,container (9 oz),259.0
171833,1.0,,tsp,5.6
171834,1.0,,container (9oz),259.0
171834,2.0,,tbsp,36.0
171835,2.0,,cookies,29.0
171836,2.0,,cookies,25.0
171837,1.0,,package (40 g),40.0
171837,8.0,,cookies 1 serving,31.0
171838,4.0,,crackers,14.0
171839,1.0,,cake 1 serving,27.0
171840,1.0,,brownie 1 serving,36.0
171841,1.0,,serving,34.0
171842,1.0,,cookie 1 serving,38.0
171843,1.0,,serving 3 cookies,29.0
171844,1.0,,piece,68.0
171845,1.0,,piece,90.0
171846,5.0,,crackers 1 serving,15.0
171847,2.0,,cookie 1 serving,36.0
171848,1.0,,package,36.0
171849,1.0,,slice 1 serving,28.0
171850,1.0,,slice 1 serving,38.0
171851,1.0,,slice 1 serving,38.0
171852,1.0,,piece bagel,81.0
171853,0.25,,cup mix 1 serving,38.0
171854,1.0,,serving,31.0
171855,6.0,,cracker 1 serving,43.0
171856,4.0,,cracker 1 serving,14.0
171857,3.0,,cookies,44.0
171858,3.0,,cookies,23.0
171859,3.0,,cookies,30.0
171860,3.0,,cookies,44.0
171861,1.0,,roll,36.0
171862,1.0,,roll,78.0
171863,1.0,,roll,69.0
171864,1.0,,roll,44.0
171865,1.0,,cookie,25.0
171866,1.0,,serving,40.0
171867,5.0,,cookie,28.0
171868,1.0,,serving cookie,48.0
171869,1.0,,fl oz,30.5
171869,1.0,,can or bottle (12 fl oz),366.0
171869,1.0,,can or bottle (16 fl oz),488.0
171869,1.0,,bottle (11 fl oz),336.0
171870,1.0,,serving 8.3 fl oz can,250.0
171871,1.0,,can or bottle (16 fl oz),493.0
171871,1.0,,can or bottle (12 fl oz),370.0
171871,1.0,,fl oz,30.8
171872,1.0,,serving 5 fl oz,147.0
171872,1.0,,fl oz,29.4
171873,8.0,,fl oz,237.0
171874,1.0,,cup dry mix,98.0
171874,1.0,,cup prepared,251.0
171875,1.0,,cup,253.0
171876,1.0,,bottle (16 fl oz),474.0
171876,1.0,,can (12 fl oz),355.0
171876,1.0,,fl oz,29.6
171877,9.5,,fl oz,281.0
171878,8.0,,fl oz,240.0
171879,1.0,,cup (8 fl oz),266.0
171880,1.0,,cup,262.0
171881,1.0,,cup,248.0
171882,1.0,,can (5.5 oz),166.0
171882,1.0,,fl oz,30.2
171883,1.0,,cup,260.0
171884,8.0,,fl oz,240.0
171885,1.0,,cup,269.0
171886,1.0,,envelope  Swiss Miss (.53 oz),15.0
171886,1.0,,envelope Alba (.675 oz),19.0
171887,1.0,,serving 1 envelope,20.0
171888,1.0,,cup,271.0
171889,6.0,,fl oz,178.0
171889,1.0,,cup (8 fl oz),237.0
171889,1.0,,fl oz,29.6
171890,1.0,,cup (8 fl oz),237.0
171890,1.0,,fl oz,29.6
171890,6.0,,fl oz,178.0
171891,1.0,,fl oz,29.6
171892,1.0,,cup,265.0
171893,1.0,,packet,2.0
171893,1.0,,tsp,1.0
171894,1.0,,fl oz,29.9
171894,1.0,,serving 6 fl oz,179.0
171895,8.0,,fl oz,249.0
171896,8.0,,fl oz,237.0
171897,1.0,,"tsp, rounded",1.8
171898,1.0,,NLEA Serving,14.0
171899,8.0,,fl oz,248.0
171900,8.0,,fl oz,247.0
171901,8.0,,fl oz,237.0
171902,1.0,,fl oz,30.6
171902,1.0,,cup (8 fl oz),245.0
171903,1.0,,fl oz,31.6
171903,1.0,,cup (8 fl oz),253.0
171904,1.0,,cup (8 fl oz),237.0
171904,1.0,,fl oz,29.6
171905,1.0,,cup (8 fl oz),272.0
171906,1.0,,fl oz,30.6
171906,1.0,,bottle,355.0
171907,1.0,,bottle,1184.0
171908,1.0,,fl oz,30.3
171909,8.0,,fl oz,248.0
171910,240.0,,ml,240.0
171911,16.0,,fl oz,473.0
171912,1.0,,fl oz,35.2
171912,1.0,,can (12 fl oz),423.0
171913,1.0,,serving 8 fl oz,248.0
171913,1.0,,fl oz,31.0
171914,1.0,,cup (8 fl oz),248.0
171914,6.75,,fl oz,210.0
171915,1.0,,NLEA Serving,210.0
171915,200.0,,ml,200.0
171916,1.0,,fl oz,31.3
171916,1.0,,cup (8 fl oz),250.0
171917,1.0,,cup,245.0
171917,1.0,,fl oz,29.6
171918,1.0,,cup,182.0
171918,1.0,,serving (3 heaping tsp),23.0
171919,1.0,,Jigger 1.5 fl oz,42.0
171919,1.0,,fl oz,27.8
171920,1.0,,fl oz,27.8
171920,1.5,,fl oz,42.0
171921,1.0,,can (12 fl oz),369.0
171921,1.0,,can or bottle (16 fl oz),492.0
171921,1.0,,fl oz,31.0
171922,1.0,,fl oz,29.6
171922,1.0,,bottle 16.9 fl oz,500.0
171922,1.0,,bottle 11.2 fl oz,331.0
171923,12.0,,fl oz,355.0
171923,8.0,,fl oz,237.0
171924,1.0,,fl oz,29.6
171925,1.0,,serving 5 fl oz,147.0
171925,1.0,,fl oz,29.4
171926,1.0,,fl oz,29.6
171926,1.0,,serving (8 fl oz),237.0
171926,1.0,,ml,1.1
171927,1.0,,serving 8 oz,238.0
171928,1.0,,serving 8 oz,243.0
171929,1.0,,serving 8 oz,243.0
171930,1.0,,serving 8 oz,243.0
171931,1.0,,serving 8 oz,243.0
171932,1.0,,serving 8 oz,243.0
171933,1.0,,serving 8 oz,246.0
171934,1.0,,serving 8 oz,246.0
171935,1.0,,serving,240.0
171936,8.0,,fl oz,240.0
171937,1.0,,can,480.0
171937,8.0,,fl oz,240.0
171937,1.0,,fl oz,31.0
171938,8.0,,fl oz,240.0
171939,1.0,,can,391.0
171939,1.0,,cup,158.0
171940,1.0,,pouch,200.0
171941,1.0,,cup,228.0
171942,8.0,,"fl oz (approximate weight, 1 serving)",240.0
171943,1.0,,oz,31.0
171943,8.0,,fl oz (1 serving),246.0
171944,1.0,,fl oz,31.1
171944,8.0,,fl oz,240.0
171945,8.0,,fl oz,237.0
171946,8.0,,fl oz,237.0
171947,1.0,,cup (8 fl oz),238.0
171948,1.0,,fillet,159.0
171948,3.0,,oz,85.0
171949,1.0,,fillet,150.0
171949,3.0,,oz,85.0
171950,3.0,,oz,85.0
171950,1.0,,fillet,116.0
171951,3.0,,oz,85.0
171951,1.0,,fillet,32.0
171952,1.0,,fillet,218.0
171952,3.0,,oz,85.0
171953,3.0,,oz,85.0
171953,1.0,,fillet,79.0
171954,1.0,,oz,28.35
171954,3.0,,oz,85.0
171955,1.0,,fillet,231.0
171955,3.0,,oz,85.0
171956,3.0,,oz,85.0
171956,1.0,,fillet,180.0
171957,1.0,,fillet,87.0
171957,3.0,,oz,85.0
171958,3.0,,oz,85.0
171958,1.0,,fillet,122.0
171959,3.0,,oz,85.0
171959,1.0,,fillet,204.0
171960,3.0,,oz,85.0
171960,1.0,,fillet,198.0
171961,1.0,,piece,42.0
171962,1.0,,fillet,259.0
171962,3.0,,oz,85.0
171963,1.0,,fillet,202.0
171963,3.0,,oz,85.0
171964,1.0,,fillet,193.0
171964,3.0,,oz,85.0
171965,3.0,,oz,85.0
171965,0.5,,fillet,204.0
171966,1.0,,"can (6.5 oz), drained",125.0
171966,1.0,,oz,28.35
171966,3.0,,oz,85.0
171966,1.0,,cup,135.0
171967,1.0,,cake,60.0
171968,3.0,,oz,85.0
171968,1.0,,crab,163.0
171969,3.0,,oz,85.0
171970,4.0,,large,30.0
171970,3.0,,oz,85.0
171971,3.0,,oz,85.0
171971,4.0,,large,22.0
171972,1.0,,oz,28.35
171972,1.0,,cup,128.0
171972,1.0,,"can (4.5 oz), drained",128.0
171972,3.0,,oz,85.0
171972,10.0,,shrimp,32.0
171973,3.0,,oz,85.0
171974,3.0,,oz,85.0
171974,20.0,,small,188.0
171975,20.0,,small,190.0
171975,3.0,,oz,85.0
171976,3.0,,oz,85.0
171976,1.0,,cup,160.0
171977,1.0,,cup,240.0
171977,3.0,,oz,85.0
171978,1.0,,cup,248.0
171978,6.0,,medium,84.0
171979,3.0,,oz,85.0
171979,6.0,,medium,88.0
171980,6.0,,medium,42.0
171980,3.0,,oz,85.0
171981,1.0,,"cup, undrained",248.0
171981,1.0,,oyster,8.0
171981,1.0,,"oz, drained",23.0
171981,1.0,,"can (12 oz), oysters and liquid",272.0
171981,1.0,,"cup, drained",162.0
171981,3.0,,oz,85.0
171982,3.0,,oz,85.0
171983,3.0,,oz,85.0
171984,3.0,,oz,85.0
171985,3.0,,oz,85.0
171985,1.0,,oz,28.35
171986,3.0,,oz,85.0
171986,1.0,,can,165.0
171987,3.0,,oz,85.0
171987,1.0,,can,178.0
171988,3.0,,oz,85.0
171988,1.0,,can,172.0
171989,1.0,,fillet,62.0
171989,3.0,,oz,85.0
171990,1.0,,fillet,90.0
171990,3.0,,oz,85.0
171991,1.0,,fillet,95.0
171991,3.0,,oz,85.0
171992,3.0,,oz,85.0
171992,1.0,,fillet,159.0
171993,1.0,,fillet,154.0
171993,3.0,,oz,85.0
171994,1.0,,fillet,176.0
171994,1.0,,"cubic inch, boneless",17.0
171994,3.0,,oz,85.0
171994,1.0,,"oz, boneless",28.35
171995,3.0,,oz,85.0
171996,3.0,,oz,85.0
171997,3.0,,oz,85.0
171997,1.0,,fillet,124.0
171998,3.0,,oz,85.0
171998,0.5,,fillet,154.0
171999,0.5,,fillet,154.0
171999,3.0,,oz,85.0
172000,0.5,,fillet,154.0
172000,3.0,,oz,85.0
172001,0.5,,fillet,124.0
172001,3.0,,oz,85.0
172002,3.0,,oz,85.0
172002,1.0,,fillet,124.0
172003,1.0,,fillet,37.0
172003,3.0,,oz,85.0
172004,1.0,,fillet,62.0
172004,3.0,,oz,85.0
172005,0.5,,fillet,154.0
172005,3.0,,oz,85.0
172006,3.0,,oz,85.0
172007,3.0,,oz,85.0
172007,1.0,,crab,127.0
172008,3.0,,oz,85.0
172009,1.0,,lobster,163.0
172009,3.0,,oz,85.0
172010,3.0,,oz,85.0
172011,2.0,,oz,56.0
172012,1.0,,slice,30.0
172012,1.0,,serving,28.0
172013,3.52,,oz,100.0
172014,1.0,,cup spaghetti packed,151.0
172014,1.0,,cup elbows not packed,120.0
172014,1.0,,cup spaghetti not packed,124.0
172014,1.0,,cup farfalle,107.0
172014,1.0,,cup penne,107.0
172014,1.0,,cup shells,105.0
172014,1.0,,cup elbows packed,132.0
172014,1.0,,cup lasagne,116.0
172014,1.0,,cup rotini,107.0
172015,1.0,,cup,157.0
172023,1.0,,cup,119.0
172024,1.0,,cup lasagne,116.0
172024,1.0,,cup spaghetti packed,151.0
172024,1.0,,cup penne,97.0
172024,1.0,,cup farfalle,107.0
172024,1.0,,cup spaghetti not packed,116.0
172024,1.0,,cup rotini,107.0
172024,1.0,,cup elbows,117.0
172024,1.0,,cup shells,105.0
172025,1.0,,cup elbows,122.0
172025,1.0,,cup penne,95.0
172025,1.0,,cup shells,64.0
172025,1.0,,cup farfalle,81.0
172025,1.0,,cup rotini,96.0
172025,1.0,,cup spaghetti,91.0
172025,1.0,,cup lasagne,90.0
172026,1.0,,cup penne not packed,131.0
172026,1.0,,cup elbows not packed,131.0
172026,1.0,,cup spaghetti not packed,169.0
172026,1.0,,cup fettucini not packed,153.0
172026,1.0,,cup spirals not packed,136.0
172026,1.0,,cup shells not packed,156.0
172027,1.0,,cup elbows not packed not packed,111.0
172027,1.0,,cup spaghetti packed,166.0
172027,1.0,,cup(not packed) not packed,132.0
172028,1.0,,item,162.0
172029,1.0,,item,145.0
172030,1.0,,biscuit,162.0
172031,1.0,,item,111.0
172032,1.0,,item,108.0
172033,1.0,,sandwich,126.0
172034,1.0,,item,165.0
172035,5.0,,pieces,109.0
172035,3.0,,pieces,65.0
172036,1.0,,sundae,153.0
172037,3.0,,pieces shrimp,39.0
172038,2.0,,pieces,217.0
172039,1.0,,each burrito,185.0
172040,1.0,,slice,96.0
172040,1.0,,pizza,738.0
172041,1.0,,pizza,728.0
172041,1.0,,slice,100.0
172042,1.0,,pizza,573.0
172042,1.0,,slice,69.0
172043,1.0,,pizza,540.0
172043,1.0,,slice,70.0
172044,1.0,,slice,113.0
172044,1.0,,pizza,907.0
172045,1.0,,pizza,984.0
172045,1.0,,slice,123.0
172046,1.0,,pizza,1224.0
172046,1.0,,slice,151.0
172047,1.0,,slice,89.0
172047,1.0,,pie,758.0
172048,1.0,,pie,852.0
172048,1.0,,slice,90.0
172049,1.0,,pie,1043.0
172049,1.0,,slice,115.0
172050,1.0,,slice,102.0
172050,1.0,,pie,919.0
172051,1.0,,pizza,641.0
172051,1.0,,slice,79.0
172052,1.0,,slice,110.0
172052,1.0,,pizza,883.0
172053,1.0,,slice,113.0
172053,1.0,,pizza,909.0
172054,1.0,,pizza,1313.0
172054,1.0,,slice,123.0
172055,1.0,,pie,1168.0
172055,1.0,,slice,136.0
172056,1.0,,item,199.0
172057,1.0,,item,135.0
172058,1.0,,item 6.1 oz,174.0
172059,1.0,,item,135.0
172060,1.0,,item 7 oz,199.0
172061,1.0,,item (3.2 oz),90.0
172062,1.0,,item (6.3 oz),178.0
172063,1.0,,burrito,109.0
172064,1.0,,item 9.5 oz,269.0
172065,1.0,,sandwich,155.0
172066,1.0,,item,280.0
172067,1.0,,item,200.0
172068,1.0,,item 5.8 oz,165.0
172069,1.0,,item 4.9 oz,142.0
172070,1.0,,item 4.1 oz,117.0
172071,1.0,,item 5.7 oz,163.0
172072,1.0,,item 11.3 oz,319.0
172073,1.0,,item 7.8 oz,223.0
172074,1.0,,item 3.1 oz,87.0
172075,1.0,,item 5.2 oz,149.0
172076,1.0,,item,110.0
172077,1.0,,stick,21.0
172077,1.0,,serving 5 sticks,107.0
172078,1.0,,piece,5.6
172078,1.0,,serving,160.0
172079,1.0,,each,25.0
172080,1.0,,item,374.0
172081,1.0,,sandwich,215.0
172082,1.0,,item,199.0
172083,1.0,,item,355.0
172084,1.0,,item,219.0
172085,12.0,,fl oz cup,337.0
172086,1.0,,biscuit,60.0
172087,1.0,,cup,190.0
172087,1.0,,package,120.0
172088,1.0,,strip,54.0
172089,1.0,,oz,28.35
172089,1.0,,serving,283.0
172090,1.0,,serving,269.0
172090,1.0,,oz,28.35
172091,1.0,,serving (1 cup),252.0
172092,1.0,,package yields,397.0
172092,1.0,,serving,397.0
172093,1.0,,"pie, cooked (average weight)",268.0
172094,0.75,,cup,81.0
172095,1.0,,"slice 1/8 of 12"" pizza",103.0
172095,1.0,,"slice 1/8 of 14"" pizza",127.0
172096,1.0,,"pizza 12"" diameter",532.0
172096,0.25,,"pizza 12"" diameter",127.0
172097,1.0,,cup,242.0
172098,1.0,,cup,240.0
172099,1.0,,cup,246.0
172099,1.0,,can,411.0
172100,1.0,,cup,238.0
172100,1.0,,serving (1 NLEA serving),252.0
172101,1.0,,package,309.0
172101,1.0,,oz,28.35
172102,1.0,,oz,28.35
172102,1.0,,burrito cooked,116.0
172103,1.0,,roll,85.0
172103,1.0,,oz,28.35
172104,1.0,,oz,28.35
172104,1.0,,roll,80.0
172105,1.0,,egg roll,68.0
172105,1.0,,oz,28.35
172106,1.0,,oz,28.35
172106,1.0,,serving,227.0
172106,1.0,,cup,226.0
172107,1.0,,hot pocket (1 NLEA serving),127.0
172108,1.0,,hot pocket (1 NLEA serving),127.0
172108,1.0,,each (analytical measurement),129.0
172109,1.0,,each,128.0
172110,1.0,,container,422.0
172110,1.0,,cup,244.0
172111,1.0,,serving,87.0
172111,1.0,,piece,18.0
172112,1.0,,piece,20.0
172112,1.0,,serving,82.0
172113,1.0,,cup,159.0
172114,1.0,,piece corner,114.0
172114,1.0,,piece side,123.0
172114,1.0,,piece center,255.0
172115,3.0,,oz,85.0
172115,1.0,,steak,421.0
172116,4.0,,oz,113.0
172116,1.0,,steak,526.0
172117,3.0,,oz,85.0
172117,1.0,,steak,426.0
172118,4.0,,oz,113.0
172118,1.0,,steak,460.0
172119,1.0,,steak,141.0
172119,3.0,,oz,85.0
172120,4.0,,oz,113.0
172120,1.0,,steak,200.0
172121,1.0,,steak,174.0
172121,3.0,,oz,85.0
172122,1.0,,medallion,40.0
172122,4.0,,oz,113.0
172123,4.0,,oz,113.0
172123,1.0,,steak,233.0
172124,1.0,,steak,179.0
172124,3.0,,oz,85.0
172125,1.0,,steak,254.0
172125,4.0,,oz,113.0
172126,3.0,,oz,85.0
172126,1.0,,steak,193.0
172127,1.0,,steak,160.0
172127,3.0,,oz,85.0
172128,4.0,,oz,113.0
172128,1.0,,steak,293.0
172129,1.0,,steak,225.0
172129,3.0,,oz,85.0
172130,4.0,,oz,113.0
172130,1.0,,steak,324.0
172131,1.0,,steak,168.0
172131,3.0,,oz,85.0
172132,1.0,,steak,241.0
172132,4.0,,oz,113.0
172133,3.0,,oz,85.0
172133,1.0,,steak,184.0
172134,1.0,,steak,250.0
172134,4.0,,oz,113.0
172135,3.0,,oz,85.0
172135,1.0,,steak,236.0
172136,3.0,,oz,85.0
172136,1.0,,medallion,34.0
172137,1.0,,steak,388.0
172137,4.0,,oz,113.0
172138,3.0,,oz,85.0
172138,1.0,,steak,250.0
172139,4.0,,oz,113.0
172139,1.0,,steak,373.0
172140,1.0,,steak,174.0
172140,3.0,,oz,85.0
172141,1.0,,steak,264.0
172141,4.0,,oz,113.0
172142,3.0,,oz,85.0
172143,4.0,,oz,113.0
172144,3.0,,oz,85.0
172144,1.0,,steak,242.0
172145,4.0,,oz,113.0
172145,1.0,,ribs,1587.0
172146,3.0,,oz,85.0
172146,1.0,,ribs,1197.0
172147,1.0,,ribs,1604.0
172147,4.0,,oz,113.0
172148,1.0,,ribs,1102.0
172148,3.0,,oz,85.0
172149,3.0,,oz,85.0
172149,1.0,,roast,2259.0
172150,1.0,,roast,2130.0
172150,3.0,,oz,85.0
172151,1.0,,steak,462.0
172151,4.0,,oz,113.0
172151,1.0,,roast,2627.0
172152,1.0,,steak,456.0
172152,1.0,,roast,2674.0
172152,4.0,,oz,113.0
172153,3.0,,oz,85.0
172153,1.0,,roast,1601.0
172154,3.0,,oz,85.0
172154,1.0,,roast,1555.0
172155,1.0,,roast,1669.0
172155,3.0,,oz,85.0
172156,1.0,,steak,361.0
172156,4.0,,oz,113.0
172156,1.0,,roast,2155.0
172157,1.0,,steak,250.0
172157,3.0,,oz,85.0
172158,1.0,,steak,382.0
172158,4.0,,oz,113.0
172159,1.0,,steak,388.0
172159,4.0,,oz,113.0
172160,4.0,,oz,113.0
172160,1.0,,steak,373.0
172161,3.0,,oz,85.0
172162,1.0,,steak,268.0
172162,4.0,,oz,113.0
172163,4.0,,oz,113.0
172163,1.0,,steak,264.0
172164,3.0,,oz,85.0
172164,1.0,,steak,251.0
172165,3.0,,oz,85.0
172165,1.0,,steak,242.0
172166,1.0,,ribs,1159.0
172166,3.0,,oz,85.0
172167,1.0,,ribs,1197.0
172167,3.0,,oz,85.0
172168,1.0,,ribs,1102.0
172168,3.0,,oz,85.0
172169,1.0,,ribs,1587.0
172169,4.0,,oz,113.0
172170,1.0,,steak,161.0
172170,3.0,,oz,85.0
172171,1.0,,steak,165.0
172171,3.0,,oz,85.0
172172,1.0,,steak,156.0
172172,3.0,,oz,85.0
172173,4.0,,oz,113.0
172173,1.0,,steak,223.0
172174,1.0,,steak,238.0
172174,4.0,,oz,113.0
172175,1.0,,cubic inch,17.0
172175,1.0,,oz,28.35
172175,1.0,,"cup, crumbled, not packed",135.0
172176,1.0,,slice (1 oz),28.0
172176,1.0,,"cup, shredded",113.0
172176,1.0,,"cup, diced",132.0
172176,1.0,,oz,28.35
172176,1.0,,cubic inch,17.0
172177,1.0,,"cup, melted",240.0
172177,1.0,,oz,28.35
172177,1.0,,cubic inch,17.0
172177,1.0,,"cup, sliced",144.0
172177,1.0,,package (4.5 oz),128.0
172178,1.0,,oz,28.35
172178,1.0,,cup,246.0
172178,1.0,,cubic inch,17.0
172178,1.0,,wedge (1.33 oz),38.0
172179,4.0,,oz,113.0
172179,1.0,,"cup, large curd (not packed)",210.0
172179,1.0,,"cup, small curd (not packed)",225.0
172180,4.0,,oz,113.0
172180,1.0,,cup (not packed),226.0
172181,1.0,,cup (not packed),145.0
172181,4.0,,oz,113.0
172182,1.0,,cup (not packed),226.0
172182,4.0,,oz,113.0
172183,1.0,,cup,243.0
172183,1.0,,large,33.0
172184,1.0,,large,17.0
172184,1.0,,cup,243.0
172185,1.0,,large,61.0
172185,1.0,,tbsp,15.0
172186,1.0,,large,50.0
172187,1.0,,cup,220.0
172187,1.0,,large,61.0
172187,1.0,,tbsp,13.7
172188,1.0,,"cup, sifted",85.0
172188,1.0,,tbsp,5.0
172189,1.0,,egg,70.0
172190,1.0,,egg,144.0
172191,1.0,,egg,9.0
172192,1.0,,egg,79.0
172193,1.0,,cup,245.0
172193,1.0,,quart,980.0
172194,1.0,,fl oz,31.5
172194,0.5,,cup,126.0
172195,1.0,,cup,120.0
172195,0.25,,cup,30.0
172196,1.0,,envelope (1-1/3 cup),91.0
172196,1.0,,cup,68.0
172197,1.0,,oz,28.35
172198,1.0,,oz,28.35
172198,1.0,,"cup, shredded",113.0
172198,3.0,,oz,85.0
172198,1.0,,slice,28.0
172198,1.0,,cubic inch,18.0
172200,2.0,,tbsp,30.0
172200,1.0,,cup,243.0
172201,1.0,,"cup, crumbled",132.0
172201,1.0,,oz,28.35
172202,1.0,,oz,28.0
172203,1.0,,oz,28.0
172204,1.0,,oz,28.0
172205,1.0,,cup,246.0
172205,1.0,,quart,984.0
172206,1.0,,tablespoon,5.0
172207,1.0,,tbsp,18.0
172208,1.0,,container (6 oz),170.0
172209,2.0,,tbsp,33.0
172210,2.0,,tbsp,31.0
172211,2.0,,tbsp,32.0
172212,1.0,,pint,484.0
172212,2.0,,tbsp,29.0
172213,1.0,,tablespoon,4.0
172213,1.0,,cup,75.0
172214,4.0,,tsp,12.0
172215,1.0,,slice (1 oz),28.0
172215,1.0,,cubic inch,14.3
172215,1.0,,"cup, shredded",113.0
172215,1.0,,oz,28.35
172215,1.0,,"cup, diced",132.0
172215,1.0,,package (6 oz),170.0
172216,1.0,,oz,28.35
172216,0.25,,cup,28.0
172217,1.0,,fl oz,30.5
172217,1.0,,tbsp,15.0
172217,1.0,,quart,976.0
172217,1.0,,cup,244.0
172218,1.0,,container (6 oz),170.0
172218,1.0,,cup (8 fl oz),245.0
172218,1.0,,container (8 oz),227.0
172219,0.5,,container (4 oz),113.0
172219,1.0,,container (6 oz),170.0
172219,1.0,,cup (8 fl oz),245.0
172219,1.0,,container (8 oz),227.0
172220,1.0,,container (6 oz),170.0
172221,1.0,,container (6 oz),170.0
172222,1.0,,cup grated,97.0
172223,1.0,,"cup, crumbled",122.0
172224,1.0,,"cup, crumbled",118.0
172225,1.0,,cup,245.0
172226,1.0,,serving,70.0
172227,1.0,,serving,82.0
172228,1.0,,unit,96.0
172229,1.0,,serving,70.0
172230,1.0,,serving,70.0
172231,1.0,,tsp,3.0
172231,1.0,,tbsp,9.4
172232,2.0,,"tbsp, chopped",5.3
172232,5.0,,leaves,2.5
172232,0.25,,"cup leaves, whole",6.0
172233,5.0,,sprigs,1.0
172233,1.0,,cup sprigs,8.9
172234,1.0,,cup,249.0
172234,1.0,,tsp or 1 packet,5.0
172235,1.0,,tbsp,13.0
172235,1.0,,tsp,4.2
172236,1.0,,tbsp,13.0
172236,1.0,,tsp,4.2
172237,1.0,,tbsp,14.9
172237,1.0,,tsp,5.0
172237,1.0,,cup,238.0
172238,1.0,,"tbsp, drained",8.6
172239,1.0,,tsp,0.5
172239,1.0,,tbsp,1.6
172240,1.0,,tbsp,14.9
172240,1.0,,cup,239.0
172240,1.0,,tsp,5.0
172241,1.0,,tbsp,16.0
172241,1.0,,tsp,5.3
172241,1.0,,cup,255.0
172242,0.25,,tsp,1.0
172243,2.0,,tsp,5.7
172244,1.0,,jar,71.0
172244,1.0,,oz,28.35
172244,1.0,,tbsp,14.7
172245,1.0,,oz,28.35
172245,1.0,,tbsp,16.0
172245,1.0,,jar,71.0
172246,1.0,,oz,28.35
172246,1.0,,jar,71.0
172247,1.0,,jar Gerber Second Foods (2.5 oz),71.0
172247,1.0,,tbsp,15.0
172247,1.0,,oz,28.35
172247,1.0,,jar,71.0
172248,1.0,,jar Heinz Junior-3 (2.5 oz),71.0
172248,1.0,,jar,71.0
172248,1.0,,jar Gerber Third Foods (2.5 oz),71.0
172248,1.0,,oz,28.35
172248,1.0,,tbsp,15.0
172249,1.0,,stick,10.0
172249,1.0,,jar Gerber Graduate (2.5 oz),71.0
172249,1.0,,jar,71.0
172250,1.0,,tbsp,15.0
172250,1.0,,jar Heinz Strained-2 (2.5 oz),71.0
172250,1.0,,oz,28.35
172250,1.0,,jar,71.0
172250,1.0,,jar Beech-Nut Stage 1 (2.5 oz),71.0
172250,1.0,,jar Gerber Second Foods (2.5 oz),71.0
172251,1.0,,tbsp,19.0
172251,1.0,,container,68.0
172252,0.0,,cup,7.0
172253,1.0,,serving,113.0
172254,1.0,,serving,170.0
172255,1.0,,serving,88.0
172256,1.0,,oz,28.35
172256,1.0,,jar,113.0
172257,1.0,,tbsp,16.0
172257,1.0,,piece,8.0
172258,1.0,,jar Gerber Second Food (4 oz),113.0
172258,1.0,,tbsp,16.0
172258,1.0,,jar Heinz Strained-2 (4 oz),113.0
172258,1.0,,jar,113.0
172258,1.0,,jar Beech-Nut Stage 2 (4 oz),113.0
172258,1.0,,oz,28.35
172259,1.0,,container,113.0
172260,1.0,,oz,28.35
172260,1.0,,jar,170.0
172261,1.0,,jar Beech-Nut Stage 2 (4 oz),113.0
172262,1.0,,jar,170.0
172262,1.0,,oz,28.35
172263,1.0,,tbsp,16.0
172263,1.0,,jar Beech-Nut Stage 2 (4 oz),113.0
172263,1.0,,jar Gerber Second Food (4 oz),113.0
172263,1.0,,jar,113.0
172263,1.0,,oz,28.35
172263,1.0,,jar Heinz Strained-2 (4 oz),113.0
172264,1.0,,tbsp,16.0
172264,1.0,,jar Gerber Third Foods (6 oz),170.0
172264,1.0,,oz,28.35
172264,1.0,,jar Heinz Junior-3 (6 oz),170.0
172264,1.0,,jar Beech-Nut Stage 3 (6 oz),170.0
172264,1.0,,jar,170.0
172265,1.0,,jar,170.0
172265,1.0,,oz,28.35
172266,1.0,,"jar, Gerber (4 oz)",113.0
172267,1.0,,jar,113.0
172267,1.0,,oz,28.35
172268,1.0,,jar,170.0
172268,1.0,,oz,28.35
172269,1.0,,tbsp,16.0
172269,1.0,,jar Heinz Strained-2 (4 oz),113.0
172269,1.0,,oz,28.35
172269,1.0,,jar,113.0
172269,1.0,,jar Gerber Second Food (4 oz),113.0
172269,1.0,,jar Beech-Nut Stage 2 (4 oz),113.0
172270,1.0,,oz,28.35
172270,1.0,,jar,170.0
172271,1.0,,jar Heinz Strained-2 (4 oz),113.0
172271,1.0,,jar,113.0
172271,1.0,,jar Gerber Second Food (4 oz),113.0
172271,1.0,,jar Heinz Beginner-1 (2.5 oz),71.0
172271,1.0,,cup,240.0
172271,1.0,,jar Beech-Nut Stage I (4 oz),113.0
172271,1.0,,tbsp,15.0
172271,1.0,,jar Gerber First Foods (2.5 oz),71.0
172271,1.0,,oz,28.35
172272,1.0,,oz,28.35
172272,1.0,,jar,170.0
172272,1.0,,cup,240.0
172272,1.0,,jar Beech-Nut Stage 3 (6 oz),170.0
172272,1.0,,tbsp,15.0
172273,1.0,,jar,128.0
172273,1.0,,oz,28.35
172274,1.0,,tbsp,16.0
172274,1.0,,jar,113.0
172274,1.0,,oz,28.35
172275,1.0,,tbsp,16.0
172275,1.0,,container,67.0
172275,1.0,,jar,99.0
172275,1.0,,oz,28.35
172276,1.0,,jar Beech-Nut Stage I (4 oz),113.0
172276,1.0,,cup,224.0
172276,1.0,,jar Heinz Strained-2 (4 oz),113.0
172276,1.0,,jar Heinz Beginner-1 (2.5 oz),71.0
172276,1.0,,jar Earth's Best (4.5 oz),128.0
172276,1.0,,jar Beech-Nut Baby's First (2.5 oz),71.0
172276,1.0,,oz,28.35
172276,1.0,,tbsp,14.0
172276,1.0,,jar Gerber Second Food (4 oz),113.0
172276,1.0,,jar Gerber First Foods (2.5 oz),71.0
172276,1.0,,jar,113.0
172277,1.0,,jar Heinz Junior-3 (6 oz),170.0
172277,1.0,,jar,170.0
172277,1.0,,jar Gerber Third Foods (6 oz),170.0
172277,1.0,,cup,224.0
172277,1.0,,jar Beech-Nut Stage 3 (6 oz),170.0
172277,1.0,,oz,28.35
172277,1.0,,tbsp,14.0
172278,1.0,,jar Heinz Junior-3 (6 oz),170.0
172278,1.0,,jar Beech-Nut Stage 3 (6 oz),170.0
172278,1.0,,jar,170.0
172278,1.0,,tbsp,16.0
172278,1.0,,oz,28.35
172278,1.0,,jar Gerber Third Foods (6 oz),170.0
172279,1.0,,tbsp,15.0
172279,1.0,,jar Gerber Second Food (4 oz),113.0
172279,1.0,,oz,28.35
172279,1.0,,jar Heinz Strained-2 (4.25 oz),120.0
172279,1.0,,jar,113.0
172280,1.0,,oz,28.35
172280,1.0,,tbsp,15.0
172280,1.0,,cup,240.0
172280,1.0,,jar Beech-Nut Stage 2 (4 oz),113.0
172280,1.0,,jar Heinz Strained-2 (4 oz),113.0
172280,1.0,,jar,113.0
172280,1.0,,jar Gerber Second Food (4 oz),113.0
172281,1.0,,serving,99.0
172282,1.0,,jar,170.0
172282,1.0,,jar Gerber Third Foods (6 oz),170.0
172282,1.0,,jar Heinz Junior-3 (6 oz),170.0
172282,1.0,,oz,28.35
172282,1.0,,tbsp,15.0
172283,1.0,,cup,240.0
172283,1.0,,tbsp,15.0
172283,1.0,,oz,28.35
172283,1.0,,serving 3.5 oz serving,99.0
172283,1.0,,package 7 oz,198.0
172284,1.0,,jar,113.0
172284,1.0,,oz,28.35
172285,1.0,,jar Earth's Best,113.0
172285,1.0,,oz,28.35
172286,1.0,,oz,28.35
172286,1.0,,jar Beech nut,170.0
172287,1.0,,jar,113.0
172287,1.0,,jar Beech-Nut Stage 2 (4 oz),113.0
172287,1.0,,jar Gerber Second Food (4 oz),113.0
172287,1.0,,oz,28.35
172287,1.0,,jar Heinz Strained-2 (4 oz),113.0
172288,1.0,,tbsp,29.0
172288,1.0,,container,162.0
172289,1.0,,fl oz,30.4
172290,1.0,,fl oz,30.5
172291,1.0,,serving,8.7
172292,1.0,,scoop,8.7
172293,100.0,,ml,104.0
172294,1.0,,scoop,7.2
172295,100.0,,ml,103.0
172296,1.0,,oz,28.35
172297,1.0,,oz,28.35
172298,1.0,,oz,28.35
172299,1.0,,oz,28.35
172300,1.0,,oz,28.35
172301,1.0,,scoop,8.3
172302,1.0,,scoop,8.5
172302,1.0,,scope,8.8
172303,1.0,,fl oz,31.3
172304,1.0,,fl oz,30.5
172304,1.0,,serving 100 ml,106.0
172305,1.0,,fl oz,30.5
172305,1.0,,serving 100 ml,106.0
172306,1.0,,fl oz,30.5
172306,1.0,,serving 100 ml,106.0
172307,1.0,,scoop,8.7
172308,1.0,,scoop,9.0
172309,1.0,,serving 100 ml,107.0
172309,1.0,,fl oz,30.5
172310,1.0,,fl oz,30.5
172311,1.0,,scoop,9.9
172312,1.0,,fl oz,31.4
172313,1.0,,fl oz,31.0
172314,3.0,,scoop,28.0
172315,1.0,,fl oz,30.5
172315,1.0,,serving 100 ml,103.0
172316,1.0,,scoop,9.4
172317,1.0,,oz,28.35
172318,1.0,,fl oz,30.5
172319,1.0,,fl oz,30.4
172320,1.0,,fl oz,31.4
172321,1.0,,serving 100 ml,106.0
172321,1.0,,fl oz,30.5
172322,1.0,,scoop,9.0
172322,1.0,,serving 100 ml,106.0
172323,1.0,,fl oz,30.5
172324,1.0,,fl oz,30.5
172325,1.0,,fl oz,30.5
172326,1.0,,fl oz,31.4
172327,1.0,,cup,205.0
172327,1.0,,tablespoon,12.8
172328,1.0,,cup,218.0
172328,1.0,,tsp,4.5
172328,1.0,,tbsp,13.6
172329,1.0,,tablespoon,12.8
172329,1.0,,cup,205.0
172330,1.0,,tbsp,12.8
172330,1.0,,cup,205.0
172331,1.0,,cup,205.0
172331,1.0,,tbsp,12.8
172332,1.0,,cup,205.0
172332,1.0,,tbsp,12.8
172333,1.0,,tbsp,12.8
172333,1.0,,cup,205.0
172334,1.0,,cup,218.0
172334,1.0,,tbsp,13.6
172335,1.0,,cup,218.0
172335,1.0,,tbsp,13.6
172335,1.0,,tsp,4.5
172336,1.0,,tsp,4.5
172336,1.0,,cup,218.0
172336,1.0,,tbsp,14.0
172337,1.0,,tsp,4.5
172337,1.0,,tbsp,14.0
172337,1.0,,cup,218.0
172338,1.0,,cup,218.0
172338,1.0,,tsp,4.5
172338,1.0,,tbsp,14.0
172339,1.0,,tbsp,14.1
172339,1.0,,stick,111.0
172339,1.0,,tsp,4.7
172339,1.0,,cup,227.0
172340,1.0,,tbsp,13.6
172340,1.0,,cup,218.0
172340,1.0,,tsp,4.5
172341,1.0,,tbsp,13.6
172341,1.0,,cup,218.0
172341,1.0,,tsp,4.5
172342,1.0,,tsp,4.5
172342,1.0,,tbsp,12.5
172342,1.0,,cup,205.0
172343,1.0,,tsp,4.5
172343,1.0,,tbsp,13.6
172343,1.0,,cup,218.0
172344,1.0,,tablespoon,14.0
172345,1.0,,tsp,4.3
172346,1.0,,tbsp,14.0
172346,1.0,,cup,227.0
172346,1.0,,stick,113.0
172346,1.0,,tsp,4.7
172346,1.0,,"pat (1"" sq, 1/3"" high)",5.0
172347,1.0,,tbsp,14.2
172347,1.0,,cup,227.0
172348,1.0,,tbsp,14.3
172348,1.0,,tsp,4.8
172348,1.0,,cup,229.0
172349,1.0,,cup,227.0
172349,1.0,,tbsp,14.2
172350,1.0,,tbsp,14.0
172351,1.0,,tbsp,15.0
172352,1.0,,tablespoon,14.0
172353,1.0,,tbsp,14.6
172353,1.0,,cup,233.0
172354,1.0,,cup,240.0
172354,1.0,,tbsp,15.0
172355,1.0,,tbsp,12.8
172355,1.0,,cup,205.0
172356,1.0,,tbsp,16.0
172356,1.0,,cup,256.0
172357,1.0,,teaspoon,4.5
172357,1.0,,tablespoon,13.6
172357,1.0,,cup,218.0
172358,1.0,,cup,218.0
172358,1.0,,tablespoon,13.6
172359,1.0,,tablespoon,13.6
172359,1.0,,teaspoon,4.5
172359,1.0,,cup,218.0
172360,1.0,,tablespoon,13.6
172360,1.0,,cup,218.0
172360,1.0,,teaspoon,4.5
172361,1.0,,tbsp,13.6
172361,1.0,,tsp,4.5
172361,1.0,,cup,218.0
172362,1.0,,tbsp,13.6
172362,1.0,,tsp,4.5
172362,1.0,,cup,218.0
172363,1.0,,tbsp,13.6
172363,1.0,,tsp,4.5
172363,1.0,,cup,218.0
172364,1.0,,tsp,4.5
172364,1.0,,tbsp,13.6
172364,1.0,,cup,218.0
172365,1.0,,cup,218.0
172365,1.0,,tbsp,13.6
172365,1.0,,tsp,4.5
172366,1.0,,cup,218.0
172366,1.0,,tbsp,13.6
172366,1.0,,tsp,4.5
172367,1.0,,tbsp,13.6
172367,1.0,,tsp,4.5
172367,1.0,,cup,218.0
172368,1.0,,tbsp,13.6
172368,1.0,,cup,218.0
172368,1.0,,tsp,4.5
172369,1.0,,tbsp,14.0
172369,1.0,,tsp,4.7
172369,1.0,,cup,227.0
172370,1.0,,tablespoon,13.6
172370,1.0,,teaspoon,4.5
172370,1.0,,cup,218.0
172371,1.0,,tablespoon,14.0
172372,1.0,,tbsp,14.0
172373,1.0,,drumstick,130.0
172373,1.0,,drumstick with skin,133.0
172373,4.0,,oz,113.0
172374,1.0,,"drumstick, bone removed",72.0
172374,1.0,,unit (yield from 1 lb ready-to-cook chicken),43.0
172375,1.0,,unit (yield from 1 lb ready-to-cook chicken),25.0
172375,1.0,,"drumstick, bone and skin removed",42.0
172376,3.0,,oz,85.0
172376,1.0,,drumstick without skin,96.0
172376,1.0,,drumstick with skin,105.0
172377,1.0,,"drumstick, bone and skin removed",46.0
172377,1.0,,unit (yield from 1 lb ready-to-cook chicken),28.0
172377,1.0,,"cup, chopped or diced",160.0
172377,3.0,,oz,85.0
172378,1.0,,"leg, with skin (Sum of drumstick+thigh+back)",344.0
172378,1.0,,back with skin,49.0
172378,1.0,,drumstick with skin,111.0
172378,4.0,,oz,113.0
172378,1.0,,thigh with skin,185.0
172379,1.0,,"leg, bone and skin removed",94.0
172379,1.0,,unit (yield from 1 lb ready-to-cook chicken),56.0
172380,1.0,,drumstick bone and skin,105.0
172380,1.0,,leg (Sum of drumstick+thigh+back meat only),199.0
172380,1.0,,thigh bone and skin,72.0
172380,1.0,,back bone and skin,22.0
172380,3.0,,oz,85.0
172381,1.0,,unit (yield from 1 lb ready-to-cook chicken),60.0
172381,3.0,,oz,85.0
172381,1.0,,"leg, bone and skin removed",101.0
172381,1.0,,"cup, chopped or diced",160.0
172382,1.0,,"neck, bone removed",50.0
172382,1.0,,unit (yield from 1 lb ready-to-cook chicken),15.0
172383,1.0,,"neck, bone and skin removed",22.0
172383,1.0,,unit (yield from 1 lb ready-to-cook chicken),7.0
172384,1.0,,"neck, bone and skin removed",18.0
172384,3.0,,oz,85.0
172384,1.0,,unit (yield from 1 lb ready-to-cook chicken),5.0
172385,4.0,,oz,113.0
172385,1.0,,thigh with skin,193.0
172386,1.0,,unit (yield from 1 lb ready-to-cook chicken),52.0
172386,1.0,,"thigh, bone removed",86.0
172387,3.0,,oz,85.0
172387,1.0,,"thigh, bone and skin removed",52.0
172387,1.0,,unit (yield from 1 lb ready-to-cook chicken),31.0
172388,1.0,,thigh with skin,137.0
172388,3.0,,oz,85.0
172388,1.0,,thigh without skin,116.0
172389,1.0,,unit (yield from 1 lb ready-to-cook chicken),33.0
172389,1.0,,"thigh, bone and skin removed",55.0
172389,1.0,,"cup, chopped or diced",140.0
172390,1.0,,package,1150.0
172390,4.0,,oz,113.0
172390,1.0,,piece,107.0
172391,1.0,,"wing, bone and skin removed",20.0
172391,3.0,,oz,85.0
172391,1.0,,unit (yield from 1 lb ready-to-cook chicken),12.0
172392,1.0,,unit (yield from 1 lb ready-to-cook chicken),13.0
172392,1.0,,"wing, bone and skin removed",21.0
172393,3.0,,oz,85.0
172393,1.0,,unit (yield from 1 lb ready-to-cook chicken),14.0
172393,1.0,,"wing, bone and skin removed",24.0
172393,1.0,,"cup, chopped or diced",140.0
172394,3.0,,oz,85.0
172394,1.0,,chicken,1509.0
172395,1.0,,"cup, chopped or diced",140.0
172395,1.0,,unit (yield from 1 lb ready-to-cook chicken),171.0
172396,1.0,,giblets,113.0
172396,1.0,,unit (yield from 1 lb ready-to-cook chicken),25.0
172397,1.0,,"cup, chopped or diced",145.0
172397,1.0,,unit (yield from 1 lb ready-to-cook chicken),15.0
172398,1.0,,unit (yield from 1 lb ready-to-cook chicken),99.0
172398,0.5,,"chicken, bone and skin removed",220.0
172399,1.0,,unit (yield from 1 lb ready-to-cook chicken),202.0
172399,3.0,,oz,85.0
172399,1.0,,"chicken, bone removed",593.0
172399,1.0,,"cup, chopped or diced",160.0
172400,3.0,,oz,85.0
172400,0.5,,"chicken, bone removed",398.0
172400,1.0,,unit (yield from 1 lb ready-to-cook chicken),271.0
172401,3.0,,oz,85.0
172401,1.0,,unit (yield from 1 lb ready-to-cook chicken),178.0
172401,0.5,,"chicken, bone removed",261.0
172402,4.0,,oz,113.0
172402,1.0,,unit (yield from 1 lb ready-to-cook chicken),194.0
172402,0.5,,"chicken, bone and skin removed",284.0
172403,1.0,,unit (yield from 1 lb ready-to-cook chicken),137.0
172403,3.0,,oz,85.0
172403,1.0,,"cup, chopped or diced",140.0
172404,0.5,,"chicken, bone and skin removed",154.0
172404,1.0,,unit (yield from 1 lb ready-to-cook chicken),105.0
172405,1.0,,unit (yield from 1 lb ready-to-cook chicken),73.0
172405,1.0,,"cup, chopped or diced",140.0
172406,1.0,,capon,2152.0
172406,3.0,,oz,85.0
172407,1.0,,unit (yield from 1 lb ready-to cook capon),218.0
172407,3.0,,oz,85.0
172407,1.0,,capon,1418.0
172408,1.0,,unit (yield from 1 lb ready-to-cook duck),287.0
172408,0.5,,duck,634.0
172408,3.0,,oz,85.0
172409,1.0,,"cup, chopped or diced",140.0
172409,0.5,,duck,382.0
172409,1.0,,unit (yield from 1 lb ready-to-cook duck),173.0
172410,1.0,,unit (yield from 1 lb ready-to-cook duck),137.0
172410,0.5,,duck,303.0
172411,1.0,,unit (yield from 1 lb ready-to-cook duck),100.0
172411,1.0,,"cup, chopped or diced",140.0
172411,0.5,,duck,221.0
172412,1.0,,"cup, chopped or diced",140.0
172412,0.5,,goose,774.0
172412,1.0,,unit (yield from 1 lb ready-to-cook goose),188.0
172413,3.0,,oz,85.0
172413,0.5,,goose,766.0
172413,1.0,,unit (yield from 1 lb ready-to-cook goose),185.0
172414,0.5,,goose,591.0
172414,1.0,,unit (yield from 1 lb ready-to-cook goose),143.0
172415,1.0,,liver,94.0
172415,1.0,,unit (yield from 1 lb ready-to-cook goose),11.0
172416,1.0,,unit (yield from 1 lb ready-to-cook guinea),359.0
172416,3.0,,oz,85.0
172416,0.5,,guinea,345.0
172417,1.0,,"leg, bone and skin removed",107.0
172417,1.0,,unit (yield from 1 lb ready-to-eat pheasant),99.0
172418,1.0,,unit (yield from 1 lb ready-to cook quail),405.0
172418,1.0,,quail,109.0
172419,1.0,,unit (yield from 1 lb ready-to cook quail),342.0
172419,1.0,,quail,92.0
172420,1.0,,tablespoon,12.0
172420,1.0,,cup,192.0
172421,1.0,,cup,198.0
172421,1.0,,tbsp,12.3
172422,1.0,,cup,182.0
172423,1.0,,cup,180.0
172424,1.0,,cup,166.0
172425,1.0,,cup,196.0
172426,1.0,,cup,177.0
172427,1.0,,"oz dry, yield after cooking",69.0
172427,1.0,,cup,180.0
172428,1.0,,cup,196.0
172429,1.0,,tbsp,12.2
172429,1.0,,cup,196.0
172430,1.0,,oz,28.35
172430,1.0,,cup,146.0
172431,1.0,,oz,28.35
172431,1.0,,cup,147.0
172432,1.0,,cup,146.0
172432,1.0,,oz,28.35
172433,1.0,,oz,28.35
172433,1.0,,cup,144.0
172434,1.0,,oz,28.35
172434,1.0,,cup,146.0
172435,1.0,,oz,28.35
172435,1.0,,cup,60.0
172436,1.0,,cup,205.0
172437,1.0,,cup,168.0
172438,1.0,,can,442.0
172438,1.0,,cup,238.0
172439,1.0,,cup,144.0
172439,1.0,,strip,5.0
172439,1.0,,"oz cooked, yield",16.0
172440,1.0,,cup,172.0
172441,1.0,,cup,93.0
172442,1.0,,cup,275.0
172442,1.0,,tbsp,17.0
172443,1.0,,cup,175.0
172444,1.0,,"cup, stirred",88.0
172444,1.0,,tbsp,5.5
172445,1.0,,cup,122.0
172446,1.0,,fl oz,30.6
172446,1.0,,cup,243.0
172447,1.0,,oz,28.35
172448,0.25,,block,81.0
172448,0.5,,cup,126.0
172448,0.2,,block,91.0
172449,0.2,,block,90.0
172449,0.25,,block,116.0
172449,1.0,,cubic inch,18.0
172449,1.0,,"cup (1/2"" cubes)",248.0
172449,1.0,,"piece (2-1/2"" x 2-3/4"" x 1"")",120.0
172450,1.0,,piece,17.0
172451,1.0,,oz,28.35
172451,1.0,,piece,13.0
172452,1.0,,cup,122.0
172453,1.0,,cup,172.0
172454,1.0,,cup,246.0
172454,1.0,,tablespoon,15.0
172455,1.0,,"patty (approx 2-1/4"" dia)",17.0
172456,1.0,,cup,243.0
172456,1.0,,fl oz,30.6
172457,2.0,,tbsp,31.0
172458,2.0,,tablespoon,36.0
172459,1.0,,cup,258.0
172459,2.0,,tbsp,32.0
172460,1.0,,cup,258.0
172460,2.0,,tbsp,32.0
172461,1.0,,slice,84.0
172462,1.0,,slice,84.0
172463,1.0,,slice,84.0
172464,1.0,,slice,84.0
172465,1.0,,cup,231.0
172465,1.0,,can,445.0
172466,1.0,,tbsp,15.0
172466,1.0,,cup,233.0
172468,0.2,,package,79.0
172469,2.0,,tbsp,32.0
172469,1.0,,cup,258.0
172470,1.0,,cup,258.0
172470,2.0,,tbsp,32.0
172471,1.0,,tbsp,16.0
172472,1.0,,cup,168.0
172473,1.0,,tsp,4.5
172473,1.0,,tbsp,14.2
172473,1.0,,cup,255.0
172474,1.0,,tbsp,15.0
172474,1.0,,tsp,4.9
172474,0.25,,cup,58.0
172475,0.5,,cup,126.0
172475,0.25,,block,81.0
172476,0.5,,cup,124.0
172476,0.25,,block,116.0
172477,1.0,,cup,172.0
172478,4.0,,oz,113.0
172478,1.0,,roast with bone,325.0
172479,1.0,,lb,453.6
172479,1.0,,oz,28.35
172480,3.0,,oz,85.0
172480,1.0,,"piece, cooked, excluding refuse (yield from 1 lb raw meat with refuse)",242.0
172481,1.0,,oz,28.35
172481,1.0,,lb,453.6
172482,3.0,,oz,85.0
172482,1.0,,"piece, cooked, excluding refuse (yield from 1 lb raw meat with refuse)",148.0
172483,1.0,,lb,453.6
172483,1.0,,oz,28.35
172484,1.0,,"piece, cooked, excluding refuse (yield from 1 lb raw meat with refuse)",128.0
172484,3.0,,oz,85.0
172485,1.0,,"piece, cooked, excluding refuse (yield from 1 lb raw meat with refuse)",269.0
172485,3.0,,oz,85.0
172486,1.0,,lb,453.6
172486,1.0,,oz,28.35
172487,1.0,,"piece, cooked, excluding refuse (yield from 1 lb raw meat with refuse)",238.0
172487,3.0,,oz,85.0
172488,1.0,,oz,28.35
172488,1.0,,lb,453.6
172489,1.0,,"chop, excluding refuse (yield from 1 raw chop, with refuse, weighing 120 g)",64.0
172489,3.0,,oz,85.0
172490,1.0,,"piece, cooked, excluding refuse (yield from 1 lb raw meat with refuse)",269.0
172490,3.0,,oz,85.0
172491,1.0,,oz,28.35
172491,1.0,,"chop, excluding refuse (yield from 1 raw chop, with refuse, weighing 120 g)",65.0
172492,3.0,,oz,85.0
172492,1.0,,"chop, excluding refuse (yield from 1 raw chop, with refuse, weighing 120 g)",46.0
172493,1.0,,oz,28.35
172493,1.0,,lb,453.6
172494,3.0,,oz,85.0
172494,1.0,,"piece, cooked, excluding refuse (yield from 1 lb raw meat with refuse)",147.0
172495,1.0,,"piece, cooked, excluding refuse (yield from 1 lb raw meat with refuse)",159.0
172495,3.0,,oz,85.0
172496,1.0,,lb,453.6
172496,4.0,,oz,113.0
172497,1.0,,"piece, cooked, excluding refuse (yield from 1 lb raw meat with refuse)",218.0
172497,3.0,,oz,85.0
172498,1.0,,"piece, cooked, excluding refuse (yield from 1 lb raw meat with refuse)",202.0
172498,3.0,,oz,85.0
172499,1.0,,"piece, cooked, excluding refuse (yield from 1 lb raw meat with refuse)",217.0
172499,3.0,,oz,85.0
172500,1.0,,"chop, excluding refuse (yield from 1 raw chop, with refuse, weighing 160 g)",133.0
172500,1.0,,oz,28.35
172501,3.0,,oz,85.0
172501,1.0,,"chop, excluding refuse (yield from 1 raw chop, with refuse, weighing 160 g)",70.0
172502,1.0,,"chop, excluding refuse (yield from 1 raw chop, with refuse, weighing 160 g)",74.0
172502,3.0,,oz,85.0
172503,3.0,,oz,85.0
172503,1.0,,"piece, cooked, excluding refuse (yield from 1 lb raw meat with refuse)",224.0
172504,1.0,,oz,28.35
172504,1.0,,lb,453.6
172505,3.0,,oz,85.0
172505,1.0,,"piece, cooked, excluding refuse (yield from 1 lb raw meat with refuse)",209.0
172506,1.0,,"piece, cooked, excluding refuse (yield from 1 lb raw meat with refuse)",207.0
172506,3.0,,oz,85.0
172507,1.0,,"piece, cooked, excluding refuse (yield from 1 lb raw meat with refuse)",210.0
172507,3.0,,oz,85.0
172508,1.0,,oz,28.35
172508,1.0,,lb,453.6
172509,3.0,,oz,85.0
172509,1.0,,"unit, cooked (yield from 1 lb raw meat)",272.0
172510,3.0,,oz,85.0
172510,1.0,,"unit, cooked (yield from 1 lb raw meat)",327.0
172511,1.0,,oz,28.35
172511,1.0,,lb,453.6
172512,3.0,,oz,85.0
172512,1.0,,"unit, cooked (yield from 1 lb raw meat)",286.0
172513,1.0,,serving,115.0
172513,4.0,,oz,113.0
172514,1.0,,serving,85.0
172514,3.0,,oz,85.0
172515,1.0,,serving,115.0
172515,4.0,,oz,113.0
172516,1.0,,"piece, cooked, excluding refuse (yield from 1 lb raw meat with refuse)",218.0
172516,3.0,,oz,85.0
172517,4.0,,oz,113.0
172517,1.0,,serving,115.0
172518,1.0,,lb,453.6
172518,1.0,,oz,28.35
172519,1.0,,"piece, cooked (yield from 1 lb raw meat, boneless)",313.0
172519,3.0,,oz,85.0
172520,3.0,,oz,85.0
172520,1.0,,"piece, cooked (yield from 1 lb raw meat, boneless)",399.0
172521,1.0,,oz,28.35
172521,1.0,,lb,453.6
172522,3.0,,oz,85.0
172522,1.0,,"piece, cooked (yield from 1 lb raw meat, boneless)",313.0
172523,1.0,,oz,28.35
172523,1.0,,lb,453.6
172524,1.0,,"piece, cooked (yield from 1 lb raw meat, boneless)",313.0
172524,3.0,,oz,85.0
172525,4.0,,oz,113.0
172525,1.0,,oz,28.35
172526,3.0,,oz,85.0
172526,1.0,,"unit, cooked (yield from 1 lb raw meat)",347.0
172527,1.0,,oz,28.35
172527,4.0,,oz,113.0
172528,3.0,,oz,85.0
172528,1.0,,"unit, cooked (yield from 1 lb raw meat)",191.0
172529,4.0,,oz,113.0
172529,1.0,,oz,28.35
172530,1.0,,"unit, cooked (yield from 1 lb raw meat)",198.0
172530,3.0,,oz,85.0
172531,1.0,,oz,28.35
172531,4.0,,oz,113.0
172532,1.0,,"unit, cooked (yield from 1 lb raw meat)",336.0
172532,3.0,,oz,85.0
172533,1.0,,"unit, cooked (yield from 1 lb raw meat)",322.0
172533,3.0,,oz,85.0
172534,1.0,,lb,453.0
172534,4.0,,oz,113.0
172535,1.0,,slice,80.0
172535,3.0,,oz,85.0
172536,1.0,,"unit, cooked (yield from 1 lb raw meat)",300.0
172536,3.0,,oz,85.0
172537,8.0,,oz,227.0
172537,1.0,,oz,28.35
172538,4.0,,oz,113.0
172538,1.0,,oz,28.35
172539,1.0,,"unit, cooked (yield from 1 lb raw meat)",231.0
172539,3.0,,oz,85.0
172540,1.0,,oz,28.35
172540,4.0,,oz,113.0
172541,3.0,,oz,85.0
172541,1.0,,"unit, cooked (yield from 1 lb raw meat)",345.0
172542,4.0,,oz,113.0
172542,1.0,,oz,28.35
172543,3.0,,oz,85.0
172544,1.0,,"unit, cooked (yield from 1 lb raw meat)",313.0
172544,3.0,,oz,85.0
172545,1.0,,lb,453.6
172545,1.0,,oz,28.35
172546,3.0,,oz,85.0
172546,1.0,,"piece, cooked, excluding refuse (yield from 1 lb raw meat with refuse)",250.0
172547,1.0,,lb,453.6
172547,1.0,,oz,28.35
172548,3.0,,oz,85.0
172548,1.0,,"piece, cooked, excluding refuse (yield from 1 lb raw meat with refuse)",267.0
172549,1.0,,lb,453.6
172549,1.0,,oz,28.35
172550,1.0,,"piece, cooked, excluding refuse (yield from 1 lb raw meat with refuse)",260.0
172550,3.0,,oz,85.0
172551,1.0,,"steak, excluding refuse (yield from 1 raw steak, with refuse, weighing 102 g)",79.0
172551,1.0,,oz,28.35
172552,1.0,,"piece, cooked, excluding refuse (yield from 1 lb raw meat with refuse)",248.0
172552,3.0,,oz,85.0
172553,1.0,,oz,28.35
172553,1.0,,lb,453.6
172554,1.0,,"piece, cooked, excluding refuse (yield from 1 lb raw meat with refuse)",213.0
172554,3.0,,oz,85.0
172555,3.0,,oz,85.0
172555,1.0,,"piece, cooked, excluding refuse (yield from 1 lb raw meat with refuse)",242.0
172556,1.0,,lb,453.6
172556,1.0,,oz,28.35
172557,3.0,,oz,85.0
172557,1.0,,"piece, cooked, excluding refuse (yield from 1 lb raw meat with refuse)",207.0
172558,1.0,,"piece, cooked, excluding refuse (yield from 1 lb raw meat with refuse)",250.0
172558,3.0,,oz,85.0
172559,1.0,,"piece, cooked, excluding refuse (yield from 1 lb raw meat with refuse)",256.0
172559,3.0,,oz,85.0
172560,1.0,,lb,453.6
172560,1.0,,oz,28.35
172561,3.0,,oz,85.0
172561,1.0,,"piece, cooked, excluding refuse (yield from 1 lb raw meat with refuse)",253.0
172562,1.0,,"chop, excluding refuse (yield from 1 raw chop, with refuse, weighing 85 g)",63.0
172562,1.0,,oz,28.35
172563,1.0,,"chop, excluding refuse (yield from 1 raw chop, with refuse, weighing 85 g)",42.0
172563,3.0,,oz,85.0
172564,1.0,,oz,28.35
172564,4.0,,oz,113.0
172564,1.0,,lb,453.6
172565,4.0,,oz,113.0
172565,1.0,,oz,28.35
172565,1.0,,lb,453.6
172566,1.0,,lb,453.6
172566,1.0,,oz,28.35
172566,4.0,,oz,113.0
172567,1.0,,oz,28.35
172568,1.0,,oz,28.35
172568,1.0,,lb,453.6
172569,1.0,,"piece, cooked, excluding refuse (yield from 1 lb raw meat with refuse)",194.0
172569,3.0,,oz,85.0
172570,1.0,,lb,453.6
172570,1.0,,oz,28.35
172571,1.0,,"piece, cooked, excluding refuse (yield from 1 lb raw meat with refuse)",223.0
172571,3.0,,oz,85.0
172572,1.0,,lb,453.6
172572,3.0,,oz,85.0
172572,1.0,,oz,28.35
172573,3.0,,oz,85.0
172573,1.0,,"piece, cooked, excluding refuse (yield from 1 lb raw meat with refuse)",248.0
172574,3.0,,oz,85.0
172574,1.0,,lb,453.6
172574,1.0,,oz,28.35
172575,3.0,,oz,85.0
172575,1.0,,"piece, cooked, excluding refuse (yield from 1 lb raw meat with refuse)",211.0
172576,3.0,,oz,85.0
172576,1.0,,lb,453.6
172576,1.0,,oz,28.35
172577,3.0,,oz,85.0
172577,1.0,,"piece, cooked, excluding refuse (yield from 1 lb raw meat with refuse)",251.0
172578,3.0,,oz,85.0
172578,1.0,,lb,453.6
172578,1.0,,oz,28.35
172579,1.0,,"piece, cooked, excluding refuse (yield from 1 lb raw meat with refuse)",277.0
172579,3.0,,oz,85.0
172580,1.0,,lb,453.6
172580,1.0,,oz,28.35
172580,3.0,,oz,85.0
172581,3.0,,oz,85.0
172581,1.0,,"piece, cooked, excluding refuse (yield from 1 lb raw meat with refuse)",259.0
172582,1.0,,oz,28.35
172583,3.0,,oz,85.0
172584,1.0,,oz,28.35
172585,3.0,,oz,85.0
172586,3.0,,oz,85.0
172586,1.0,,oz,28.35
172587,3.0,,oz,85.0
172588,1.0,,oz,28.35
172588,3.0,,oz,85.0
172589,1.0,,"piece, cooked, excluding refuse (yield from 1 lb raw meat with refuse)",241.0
172589,1.0,,chop,54.0
172589,3.0,,oz,85.0
172590,1.0,,lb,453.6
172590,3.0,,oz,85.0
172590,1.0,,oz,28.35
172591,1.0,,"piece, cooked, excluding refuse (yield from 1 lb raw meat with refuse)",262.0
172591,3.0,,oz,85.0
172592,3.0,,oz,85.0
172592,1.0,,lb,453.6
172592,1.0,,oz,28.35
172593,3.0,,oz,85.0
172593,1.0,,"piece, cooked, excluding refuse (yield from 1 lb raw meat with refuse)",222.0
172594,3.0,,oz,85.0
172594,1.0,,oz,28.35
172594,1.0,,lb,453.6
172595,3.0,,oz,85.0
172595,1.0,,"piece, cooked, excluding refuse (yield from 1 lb raw meat with refuse)",273.0
172596,3.0,,oz,85.0
172596,1.0,,oz,28.35
172596,1.0,,lb,453.6
172597,1.0,,"piece, cooked, excluding refuse (yield from 1 lb raw meat with refuse)",233.0
172597,3.0,,oz,85.0
172598,1.0,,roast (3 to 5 lb roast),1237.0
172598,1.0,,serving ( 3 oz ),85.0
172599,1.0,,steak ( yield from 232.8 g raw meat ),179.0
172599,1.0,,serving ( 3 oz ),85.0
172600,1.0,,serving ( 3 oz ),85.0
172600,1.0,,steak,180.0
172601,1.0,,serving ( 3 oz ),85.0
172601,1.0,,steak,489.0
172602,1.0,,patty (cooked from 4 oz raw),85.0
172602,1.0,,oz,28.35
172603,1.0,,serving ( 3 oz ),85.0
172603,1.0,,patty,93.0
172604,1.0,,steak,54.0
172604,1.0,,serving ( 3 oz ),85.0
172605,1.0,,serving ( 3 oz ),85.0
172605,1.0,,roast (3 to 5 lb roast),293.0
172606,1.0,,roast with bone,330.0
172606,4.0,,oz,113.0
172607,1.0,,roast with bone,330.0
172607,3.0,,oz,85.0
172608,1.0,,serving (4 oz),113.0
172609,3.0,,oz,85.0
172610,3.0,,oz,85.0
172611,4.0,,oz,113.0
172612,3.0,,oz,85.0
172613,3.0,,oz,85.0
172614,3.0,,oz,85.0
172615,4.0,,oz,113.0
172616,3.0,,oz,85.0
172617,4.0,,oz,113.0
172618,3.0,,oz,85.0
172619,4.0,,oz,113.0
172620,3.0,,oz,85.0
172621,4.0,,oz,113.0
172622,3.0,,oz,85.0
172623,4.0,,oz,113.0
172624,3.0,,oz,85.0
172625,4.0,,oz,113.0
172626,3.0,,oz,85.0
172627,3.0,,oz,85.0
172628,4.0,,oz,113.0
172629,3.0,,oz,85.0
172630,3.0,,oz,85.0
172631,4.0,,oz,113.0
172632,3.0,,oz,85.0
172633,4.0,,oz,113.0
172634,3.0,,oz,85.0
172635,4.0,,oz,113.0
172636,3.0,,oz,85.0
172637,4.0,,oz,113.0
172638,3.0,,oz,85.0
172639,3.0,,oz,85.0
172640,3.0,,oz,85.0
172641,4.0,,oz,113.0
172642,3.0,,oz,85.0
172643,1.0,,serving,113.0
172643,1.0,,cutlet,55.0
172643,4.0,,oz,113.0
172644,1.0,,chop,153.0
172644,3.0,,oz,85.0
172645,1.0,,serving,113.0
172645,1.0,,shank whole,1270.0
172645,4.0,,oz,113.0
172646,3.0,,oz,85.0
172646,1.0,,shank cross cut,187.0
172647,3.0,,oz,85.0
172648,1.0,,serving,113.0
172648,1.0,,shank whole,1270.0
172648,4.0,,oz,113.0
172649,3.0,,oz,85.0
172649,1.0,,shank cross cut,187.0
172650,1.0,,chop,153.0
172650,3.0,,oz,85.0
172651,1.0,,chop,352.0
172651,3.0,,oz,85.0
172652,1.0,,roast,146.0
172652,4.0,,oz,113.0
172653,1.0,,"leg bottom, boneless",989.0
172653,4.0,,oz,113.0
172654,1.0,,leg trotter off,1808.0
172654,3.0,,oz,85.0
172655,4.0,,oz,113.0
172655,1.0,,leg trotter off,2674.0
172657,4.0,,oz,113.0
172658,3.0,,oz,85.0
172658,1.0,,"leg bottom, boneless",723.0
172659,4.0,,oz,113.0
172659,1.0,,"leg bottom, boneless",989.0
172660,1.0,,roast,146.0
172660,4.0,,oz,113.0
172661,3.0,,oz,85.0
172661,1.0,,chop,43.0
172662,3.0,,oz,85.0
172662,1.0,,roast,329.0
172663,3.0,,oz,85.0
172663,1.0,,roast,447.0
172664,1.0,,"small bagel (3"" dia)",69.0
172664,1.0,,"medium bagel (3-1/2"" to 4"" dia)",105.0
172664,1.0,,"large bagel (4-1/2"" dia)",131.0
172664,1.0,,"mini bagel (2-1/2"" dia)",26.0
172664,1.0,,oz,28.35
172665,1.0,,"mini bagel (2-1/2"" dia)",24.0
172665,1.0,,oz,28.35
172665,1.0,,"medium bagel (4"" dia)",99.0
172665,1.0,,"large bagel (4-1/2"" dia)",123.0
172665,1.0,,"small bagel (3-1/2"" to 4""dia)",65.0
172666,1.0,,"medium bagel (3-1/2"" to 4"" dia)",105.0
172666,1.0,,"large bagel (4-1/2"" dia)",131.0
172666,1.0,,"small bagel (3"" dia)",69.0
172666,1.0,,"mini bagel (2-1/2"" dia)",26.0
172666,1.0,,oz,28.35
172667,1.0,,oz,28.35
172667,1.0,,small,35.0
172667,1.0,,medium,51.0
172667,1.0,,large,77.0
172667,1.0,,"biscuit (2-1/2"" dia)",35.0
172668,1.0,,biscuit,58.0
172668,1.0,,oz,28.35
172668,1.0,,package,398.0
172668,1.0,,biscuit,43.0
172669,1.0,,"biscuit (2-1/2"" dia)",27.0
172669,1.0,,oz,28.35
172669,1.0,,biscuit,51.0
172670,1.0,,oz,28.35
172670,1.0,,"biscuit (4"" dia)",101.0
172670,1.0,,"small (1-1/2"" dia)",14.0
172670,1.0,,"biscuit (2-1/2"" dia)",60.0
172671,1.0,,oz,28.35
172671,1.0,,"biscuit (2-1/2"" dia)",44.0
172672,1.0,,slice,25.0
172672,1.0,,"slice regular, crust not eaten",12.2
172672,1.0,,oz,28.35
172672,1.0,,cubic inch,3.2
172672,1.0,,"slice thin, crust not eaten",9.4
172672,1.0,,"slice, regular",25.0
172672,1.0,,"slice, thin",20.0
172672,1.0,,"slice, large or thick",30.0
172673,1.0,,oz,28.35
172673,1.0,,"slice (5"" x 3"" x 1/2"")",40.0
172674,1.0,,"slice (5"" x 3"" x 1/2"")",37.0
172674,1.0,,oz,28.35
172675,1.0,,oz,28.35
172675,1.0,,slice,139.0
172676,1.0,,slice,30.0
172676,1.0,,oz,28.35
172677,1.0,,slice,27.0
172677,1.0,,oz,28.35
172678,1.0,,slice,27.0
172678,1.0,,oz,28.35
172679,1.0,,slice,25.0
172679,1.0,,oz,28.35
172680,1.0,,oz,28.35
172680,1.0,,"slice, large",32.0
172680,1.0,,slice,26.0
172680,1.0,,"slice, thin",23.0
172681,1.0,,oz,28.35
172681,1.0,,slice,24.0
172681,1.0,,"slice, large",29.0
172681,1.0,,"slice, thin",21.0
172682,1.0,,oz,28.35
172682,1.0,,slice,23.0
172683,1.0,,oz,28.35
172683,1.0,,slice,19.0
172684,1.0,,"slice, snack-size",7.0
172684,1.0,,"slice, thin",25.0
172684,1.0,,oz,28.35
172684,1.0,,"slice, regular",32.0
172685,1.0,,"slice, regular",24.0
172685,1.0,,"slice, thin",18.0
172685,1.0,,oz,28.35
172685,1.0,,"slice, large",29.0
172686,1.0,,slice,29.0
172687,1.0,,oz,28.35
172687,1.0,,slice,24.0
172688,1.0,,oz,28.35
172688,1.0,,slice,32.0
172689,1.0,,oz,28.35
172689,1.0,,slice,25.0
172690,1.0,,"slice, regular (4"" x 5"" x 3/4"")",46.0
172690,1.0,,oz,28.35
172690,1.0,,"slice, thin (3-3/4"" x 5"" x 3/8"")",33.0
172691,1.0,,slice,42.0
172691,1.0,,"slice, thin (3-3/4"" x 5"" x 3/8"")",30.0
172691,1.0,,oz,28.35
172692,1.0,,oz,28.35
172692,1.0,,package (6 oz),170.0
172693,0.5,,cup,100.0
172693,1.0,,oz,28.35
172694,1.0,,piece (1/12 of 12 oz cake),28.0
172694,1.0,,"cake (9"" dia x 4"")",340.0
172695,1.0,,"piece (1/12 of 10"" dia)",50.0
172695,1.0,,"tube cake (10"" dia, 4-3/8"" high)",596.0
172696,1.0,,piece (1/6 of pie),92.0
172696,1.0,,oz,28.35
172697,1.0,,"cake, 2-layer (8"" or 9"" dia)",1137.0
172697,1.0,,"piece (1/12 of 9"" dia)",95.0
172698,1.0,,oz,28.35
172698,1.0,,"piece (1/12 of 9"" dia)",112.0
172699,1.0,,piece (1/6 of 16 oz cake),76.0
172699,1.0,,oz,28.35
172700,1.0,,piece (1/9 of 20 oz cake),63.0
172700,1.0,,individual cake,57.0
172700,1.0,,oz,28.35
172701,1.0,,oz,28.35
172701,1.0,,package (14.5 oz),411.0
172702,1.0,,oz,28.35
172702,1.0,,"piece (1/9 of 8"" square)",74.0
172703,1.0,,oz,28.35
172703,1.0,,"piece (1/9 of 8"" square)",115.0
172704,0.16,,loaf 1/6 of the loaf,61.0
172704,1.0,,piece individually wrapped cake,49.0
172705,1.0,,package (8 oz),227.0
172705,1.0,,oz,28.35
172706,1.0,,piece (1/12 of 16 oz cake),38.0
172706,1.0,,oz,28.35
172707,1.0,,oz,28.35
172707,1.0,,piece (1/12 of 10 inch cake),63.0
172708,1.0,,package (18.50 oz),524.0
172708,1.0,,oz,28.35
172709,1.0,,"piece (1/12 of 9"" dia)",74.0
172709,1.0,,"cake, 2-layer (8"" or 9"" dia)",887.0
172710,1.0,,"piece (1/12 of 8"" dia)",68.0
172710,1.0,,"cake, 2-layer (8"" dia)",817.0
172711,1.0,,oz,28.35
172711,1.0,,piece (1/6 of 17 oz cake),80.0
172711,1.0,,piece (1 NLEA serving),125.0
172712,1.0,,"piece (1/12 of 9"" dia)",99.0
172712,1.0,,oz,28.35
172713,1.0,,"package, Little Debbie (twin wrapped)",61.0
172713,1.0,,"square, large (2-3/4"" sq x 7/8"")",56.0
172713,1.0,,oz,28.35
172714,1.0,,oz,28.35
172714,1.0,,"cup, crumbs",112.0
172714,1.0,,wafer,6.0
172715,1.0,,serving 3 cookies,34.0
172715,1.0,,oz,28.35
172716,1.0,,"cookie, large (include Keebler Rich 'n Chips, Pecan Chips Delux)",14.0
172716,1.0,,"cookie (average weight of 1 cookie, variety of brands)",12.2
172716,1.0,,"cookie, big (3-1/2"" - 4"" dia) (include Grandma brand)",40.0
172716,1.0,,"cookie, bite size (include Mini Chips Ahoy!)",2.2
172716,1.0,,"cookie, medium (2-1/4"" dia)",10.0
172716,1.0,,cookie Pepperidge Farm Chocolate Chunk Pecan,12.0
172716,1.0,,oz,28.35
172716,1.0,,cookie,12.9
172716,1.0,,cookie Pepperidge Farm Chocolate Chunk Pecan,12.0
172717,1.0,,cookie,14.2
172717,1.0,,oz,28.35
172717,1.0,,cookie,15.0
172717,1.0,,cookie (average weight of 1 cookie),12.2
172718,3.0,,cookie,36.0
172718,1.0,,oz,28.35
172719,1.0,,oz,28.35
172719,1.0,,cookie,17.0
172720,1.0,,oz,28.35
172720,1.0,,cookie,13.0
172721,1.0,,oz,28.35
172721,1.0,,Figaroo (2 square halves),43.0
172721,1.0,,"individual package (2 oz package containing 2 3"" bars)",57.0
172721,1.0,,cookie,16.0
172722,1.0,,cookie,8.0
172722,1.0,,oz,28.35
172723,1.0,,"pie, marshmallow (3"" dia x 3/4"")",39.0
172723,1.0,,oz,28.35
172723,1.0,,"cookie, small (1-3/4"" dia x 3/4"")",13.0
172723,1.0,,Fudge Marshmallow,28.0
172724,1.0,,"cookie, Little Debbie",20.0
172724,1.0,,medium,15.0
172724,1.0,,oz,28.35
172724,1.0,,"large (3-1/2"" to 4"" dia) (include Archway brand)",32.0
172725,1.0,,oz,28.35
172725,1.0,,"cookie, big (3-1/2"" - 4"" dia) (include Archway brand, Grandma brand)",25.0
172725,1.0,,large,18.0
172726,1.0,,oz,28.35
172726,1.0,,cookie,15.0
172727,1.0,,oz,28.35
172727,1.0,,cookie,31.0
172728,1.0,,cookie,15.0
172728,1.0,,oz,28.35
172729,1.0,,"portion, dough for 1 cookie",16.0
172729,1.0,,oz,28.35
172730,1.0,,cookie,12.0
172730,1.0,,oz,28.35
172731,1.0,,package (8.5 oz),241.0
172731,1.0,,oz,28.35
172732,1.0,,oz,28.35
172732,1.0,,"cookie, medium (1-5/8"" dia)",7.0
172733,1.0,,oz,28.35
172733,1.0,,cookie,10.0
172734,1.0,,"cookie, medium (1-5/8"" dia)",7.0
172734,1.0,,oz,28.35
172735,1.0,,cookie 1 rolled cookie dough,15.0
172735,1.0,,cookie 1 pre-sliced cookie dough,23.0
172735,1.0,,oz,28.35
172736,1.0,,cookie,10.1
172736,1.0,,oz,28.35
172736,3.0,,cookies,36.0
172737,1.0,,"cookie, round (1-3/4"" dia)",10.0
172737,1.0,,"cookie, oval (3-1/8"" x 1-1/4"" x 3/8"")",15.0
172737,1.0,,oz,28.35
172738,1.0,,oz,28.35
172738,1.0,,shell,40.0
172738,1.0,,sheet,245.0
172739,1.0,,wafer,10.0
172739,1.0,,"cup, crushed",55.0
172739,1.0,,crispbread,10.0
172739,1.0,,"crispbread, Wasa rye",10.0
172739,1.0,,"cracker, Norwegian flatbread (4-3/4"" x 2-3/4"" x 1/16"")",5.8
172739,1.0,,"wafer, Rye Krisp (triple cracker)",25.0
172739,1.0,,"wafer, thin",2.0
172739,0.5,,oz,14.2
172740,1.0,,matzo,28.0
172740,0.5,,oz,14.2
172741,0.5,,oz,14.2
172741,1.0,,matzo,28.0
172742,0.5,,oz,14.2
172742,1.0,,matzo,28.0
172743,0.5,,oz,14.2
172743,1.0,,"cracker, sandwich",7.0
172744,1.0,,"cup, crushed",61.0
172744,1.0,,"cracker (4-1/2"" x 2-1/2"" x 1/8"")",11.0
172744,1.0,,"cracker, triple",25.0
172744,0.5,,oz,14.2
172745,0.5,,oz,14.2
172745,1.0,,"cracker, triple",22.0
172746,1.0,,cracker square,3.0
172746,1.0,,cup oyster crackers,45.0
172746,5.0,,crackers,14.9
172746,1.0,,"cup, crushed",70.0
172746,5.0,,crackers square (1 serving),15.0
172746,1.0,,"cracker, round large",10.0
172746,0.5,,oz,14.2
172746,1.0,,"cracker, oyster",1.0
172746,1.0,,"cracker, rectangle",6.0
172747,1.0,,"cracker, sandwich",7.0
172747,0.5,,oz,14.2
172748,0.5,,oz,14.2
172748,1.0,,"cracker, sandwich",7.0
172749,1.0,,serving,28.0
172749,1.0,,cracker,4.6
172749,6.0,,"crackers, Triscuits, regular size",28.0
172749,0.5,,oz,14.2
172749,10.0,,Triscuit Bits,10.0
172749,1.0,,"cup, crushed",94.0
172750,1.0,,oz,28.35
172750,1.0,,cup,115.0
172751,0.5,,oz,14.2
172751,1.0,,cup,30.0
172752,0.5,,oz,14.2
172752,4.0,,cubes,1.0
172752,1.0,,cup,40.0
172752,1.0,,"package, fast food",10.0
172753,1.0,,oz,28.35
172753,1.0,,Toaster Strudel,53.0
172753,1.0,,"large (approx 7"" dia)",142.0
172753,1.0,,"pastry (4-1/4"" dia)",65.0
172753,1.0,,"small or frozen (approx 3"" dia)",35.0
172753,1.0,,piece (1/8 of 15 oz ring),53.0
172754,1.0,,pastry,71.0
172754,1.0,,oz,28.35
172755,1.0,,piece (1/8 of 15 oz ring),53.0
172755,1.0,,"pastry (4-1/4"" dia)",71.0
172755,1.0,,Toaster Strudel,53.0
172755,1.0,,"large (approx 7"" dia)",142.0
172755,1.0,,"small or frozen (approx 3"" dia)",35.0
172755,1.0,,oz,28.35
172756,1.0,,oz,28.35
172756,1.0,,"cruller (3"" dia)",41.0
172757,1.0,,oz,28.35
172757,1.0,,"doughnut oval (3-1/2"" x 2-1/2"")",85.0
172758,1.0,,doughnut (approx 1-1/2 oz),42.0
172758,1.0,,"doughnut, medium (approx 3-3/4"" dia)",60.0
172758,1.0,,"doughnut, large (approx 4-1/4"" dia)",75.0
172758,1.0,,"doughnut medium (approx 3-3/4"" dia)",64.0
172758,1.0,,"honeybun (5"" x 3-1/2"")",85.0
172758,1.0,,"doughnut, long type (twist) approx 5-1/4"" x 2-1/2"" x 1-1/2"" high)",90.0
172758,1.0,,doughnut,63.0
172758,1.0,,"doughnut, small (approx 3"" dia)",31.0
172758,1.0,,"jumbo (approx 6"" dia)",157.0
172758,1.0,,"honeybun (4-1/2"" x 3-1/2"")",78.0
172758,1.0,,oz,28.35
172758,1.0,,doughnut stick,56.0
172758,1.0,,doughnut hole,13.0
172758,1.0,,"extra large (approx 5"" dia)",122.0
172758,1.0,,"honeybun (4"" x 3"")",65.0
172758,1.0,,"doughnut (3-3/4"" dia)",60.0
172759,1.0,,"doughnut oval (3-1/2"" x 2-1/2"")",85.0
172759,1.0,,oz,28.35
172760,1.0,,oz,28.35
172760,1.0,,muffin,52.0
172761,1.0,,oz,28.35
172761,1.0,,muffin,57.0
172762,1.0,,oz,28.35
172762,1.0,,muffin,66.0
172763,1.0,,piece,59.0
172763,1.0,,oz,28.35
172764,1.0,,muffin,57.0
172764,1.0,,oz,28.35
172765,1.0,,extra large,168.0
172765,1.0,,oz,28.35
172765,1.0,,"small (2-3/4"" dia x 2"")",66.0
172765,1.0,,muffin,31.0
172765,1.0,,"large (3-1/4"" dia x 2-3/4"")",139.0
172765,1.0,,"mini (1-1/4"" dia)",17.0
172765,1.0,,medium,113.0
172766,1.0,,oz,28.35
172766,1.0,,"package, mix + drained berries",356.0
172766,1.0,,serving,43.0
172767,1.0,,oz,28.35
172767,1.0,,"muffin, toaster",33.0
172768,1.0,,oz,28.35
172768,1.0,,muffin,57.0
172769,1.0,,extra large,168.0
172769,1.0,,small,66.0
172769,1.0,,mini,17.0
172769,1.0,,medium,113.0
172769,1.0,,large,139.0
172769,1.0,,oz,28.35
172770,1.0,,oz,28.35
172770,1.0,,package (7 oz),198.0
172771,1.0,,mini pancake,10.1
172771,1.0,,pancake,40.0
172771,1.0,,"pancake (6"" dia)",73.0
172771,1.0,,oz,28.35
172771,1.0,,pancake,41.0
172772,0.33,,cup,52.0
172772,1.0,,"cup, poured from box",130.0
172772,1.0,,oz,28.35
172773,1.0,,"pancake (4"" dia)",38.0
172773,1.0,,oz,28.35
172773,1.0,,"pancake (6"" dia)",77.0
172774,1.0,,oz,28.35
172774,1.0,,"cup, poured from box",122.0
172775,1.0,,oz,28.35
172775,1.0,,package (8 oz),227.0
172776,1.0,,oz,28.35
172776,1.0,,"cup, poured from box",140.0
172777,1.0,,"pie (9"" dia)",1186.0
172777,1.0,,"piece (1/8 of 9"" dia)",144.0
172777,1.0,,oz,28.35
172778,1.0,,"piece (1/6 of 8"" pie)",117.0
172778,1.0,,"piece (1/8 of 9"" dia)",125.0
172778,1.0,,oz,28.35
172779,1.0,,"piece (1/8 of 9"" dia)",147.0
172779,1.0,,oz,28.35
172780,1.0,,"piece (1/6 of 8"" pie)",117.0
172780,1.0,,oz,28.35
172780,1.0,,"piece (1/8 of 9"" dia)",125.0
172781,1.0,,"piece (1/8 of 9"" dia)",180.0
172781,1.0,,oz,28.35
172782,1.0,,"piece (1/6 of 8"" pie)",104.0
172782,1.0,,oz,28.35
172783,1.0,,oz,28.35
172783,1.0,,"piece (1/6 of 8"" pie)",105.0
172784,1.0,,oz,28.35
172784,1.0,,"pie (5"" x 3-3/4"")",128.0
172785,1.0,,oz,28.35
172785,1.0,,"piece (1/6 of 8"" pie)",113.0
172786,1.0,,"piece (1/8 of 9"" dia)",122.0
172786,1.0,,oz,28.35
172787,1.0,,pie,995.0
172787,1.0,,slice,133.0
172787,1.0,,oz,28.35
172788,1.0,,oz,28.35
172788,1.0,,"piece (1/8 of 9"" dia)",155.0
172789,1.0,,oz,28.35
172789,1.0,,"piece (1/8 of 9"" dia)",126.0
172790,1.0,,oz,28.35
172790,1.0,,shell,47.0
172791,1.0,,sheet dough,19.0
172791,1.0,,oz,28.35
172792,1.0,,oz,28.35
172792,1.0,,package (6 oz),170.0
172793,1.0,,"each (pan, dinner, or small roll) (2"" square, 2"" high)",25.0
172793,1.0,,roll (foot long frankfurter roll),86.0
172793,1.0,,"roll (hamburger, frankfurter, onion roll, bun, large roll)",43.0
172793,1.0,,roll (1 oz),28.0
172794,1.0,,"roll, large submarine, hoagie",135.0
172794,1.0,,"roll (small submarine, hoagie roll)",65.0
172794,1.0,,"roll (hamburger, frankfurter roll)",43.0
172794,1.0,,"roll medium submarine, hoagie",94.0
172794,1.0,,"medium (2-1/2"" dia)",36.0
172794,1.0,,roll (1 oz),28.0
172795,1.0,,oz,28.35
172795,1.0,,roll,38.0
172796,1.0,,oz,28.35
172796,1.0,,roll 1 serving,44.0
172797,1.0,,oz,28.35
172797,1.0,,roll,43.0
172798,1.0,,roll,30.0
172798,1.0,,oz,28.35
172799,1.0,,roll,30.0
172799,1.0,,oz,28.35
172800,1.0,,shell,12.9
172800,1.0,,"miniature (3"" dia)",5.0
172800,1.0,,"large (6-1/2"" dia)",21.0
172800,1.0,,oz,28.35
172800,1.0,,"medium (approx 5"" dia)",13.3
172800,1.0,,taco,12.7
172801,1.0,,oz,28.35
172801,1.0,,pastry,51.0
172802,1.0,,"wrapper, eggroll (7"" square)",32.0
172802,1.0,,oz,28.35
172802,1.0,,"wrapper, wonton (3-1/2"" square)",8.0
172803,0.5,,tsp,2.3
172803,1.0,,tsp,4.6
172804,0.5,,tsp,2.3
172804,1.0,,tsp,4.6
172805,0.5,,tsp,2.5
172805,1.0,,tsp,5.0
172806,1.0,,cup,120.0
172806,1.0,,oz,28.35
172807,1.0,,oz,28.35
172807,1.0,,"cookie (2-5/8"" dia)",15.0
172808,1.0,,"cookie, medium (2-1/4"" dia)",16.0
172808,1.0,,oz,28.35
172809,1.0,,oz,28.35
172809,1.0,,slice,17.0
172810,1.0,,oz,28.35
172810,1.0,,"roll (2-1/2"" dia)",35.0
172810,1.0,,"large roll or bun (3-1/2"" dia)",43.0
172811,1.0,,"crust, single 9""",244.0
172811,1.0,,"piece (1/8 of 9"" crust)",30.0
172812,0.5,,oz,14.2
172812,1.0,,matzo,28.0
172813,1.0,,"piece (1/8 of 9"" crust)",22.0
172813,1.0,,"crust, single 9""",176.0
172813,1.0,,cup,129.0
172814,1.0,,"piece (1/8 of 9"" crust)",24.0
172814,1.0,,"crust, single 9""",194.0
172815,1.0,,package (8.5 oz),241.0
172815,1.0,,oz,28.35
172816,1.0,,"pita, large (6-1/2"" dia)",60.0
172816,1.0,,oz,28.35
172817,1.0,,oz,28.35
172817,1.0,,"slice, thin",23.0
172817,1.0,,"slice, large",32.0
172817,1.0,,slice,26.0
172818,1.0,,"slice, thin",20.0
172818,1.0,,oz,28.35
172818,1.0,,"cup, crumbs",45.0
172818,1.0,,"cup, cubes",35.0
172818,1.0,,slice,25.0
172818,1.0,,"slice, large",30.0
172819,1.0,,oz,28.35
172819,1.0,,cookie,5.0
172820,1.0,,"cookie, medium (2-1/4"" dia)",10.0
172820,1.0,,"cookie, bite size (include Mini Chips Ahoy!)",2.2
172820,1.0,,oz,28.35
172821,1.0,,oz,28.35
172821,1.0,,"anisette sponge (4"" x 1-1/8"" x 7/8"")",13.0
172821,1.0,,"breakfast treat (approx 4"" x 2"" x 7/8"")",24.0
172821,1.0,,ladyfinger,11.0
172822,1.0,,"piece (3-3/4"" x 1-3/4"" x 1/8"")",5.0
172822,1.0,,melba round,3.0
172822,1.0,,"cup, crushed",70.0
172822,1.0,,toast,5.0
172822,1.0,,cup pieces,30.0
172822,1.0,,"cup, rounds",33.0
172822,0.5,,oz,14.2
172823,1.0,,cracker,4.0
172823,1.0,,"cracker, square",4.0
172823,1.0,,"cup, crushed",94.0
172823,0.5,,oz,14.2
172823,10.0,,Triscuit Bits,10.0
172824,1.0,,"pastry (4-1/4"" dia)",65.0
172824,1.0,,"small or frozen (approx 3"" dia)",35.0
172824,1.0,,"large (approx 7"" dia)",142.0
172824,1.0,,oz,28.35
172824,1.0,,Toaster Strudel,53.0
172824,1.0,,piece (1/8 of 15 oz ring),53.0
172825,1.0,,Toaster Strudel,53.0
172825,1.0,,"pastry (4-1/4"" dia)",71.0
172825,1.0,,"small or frozen (approx 3"" dia)",35.0
172825,1.0,,piece (1/8 of 15 oz ring),53.0
172825,1.0,,oz,28.35
172825,1.0,,container (3 oz),142.0
172826,1.0,,oz,28.35
172826,1.0,,slice,23.0
172827,1.0,,oz,28.35
172827,1.0,,pastry,71.0
172828,1.0,,muffin,57.0
172828,1.0,,oz,28.35
172829,3.0,,oz,85.0
172829,1.0,,unit (yield from 1 lb ready-to cook quail),208.0
172829,1.0,,breast,56.0
172830,1.0,,wing,51.0
172830,3.0,,oz,85.0
172831,1.0,,bird,627.0
172831,4.0,,oz,113.0
172831,1.0,,breast,219.0
172832,1.0,,patty,117.0
172833,1.0,,serving ( 3 oz ),85.0
172833,1.0,,patty (yield from 135.8 g raw meat),109.0
172834,1.0,,full rump cooked ( yield from 695 g raw meat ),496.0
172834,1.0,,serving ( 3 oz ),85.0
172835,1.0,,inside drum,572.0
172835,3.0,,oz,85.0
172836,1.0,,serving ( 3 oz ),85.0
172836,1.0,,inside drum cooked ( yield from 572 g raw meat ),416.0
172837,3.0,,oz,85.0
172837,1.0,,outside drum,422.0
172838,3.0,,oz,85.0
172838,1.0,,steak,300.0
172839,1.0,,oz,28.35
172839,1.0,,serving ( cooked from 4 oz raw ),85.0
172840,1.0,,serving ( 3 oz ),85.0
172841,1.0,,serving (cooked from 4 oz raw),85.0
172841,1.0,,oz,28.35
172842,1.0,,serving ( 3 oz ),85.0
172843,1.0,,serving ( 3 oz ),85.0
172844,1.0,,serving (cooked from 4 oz raw),85.0
172844,1.0,,oz,28.35
172844,1.0,,lb,453.0
172845,1.0,,serving (cooked from 4 oz raw),85.0
172845,1.0,,lb,456.0
172845,1.0,,oz,28.35
172846,1.0,,oz,28.35
172846,1.0,,lb,453.0
172846,1.0,,serving ( cooked from 4 oz raw),85.0
172847,4.0,,oz,113.0
172847,1.0,,patty (cooked from 4 oz raw),85.0
172847,1.0,,lb,453.0
172848,3.0,,oz,85.0
172849,1.0,,patty,85.0
172849,3.0,,oz,85.0
172850,1.0,,serving (cooked from 4 oz),85.0
172850,4.0,,oz,113.0
172850,1.0,,lb,453.0
172851,3.0,,oz,85.0
172852,1.0,,drumstick with skin,105.0
172852,3.0,,oz,85.0
172852,1.0,,drumstick without skin,95.0
172853,1.0,,thigh with skin,129.0
172853,3.0,,oz,85.0
172853,1.0,,thigh without skin,111.0
172854,3.0,,oz,85.0
172854,1.0,,lb,453.0
172855,1.0,,lb,453.0
172855,4.0,,oz,113.0
172856,3.0,,oz,85.0
172856,1.0,,drumstick with skin,129.0
172856,1.0,,drumstick without skin,91.0
172857,1.0,,drumstick without skin,95.0
172857,1.0,,drumstick with skin,106.0
172857,3.0,,oz,85.0
172858,1.0,,thigh without skin,132.0
172858,1.0,,thigh with skin,158.0
172858,3.0,,oz,85.0
172859,4.0,,oz,113.0
172859,1.0,,thigh with skin,191.0
172859,1.0,,thigh without skin,148.0
172860,4.0,,oz,113.0
172860,1.0,,drumstick without skin,130.0
172860,1.0,,drumstick with skin,143.0
172861,1.0,,drumstick without skin,91.0
172861,1.0,,drumstick with skin,129.0
172861,3.0,,oz,85.0
172862,1.0,,thigh without skin,132.0
172862,3.0,,oz,85.0
172862,1.0,,thigh with skin,158.0
172863,1.0,,thigh without skin,148.0
172863,1.0,,thigh,181.0
172863,4.0,,oz,113.0
172864,4.0,,oz,113.0
172865,3.0,,oz,85.0
172866,4.0,,oz,113.0
172867,1.0,,oz,28.35
172868,1.0,,bird,5717.0
172868,4.0,,oz,113.0
172869,1.0,,bird,4147.0
172869,3.0,,oz,85.0
172870,1.0,,bird,5717.0
172870,4.0,,oz,113.0
172871,1.0,,lb,453.0
172871,1.0,,bird,4147.0
172871,3.0,,oz,85.0
172872,3.0,,oz,85.0
172872,1.0,,wing,375.0
172873,4.0,,oz,113.0
172874,3.0,,oz,85.0
172875,4.0,,oz,113.0
172875,1.0,,drumstick,356.0
172876,1.0,,breast,2110.0
172876,4.0,,oz,113.0
172876,1.0,,lb,453.0
172877,1.0,,thigh,348.0
172877,3.0,,oz,85.0
172878,3.0,,oz,85.0
172878,1.0,,drumstick,275.0
172879,1.0,,cup,305.0
172879,1.0,,tbsp,19.0
172880,0.25,,cup,63.0
172881,1.0,,"can (11 oz), undiluted",312.0
172881,0.5,,cup (4 fl oz),129.0
172882,1.0,,can,294.0
172882,1.0,,cup,148.0
172883,1.0,,cup,240.0
172884,1.0,,cup,240.0
172885,1.0,,cup,233.0
172886,1.0,,tbsp,16.0
172887,1.0,,cup,251.0
172888,1.0,,cup,240.0
172889,1.0,,cup,219.0
172889,1.0,,can (14.5 oz),407.0
172889,1.0,,carton (32 oz),923.0
172890,2.0,,Tbsp,36.0
172891,1.0,,"can (10.75 oz), prepared",602.0
172891,1.0,,cup (8 fl oz),248.0
172892,1.0,,cup,245.0
172893,1.0,,"can (10.75 oz), prepared",602.0
172893,1.0,,cup (8 fl oz),248.0
172894,1.0,,cup,251.0
172894,1.0,,"can (11 oz), prepared",609.0
172895,1.0,,cup (8 fl oz),245.0
172895,1.0,,"can (10.5 oz), prepared",595.0
172896,1.0,,"can (11.25 oz), prepared",616.0
172896,1.0,,cup (8 fl oz),254.0
172897,1.0,,"can (10.75 oz), prepared",602.0
172897,1.0,,cup (8 fl oz),248.0
172898,1.0,,cup (8 fl oz),253.0
172898,1.0,,fl oz,31.6
172899,1.0,,serving 1 cup,240.0
172900,1.0,,serving 1 cup,246.0
172901,0.5,,cup condensed,129.0
172902,1.0,,"can (11 oz), prepared",609.0
172902,1.0,,cup (8 fl oz),251.0
172903,1.0,,"can (11 oz), prepared",600.0
172903,1.0,,cup,247.0
172904,1.0,,serving 1 cup,266.0
172904,1.0,,fl oz,33.3
172905,1.0,,"can (11.25 oz), prepared",607.0
172905,1.0,,cup (8 fl oz),250.0
172906,1.0,,"can (10.75 oz), prepared",593.0
172906,1.0,,cup (8 fl oz),244.0
172907,1.0,,cup,248.0
172907,1.0,,"can (10.75 oz), prepared",593.0
172908,1.0,,"can (10.75 oz), prepared",593.0
172908,1.0,,cup,244.0
172909,1.0,,serving 1 cup,248.0
172910,1.0,,serving 1 cup,243.0
172911,1.0,,cup,261.0
172911,1.0,,fl oz,32.6
172912,1.0,,cup,247.0
172912,1.0,,can,529.0
172913,1.0,,cup (8 fl oz),241.0
172913,1.0,,"can (10.5 oz), prepared",586.0
172914,1.0,,cup (8 fl oz),244.0
172914,1.0,,"can (10.75 oz), prepared",593.0
172915,1.0,,serving 1 cup,248.0
172915,1.0,,fl oz,31.0
172916,1.0,,cup (8 fl oz),253.0
172916,1.0,,"can (11.5 oz), prepared",614.0
172917,1.0,,cup (8 fl oz),244.0
172917,1.0,,"can (10.75 oz), prepared",593.0
172918,1.0,,"can (10.75 oz), prepared",593.0
172918,1.0,,cup,244.0
172919,1.0,,cup,244.0
172919,1.0,,"can (10.75 oz), prepared",593.0
172920,1.0,,cup,247.0
172920,1.0,,"can (11 oz), prepared",600.0
172921,1.0,,"can (10.5 oz), prepared",586.0
172921,1.0,,cup (8 fl oz),241.0
172922,1.0,,fl oz,29.9
172922,1.0,,serving 1 cup,240.0
172923,1.0,,serving 1 cup,240.0
172923,1.0,,fl oz,29.9
172924,1.0,,cup 8 fl oz,241.0
172924,1.0,,fl oz,30.1
172925,1.0,,cup,245.0
172926,2.0,,slices,57.0
172926,1.0,,"slice (1 oz) (4"" x 4"" x 3/32"" thick)",28.0
172927,1.0,,package (8 oz),227.0
172927,2.0,,slices,57.0
172928,1.0,,oz,28.35
172928,1.0,,tbsp,13.0
172929,1.0,,oz,28.35
172929,1.0,,tbsp,13.0
172930,1.0,,tbsp,13.0
172930,1.0,,oz,28.35
172931,2.0,,slices,57.0
172931,1.0,,"slice (1 oz) (4"" x 4"" x 3/32"" thick)",28.0
172932,1.0,,"slice (4-1/4"" x 4-1/4"" x 1/16"")",21.0
172932,1.0,,oz,28.35
172933,2.0,,slices,57.0
172933,1.0,,"slice (1 oz) (4"" x 4"" x 3/32"" thick)",28.0
172934,1.0,,link,25.0
172935,1.0,,oz,28.35
172935,1.0,,slice,26.0
172936,1.0,,slice round,12.3
172937,1.0,,serving,28.0
172938,1.0,,"slice (3-1/8"" dia x 1/16"" thick)",10.0
172938,1.0,,package (4 oz),113.0
172939,1.0,,"link (4"" long x 1-1/8"" dia)",68.0
172939,1.0,,"link,  little (2"" long x 3/4"" dia)",16.0
172940,2.0,,oz 1 serving,56.0
172941,1.0,,slice,16.0
172942,1.0,,"sausage (7/8"" dia x 2"" long)",16.0
172942,7.0,,"sausages (drained contents from can, net wt 4 oz)",113.0
172943,1.0,,oz,28.35
172943,1.0,,"slice (4"" dia x 1/8"" thick)",23.0
172944,3.0,,oz,85.0
172944,1.0,,serving (1 slice),28.0
172945,1.0,,serving (4 slices),52.0
172946,1.0,,serving (1 slice),28.0
172947,1.0,,slice,9.0
172947,1.0,,serving 3 slices,27.0
172948,3.0,,oz,85.0
172948,1.0,,lb 16 oz,453.6
172949,1.0,,frank 1 NLEA serving,57.0
172950,2.0,,oz 1 NLEA serving,56.0
172951,2.0,,oz 1 NLEA serving,56.0
172952,1.0,,link 3 oz,84.0
172953,5.0,,pieces,55.0
172953,1.0,,serving 5 pieces,55.0
172954,1.0,,serving 2.67 oz,76.0
172955,12.0,,oz serving 2.7 oz,77.0
172956,1.0,,serving 2.33 oz,66.0
172957,1.0,,serving 2.96 oz,84.0
172958,1.0,,serving 2.33 oz,66.0
172959,1.0,,serving 6 slices,57.0
172960,1.0,,serving 2 oz,56.0
172961,1.0,,serving 2 oz,56.0
172962,1.0,,serving 2 slices,42.0
172963,1.0,,serving 2 slices,42.0
172964,1.0,,link,76.0
172965,1.0,,slice,38.0
172966,1.0,,serving 5 slices,28.0
172967,1.0,,serving 2 oz,56.0
172968,1.0,,serving (1 hot dog),52.0
172969,2.0,,oz,56.0
172969,1.0,,cubic inch,17.0
172969,1.0,,oz cooked,25.0
172970,1.0,,serving,28.0
172970,1.0,,slice,28.0
172971,1.0,,link,21.0
172971,1.0,,patty,30.0
172971,1.0,,serving,48.0
172972,0.5,,cup (1 NLEA serving),40.0
172973,1.0,,cup,30.0
172974,1.25,,cup (1 NLEA serving),57.0
172975,0.5,,cup (1 NLEA serving),51.0
172976,0.66,,cup (1 NLEA serving),55.0
172977,1.0,,packet (1 NLEA serving),28.0
172981,0.75,,cup (1 NLEA serving),31.0
172982,0.75,,cup (1 NLEA serving),30.0
172983,1.25,,cup (1 NLEA serving),33.0
172984,1.0,,cup (1 NLEA serving),32.0
172985,1.0,,cup (1 NLEA serving),33.0
172986,0.75,,cup (1 NLEA serving),32.0
172987,3.0,,biscuits (1 NLEA serving),63.0
172988,2.0,,tbsp (1 NLEA serving),14.0
172989,0.5,,cup,40.0
172990,0.75,,cup (1 NLEA serving),31.0
172991,1.0,,packet (1 NLEA serving),43.0
172992,1.0,,packet (1 NLEA serving),28.0
172993,1.0,,packet (1 NLEA serving),28.0
172994,1.0,,packet (1 NLEA serving),28.0
172995,0.75,,cup (1 NLEA serving),30.0
172996,1.0,,cup (1 NLEA serving),59.0
172997,0.75,,cup (1 NLEA serving),30.0
172998,3.0,,tbsp (1 NLEA serving),35.0
172999,0.25,,cup (1 NLEA serving),45.0
173000,1.0,,cup (1 NLEA serving),55.0
173001,0.75,,cup,27.0
173002,1.0,,serving (NLEA serving size = 0.75 cup),29.0
173002,1.0,,cup,42.0
173003,1.0,,cup (NLEA serving),30.0
173004,1.0,,serving (3 T dry cereal plus 1 cup water),268.0
173005,0.75,,cup (1 NLEA serving),48.0
173006,1.0,,bar,22.0
173007,0.75,,cup (1 NLEA serving),32.0
173008,1.0,,cup,244.0
173009,1.0,,cup,231.0
173010,1.0,,cup,194.0
173010,3.0,,tablespoon (1 serving),33.0
173010,1.0,,tbsp,13.7
173011,1.0,,cup,245.0
173012,1.0,,cup,237.0
173013,1.0,,cup (1 NLEA serving),32.0
173014,1.0,,cup (1 NLEA serving),56.0
173015,1.0,,cup (1 NLEA serving),56.0
173016,1.0,,packet (1 NLEA serving),34.0
173017,0.75,,cup (1 NLEA serving),30.0
173018,0.75,,cup (1 NLEA serving),27.0
173019,0.75,,cup (1 NLEA serving),31.0
173020,0.75,,cup (1 NLEA serving),30.0
173021,1.0,,"medium (2-1/4"" dia)",50.0
173021,1.0,,"large (2-1/2"" dia)",64.0
173021,1.0,,"small (1-1/2"" dia)",40.0
173022,1.0,,cup,248.0
173022,1.0,,fig with liquid,27.0
173023,1.0,,cup,252.0
173023,1.0,,fig with liquid,28.0
173024,1.0,,cup,259.0
173024,1.0,,fig with liquid,28.0
173025,1.0,,cup,261.0
173026,0.5,,cup,123.0
173027,1.0,,cup,242.0
173028,1.0,,cup,248.0
173029,0.5,,cup,130.0
173029,1.0,,cup,260.0
173030,1.0,,cup,150.0
173031,1.0,,cup,252.0
173032,5.0,,tbsp,28.0
173033,1.0,,"cup sections, with juice",230.0
173033,0.5,,"small (approx 3-1/2"" dia)",100.0
173033,0.5,,"medium (approx 4"" dia)",128.0
173033,0.5,,"large (approx 4-1/2"" dia)",166.0
173034,1.0,,"cup sections, with juice",230.0
173034,0.5,,"fruit (3-3/4"" dia)",118.0
173035,1.0,,cup,244.0
173036,1.0,,cup,249.0
173037,1.0,,cup,254.0
173038,8.0,,fl oz,240.0
173038,1.0,,cup,252.0
173039,1.0,,fruit yields,196.0
173039,1.0,,fl oz,30.9
173039,1.0,,cup,247.0
173040,1.0,,grape,6.0
173041,1.0,,cup,253.0
173041,1.0,,fl oz,31.6
173042,1.0,,cup,253.0
173042,1.0,,fl oz,31.6
173043,1.0,,cup,140.0
173044,1.0,,"fruit, without refuse",55.0
173044,1.0,,cup,165.0
173045,1.0,,cup,244.0
173045,1.0,,fruit without refuse,6.0
173046,3.0,,oz,85.0
173046,1.0,,roast,634.0
173047,1.0,,roast,677.0
173047,3.0,,oz,85.0
173048,3.0,,oz,85.0
173048,1.0,,roast,571.0
173049,1.0,,roast,852.0
173049,4.0,,oz,113.0
173049,1.0,,fillet,173.0
173050,3.0,,oz,85.0
173050,1.0,,fillet,115.0
173051,1.0,,roast,768.0
173051,3.0,,oz,85.0
173052,3.0,,oz,85.0
173052,1.0,,roast,765.0
173053,1.0,,roast,970.0
173053,4.0,,oz,113.0
173053,1.0,,fillet,180.0
173054,3.0,,oz,85.0
173054,1.0,,steak,209.0
173055,1.0,,steak,208.0
173055,3.0,,oz,85.0
173056,1.0,,steak,211.0
173056,3.0,,oz,85.0
173057,1.0,,steak,256.0
173057,4.0,,oz,113.0
173058,3.0,,oz,85.0
173058,1.0,,roast,699.0
173059,3.0,,oz,85.0
173059,1.0,,roast,714.0
173060,3.0,,oz,85.0
173060,1.0,,roast,675.0
173061,1.0,,steak,161.0
173061,3.0,,oz,85.0
173062,4.0,,oz,113.0
173062,1.0,,steak,199.0
173063,3.0,,oz,85.0
173063,1.0,,fillet,135.0
173064,1.0,,fillet,135.0
173064,3.0,,oz,85.0
173065,3.0,,oz,85.0
173065,1.0,,fillet,135.0
173066,1.0,,roast,844.0
173066,1.0,,fillet,178.0
173066,4.0,,oz,113.0
173067,4.0,,oz,113.0
173067,1.0,,fillet,166.0
173067,1.0,,roast,866.0
173068,4.0,,oz (4 oz),113.0
173069,3.0,,oz,85.0
173069,1.0,,steak,236.0
173070,3.0,,oz,85.0
173070,1.0,,steak,234.0
173071,1.0,,steak,235.0
173071,3.0,,oz,85.0
173072,1.0,,steak,301.0
173072,4.0,,oz,113.0
173073,3.0,,oz,85.0
173074,4.0,,oz,113.0
173075,4.0,,oz,113.0
173076,1.0,,serving,85.0
173077,3.0,,oz,85.0
173078,4.0,,oz,113.0
173079,3.0,,oz,85.0
173080,4.0,,oz,113.0
173081,3.0,,oz,85.0
173082,3.0,,oz,85.0
173083,4.0,,oz,113.0
173084,3.0,,oz,85.0
173085,3.0,,oz,85.0
173086,4.0,,oz,113.0
173087,3.0,,oz,85.0
173088,4.0,,oz,113.0
173089,3.0,,oz,85.0
173090,3.0,,oz,85.0
173091,4.0,,oz,113.0
173092,3.0,,oz,85.0
173093,4.0,,oz,113.0
173094,3.0,,oz,85.0
173095,3.0,,oz,85.0
173096,4.0,,oz,113.0
173097,3.0,,oz,85.0
173098,4.0,,oz,113.0
173099,3.0,,oz,85.0
173100,4.0,,oz,113.0
173101,3.0,,oz,85.0
173102,4.0,,oz,113.0
173103,4.0,,oz,113.0
173104,3.0,,oz,85.0
173105,4.0,,oz,113.0
173106,3.0,,oz,85.0
173107,4.0,,oz,113.0
173108,3.0,,oz,85.0
173109,4.0,,oz,113.0
173110,4.0,,oz,113.0
173111,4.0,,oz,113.0
173112,3.0,,oz,85.0
173112,1.0,,patty,70.0
173113,3.0,,oz,85.0
173113,1.0,,portion (yield from 1/2 lb raw meat ),139.0
173114,3.0,,oz,85.0
173115,1.0,,lb,453.6
173115,3.0,,oz,85.0
173116,1.0,,lb,453.6
173116,4.0,,oz,113.0
173117,3.0,,oz,85.0
173117,1.0,,lb,453.6
173118,1.0,,lb,453.6
173118,3.0,,oz,85.0
173119,3.0,,oz,85.0
173119,1.0,,lb,453.6
173120,4.0,,oz,113.0
173120,1.0,,lb,453.6
173121,1.0,,lb,453.6
173121,4.0,,oz,113.0
173122,1.0,,lb,453.6
173122,4.0,,oz,113.0
173123,3.0,,oz,85.0
173123,1.0,,lb,453.6
173124,1.0,,roast,252.0
173124,4.0,,oz,113.0
173125,4.0,,oz,113.0
173125,1.0,,roast,1289.0
173126,1.0,,roast,1392.0
173126,4.0,,oz,113.0
173127,1.0,,roast,1187.0
173127,4.0,,oz,113.0
173128,4.0,,oz,113.0
173128,1.0,,steak,434.0
173129,1.0,,steak,470.0
173129,4.0,,oz,113.0
173130,1.0,,steak (yield from 593 g raw meat),409.0
173130,3.0,,oz,85.0
173131,1.0,,oz,28.35
173132,1.0,,bar,80.0
173133,1.0,,bar,28.0
173134,1.0,,bar,55.0
173135,1.0,,bar,24.0
173136,1.0,,bar,44.0
173136,1.0,,bar,55.0
173137,1.0,,bar,68.0
173138,1.0,,bar,22.0
173139,1.0,,bar,55.0
173140,1.0,,oz,28.35
173141,1.0,,cup,7.9
173141,1.0,,bag,87.0
173142,1.0,,oz,28.35
173143,1.0,,oz,28.35
173144,1.0,,bar,47.0
173145,1.0,,bar,24.0
173146,1.0,,package,20.0
173147,1.0,,oz,28.35
173147,1.0,,bag,262.0
173148,1.0,,bar,35.0
173149,1.0,,bar,40.0
173150,6.0,,piece chips,28.0
173150,1.0,,oz,28.35
173150,1.0,,bag,175.0
173151,1.0,,bar,32.0
173152,1.0,,bag,105.0
173152,1.0,,oz,28.35
173152,10.0,,chips,17.0
173153,1.0,,bar,35.0
173154,1.0,,bar,31.0
173155,2.0,,cakes,18.0
173155,1.0,,cake,9.0
173156,1.0,,serving,28.0
173157,1.0,,serving,28.0
173158,1.0,,bar,53.0
173159,1.0,,serving,50.0
173160,1.0,,serving,28.0
173161,1.0,,serving,30.0
173162,8.0,,fl oz,240.0
173163,1.0,,packet,17.0
173164,1.0,,packet prepared,103.0
173164,1.0,,fl oz,29.4
173165,16.0,,fl oz,480.0
173166,8.0,,fl oz,240.0
173167,2.0,,scoop,39.0
173168,1.0,,fl oz,33.6
173168,1.0,,jigger 1.5 fl oz,50.0
173169,1.0,,bottle,237.0
173170,1.0,,bottle,295.0
173171,1.0,,bottle,295.0
173172,1.0,,scoop,26.0
173173,1.0,,bottle,500.0
173174,1.0,,scoop,26.0
173175,2.0,,fl oz,60.0
173175,8.0,,fl oz,266.0
173176,1.0,,glass (3.5 fl oz),103.0
173176,1.0,,fl oz,29.5
173177,3.0,,scoop,86.0
173178,8.0,,fl oz,240.0
173179,6.75,,fl oz,200.0
173180,0.33,,cup,32.0
173181,1.0,,scoop,45.0
173182,2.0,,tbsp,11.0
173184,1.0,,serving,256.0
173185,1.0,,serving (5 fl oz),148.0
173185,1.0,,fl oz,29.5
173186,1.0,,serving 8 oz,245.0
173187,1.0,,cup,240.0
173188,20.0,,fl oz,591.0
173189,8.0,,fl oz,240.0
173190,1.0,,serving (5 fl oz),147.0
173190,1.0,,fl oz,29.4
173191,1.0,,serving (5 fl oz),147.0
173191,1.0,,fl oz,29.4
173192,1.0,,fl oz,29.4
173192,1.0,,serving (5 fl oz),147.0
173193,1.0,,fl oz,29.5
173193,1.0,,serving (5 fl oz),147.0
173194,1.0,,fl oz,29.4
173194,1.0,,serving (5 fl oz),147.0
173195,1.0,,serving (5 fl oz),148.0
173195,1.0,,fl oz,29.5
173196,1.0,,fl oz,29.3
173196,1.0,,serving (5 fl oz),147.0
173197,8.0,,fl oz,247.0
173198,1.0,,fl oz,29.5
173198,1.0,,serving (5 fl oz),148.0
173199,1.0,,fl oz,30.9
173199,1.0,,can or bottle (12 fl oz),371.0
173199,1.0,,can or bottle (16 fl oz),494.0
173200,1.0,,serving (5 fl oz),148.0
173200,1.0,,fl oz,29.6
173201,1.0,,serving (5 fl oz),147.0
173201,1.0,,fl oz,29.3
173202,1.0,,fl oz,30.8
173202,1.0,,serving (5 fl oz),154.0
173203,1.0,,can or bottle (12 fl oz),372.0
173203,1.0,,fl oz,31.0
173204,1.0,,can (12 fl oz),355.0
173204,1.0,,fl oz,29.6
173205,1.0,,"drink, large (32 fl oz)",982.0
173205,1.0,,"drink, medium (22 fl oz)",675.0
173205,1.0,,"drink, small (16 fl oz)",491.0
173205,1.0,,"drink, extra large (44 fl oz)",1351.0
173205,1.0,,fl oz,30.8
173205,1.0,,drink (12 fl oz),368.0
173206,1.0,,cup 12 fl oz 12 fl oz,258.0
173206,1.0,,fl oz,30.8
173206,1.0,,serving 16 fl oz,492.0
173206,1.0,,serving 12 fl oz,369.0
173207,1.0,,can (12 fl oz),355.0
173207,1.0,,fl oz,29.6
173208,1.0,,fl oz,29.5
173208,1.0,,serving 5 fl oz,148.0
173209,1.0,,fl oz,30.7
173209,1.0,,can or bottle (12 fl oz),368.0
173209,1.0,,can or bottle (16 fl oz),491.0
173210,1.0,,serving 16 fl oz,492.0
173210,1.0,,serving 12 fl oz,369.0
173210,1.0,,can 8.4 fl oz,258.0
173211,1.0,,cup,240.0
173212,1.0,,cup,240.0
173213,1.0,,fl oz,31.3
173213,8.0,,fl oz,250.0
173213,6.0,,fl oz,188.0
173213,1.0,,serving,227.0
173214,1.0,,cup,271.0
173216,1.0,,can (6 fl oz),219.0
173216,1.0,,can (12 fl oz),438.0
173216,1.0,,fl oz,36.5
173217,1.0,,fl oz,30.9
173217,1.0,,cup 8 fl oz,247.0
173219,1.0,,cup (8 fl oz),265.0
173220,1.0,,serving (3 heaping tsp or 1 envelope),21.0
173221,1.0,,cup (8 fl oz),265.0
173222,1.0,,serving (4 tbsp or 1 envelope),21.0
173222,1.0,,cup,78.0
173223,1.0,,fl oz,31.2
173223,1.0,,cup (8 fl oz),250.0
173224,1.0,,fl oz,31.3
173224,1.0,,cup (8 fl oz),250.0
173225,1.0,,cup (8 fl oz),250.0
173225,1.0,,fl oz,31.3
173226,1.0,,small McDonald's shake (12 fl oz),250.0
173226,1.0,,medium McDonald's shake (16 fl oz),333.0
173226,1.0,,milkshake (10 fl oz),208.0
173226,1.0,,fl oz,20.8
173226,1.0,,large McDonald's shake (22 fl oz),458.0
173226,1.0,,cup (8 fl oz),166.0
173227,1.0,,fl oz,29.6
173227,6.0,,fl oz,178.0
173227,1.0,,cup (8 fl oz),237.0
173228,2.0,,tsp,1.6
173229,1.0,,cup,182.0
173229,1.0,,serving (3 heaping tsp),23.0
173230,1.0,,serving 1 tsp,0.7
173231,1.0,,fl oz,29.8
173231,1.0,,serving 8 fl oz,238.0
173231,1.0,,serving 6 fl oz,179.0
173232,1.0,,fl oz,29.6
173232,6.0,,fl oz,178.0
173232,1.0,,cup (8 fl oz),237.0
173233,1.0,,bottle 11 fl oz,325.0
173233,1.0,,cup 8 fl oz,237.0
173233,1.0,,fl oz,29.6
173233,1.0,,bottle 6.5 fl oz,192.0
173234,1.0,,bottle 24 fl oz,710.0
173234,1.0,,fl oz,29.6
173234,1.0,,bottle 16.9 fl oz,500.0
173234,1.0,,bottle 8 fl oz,237.0
173235,1.0,,serving 2 tbsp,26.0
173236,1.0,,fl oz,33.9
173236,6.0,,fl oz,203.0
173237,1.0,,"portion, amount of dry mix to make 8 fl oz prepared",2.5
173238,1.0,,muffin,57.0
173238,1.0,,oz,28.35
173239,1.0,,oz,28.35
173239,1.0,,"piece (1/8 of 9"" dia)",125.0
173239,1.0,,"piece (1/6 of 8"" pie)",117.0
173240,1.0,,"pie (5"" x 3-3/4"")",128.0
173240,1.0,,oz,28.35
173241,1.0,,"tortilla, medium (approx 6"" dia)",26.0
173241,1.0,,oz,28.35
173242,1.0,,"tortilla (approx 12"" dia)",117.0
173242,1.0,,"tortilla (approx 7-8"" dia)",49.0
173242,1.0,,oz,28.35
173242,1.0,,"tortilla, medium (approx 6"" dia)",32.0
173242,1.0,,"tortilla (approx 10"" dia)",72.0
173243,1.0,,oz,28.35
173243,1.0,,cake,340.0
173244,1.0,,package (18.50 oz),524.0
173244,1.0,,oz,28.35
173245,1.0,,serving,22.0
173246,1.0,,serving,25.0
173247,1.0,,serving,24.0
173248,1.0,,serving,26.0
173249,1.0,,serving,28.0
173250,1.0,,serving,26.0
173251,1.0,,serving,20.0
173252,1.0,,serving,21.0
173253,1.0,,serving,25.0
173254,1.0,,serving,67.0
173255,1.0,,serving,31.0
173256,1.0,,serving,40.0
173257,1.0,,serving,57.0
173258,1.0,,cracker,3.3
173258,5.0,,cracker (1 NLEA serving),16.0
173259,1.0,,biscuit,64.0
173259,1.0,,serving,64.0
173260,1.0,,serving 2 cookies,38.0
173261,1.0,,serving,52.0
173262,1.0,,cup,161.0
173263,1.0,,cup,155.0
173264,1.0,,cup spaghetti,121.0
173265,1.0,,cup spaghetti,141.0
173266,1.0,,biscuit,150.0
173267,1.0,,biscuit,182.0
173268,1.0,,item,132.0
173269,1.0,,item,128.0
173270,1.0,,item,155.0
173271,1.0,,sandwich,171.0
173272,2.0,,eggs,96.0
173273,1.0,,serving 14 round pieces,77.0
173273,1.0,,patty,53.0
173273,1.0,,serving 29 round pieces,160.0
173273,1.0,,round piece,5.5
173274,1.0,,item,120.0
173275,1.0,,sundae,155.0
173276,1.0,,sundae,158.0
173277,1.0,,item,241.0
173278,1.0,,burrito,241.0
173279,1.0,,pizza,744.0
173279,1.0,,slice,96.0
173280,1.0,,slice,96.0
173280,1.0,,pizza,778.0
173281,1.0,,slice,127.0
173281,1.0,,pizza,1107.0
173281,0.5,,pizza,541.0
173282,1.0,,slice,108.0
173282,1.0,,pizza,865.0
173283,1.0,,pizza,947.0
173283,1.0,,slice,118.0
173284,1.0,,slice,117.0
173284,1.0,,pie,938.0
173285,1.0,,slice,123.0
173285,1.0,,pie,1021.0
173286,1.0,,slice,153.0
173286,1.0,,pie,1093.0
173287,1.0,,slice,87.0
173287,1.0,,pie,678.0
173288,1.0,,pie,938.0
173288,1.0,,slice,104.0
173289,1.0,,pie,562.0
173289,1.0,,slice,48.0
173289,0.5,,pie,362.0
173290,1.0,,pizza,841.0
173290,1.0,,slice,105.0
173291,1.0,,slice,112.0
173291,1.0,,pizza,897.0
173292,1.0,,pizza,853.0
173292,1.0,,slice,107.0
173293,1.0,,pizza,922.0
173293,1.0,,slice,115.0
173294,1.0,,slice,76.0
173294,1.0,,pizza,590.0
173295,1.0,,pizza,895.0
173295,1.0,,slice,111.0
173296,1.0,,pizza,946.0
173296,1.0,,slice,118.0
173297,6.0,,pieces,95.0
173297,4.0,,pieces,64.0
173297,10.0,,pieces,159.0
173298,1.0,,serving 1 patty,53.0
173299,3.0,,hotcakes 5.3 oz,149.0
173300,1.0,,item 5.8 oz,165.0
173301,1.0,,item (6.4 oz),182.0
173302,1.0,,item (6.3 oz),179.0
173303,1.0,,large (16 fl oz),504.0
173303,1.0,,regular (12 fl oz),348.0
173304,1.0,,large (16 fl oz),487.0
173304,1.0,,regular (12 fl oz),337.0
173305,1.0,,sandwich,131.0
173306,1.0,,item,138.0
173307,1.0,,sandwich,126.0
173308,1.0,,item 4 oz,115.0
173309,1.0,,item 14.8 oz,420.0
173310,1.0,,item,192.0
173311,1.0,,item,221.0
173312,1.0,,item 10.8 oz,305.0
173313,1.0,,item,142.0
173314,1.0,,item,124.0
173315,1.0,,sandwich,171.0
173316,1.0,,item,131.0
173317,1.0,,item,247.0
173318,1.0,,item,205.0
173319,1.0,,sandwich,155.0
173320,1.0,,item,280.0
173321,1.0,,serving,184.0
173321,1.0,,strip,30.0
173322,1.0,,item,219.0
173323,1.0,,item,254.0
173324,12.0,,fl oz cup,348.0
173325,1.0,,serving,244.0
173326,1.0,,serving (1 hot pocket),127.0
173327,1.0,,package yields,256.0
173327,1.0,,serving (1 hot pocket),127.0
173328,1.0,,cup,242.0
173329,1.0,,cup,262.0
173330,1.0,,cup (1 serving),196.0
173331,1.0,,pie,302.0
173332,1.0,,cup,236.0
173333,1.0,,cup 1 serving,225.0
173334,1.0,,piece center,278.0
173334,1.0,,piece corner,115.0
173334,1.0,,piece side,134.0
173335,1.0,,oz,28.35
173335,1.0,,burrito frozen,139.0
173336,1.0,,burrito,129.0
173337,7.5,,oz 1 serving,213.0
173338,1.0,,oz,28.35
173338,1.0,,serving,385.0
173338,1.0,,package,422.0
173339,1.0,,bowl,340.0
173340,1.0,,serving (makes about 1 cup prepared),70.0
173341,1.0,,cup,198.0
173342,1.0,,cup,137.0
173342,1.0,,container (mean weight over brands),283.0
173343,0.5,,cup,125.0
173344,1.0,,cup,249.0
173345,1.0,,corndog,78.0
173345,1.0,,corndog mini,17.0
173346,1.0,,piece,21.0
173347,1.0,,tbsp,10.2
173347,0.33,,cup,56.0
173348,1.0,,cup,233.0
173349,4.0,,oz,113.0
173349,1.0,,steak,369.0
173349,1.0,,roast,1159.0
173350,1.0,,steak,534.0
173350,4.0,,oz,113.0
173351,3.0,,oz,85.0
173351,1.0,,steak,363.0
173352,1.0,,steak,458.0
173352,4.0,,oz,113.0
173353,3.0,,oz,85.0
173353,1.0,,steak,368.0
173354,1.0,,steak,191.0
173354,4.0,,oz,113.0
173355,1.0,,medallion,30.0
173355,3.0,,oz,85.0
173356,1.0,,medallion,44.0
173356,4.0,,oz,113.0
173357,1.0,,steak,246.0
173357,4.0,,oz,113.0
173358,1.0,,serving (3 oz),85.0
173358,1.0,,steak,188.0
173359,4.0,,oz,113.0
173359,1.0,,steak,243.0
173360,3.0,,oz,85.0
173360,1.0,,steak,186.0
173361,1.0,,steak,209.0
173361,4.0,,oz,113.0
173362,1.0,,steak,156.0
173362,3.0,,oz,85.0
173363,4.0,,oz,113.0
173363,1.0,,steak,203.0
173364,1.0,,steak,253.0
173364,3.0,,oz,85.0
173365,4.0,,oz,113.0
173366,1.0,,medallion,32.0
173366,3.0,,oz,85.0
173367,1.0,,steak,207.0
173367,4.0,,oz,113.0
173368,3.0,,oz,85.0
173368,1.0,,steak,190.0
173369,1.0,,steak,197.0
173369,4.0,,oz,113.0
173370,1.0,,steak,150.0
173370,3.0,,oz,85.0
173371,3.0,,oz,85.0
173371,1.0,,steak,305.0
173372,1.0,,roast,1669.0
173372,3.0,,oz,85.0
173373,3.0,,oz,85.0
173373,1.0,,steak,254.0
173374,4.0,,oz,113.0
173374,1.0,,steak,382.0
173375,3.0,,oz,85.0
173375,1.0,,steak,256.0
173376,4.0,,oz,113.0
173376,1.0,,steak,266.0
173377,1.0,,steak,173.0
173377,3.0,,oz,85.0
173378,1.0,,steak,268.0
173378,4.0,,oz,113.0
173379,3.0,,oz,85.0
173379,1.0,,steak,175.0
173380,1.0,,steak,316.0
173380,4.0,,oz,113.0
173381,1.0,,steak,266.0
173381,3.0,,oz,85.0
173382,4.0,,oz,113.0
173383,1.0,,ribs,1159.0
173383,3.0,,oz,85.0
173384,1.0,,ribs,1562.0
173384,4.0,,oz,113.0
173385,1.0,,steak,378.0
173385,3.0,,oz,85.0
173386,3.0,,oz,85.0
173386,1.0,,steak,385.0
173387,1.0,,steak,381.0
173387,3.0,,oz,85.0
173388,3.0,,oz,85.0
173388,1.0,,roast,2044.0
173389,1.0,,steak,471.0
173389,1.0,,roast,2557.0
173389,4.0,,oz,113.0
173390,3.0,,oz,85.0
173390,1.0,,steak,281.0
173391,1.0,,steak,306.0
173391,3.0,,oz,85.0
173392,3.0,,oz,85.0
173392,1.0,,steak,291.0
173393,4.0,,oz,113.0
173393,1.0,,steak,350.0
173393,1.0,,roast,2124.0
173394,1.0,,roast,2203.0
173394,4.0,,oz,113.0
173394,1.0,,steak,376.0
173395,1.0,,steak,254.0
173395,3.0,,oz,85.0
173396,1.0,,steak,256.0
173396,3.0,,oz,85.0
173397,3.0,,oz,85.0
173397,1.0,,steak,174.0
173398,3.0,,oz,85.0
173398,1.0,,steak,173.0
173399,1.0,,steak,175.0
173399,3.0,,oz,85.0
173400,4.0,,oz,113.0
173400,1.0,,steak,266.0
173401,1.0,,steak,266.0
173401,3.0,,oz,85.0
173402,1.0,,steak,326.0
173402,4.0,,oz,113.0
173403,1.0,,steak,316.0
173403,4.0,,oz,113.0
173404,1.0,,steak,340.0
173404,4.0,,oz,113.0
173405,1.0,,ribs,1604.0
173405,4.0,,oz,113.0
173406,4.0,,oz,113.0
173406,1.0,,ribs,1562.0
173407,3.0,,oz,85.0
173407,1.0,,roast,806.0
173408,1.0,,roast,1013.0
173408,1.0,,fillet,190.0
173408,4.0,,oz,113.0
173409,4.0,,oz,113.0
173409,1.0,,steak,199.0
173410,1.0,,"pat (1"" sq, 1/3"" high)",5.0
173410,1.0,,stick,113.0
173410,1.0,,cup,227.0
173410,1.0,,tbsp,14.2
173411,1.0,,cup,151.0
173411,1.0,,tbsp,9.4
173411,1.0,,"pat (1"" sq, 1/3"" high)",3.8
173411,1.0,,stick,76.0
173412,1.0,,cup,205.0
173412,1.0,,tbsp,12.8
173413,1.0,,oz,28.35
173414,1.0,,"cup, melted",244.0
173414,1.0,,slice (1 oz),28.0
173414,1.0,,"cup, shredded",113.0
173414,1.0,,oz,28.35
173414,1.0,,cubic inch,17.0
173414,1.0,,"cup, diced",132.0
173415,1.0,,oz,28.35
173416,1.0,,"cup, shredded",113.0
173416,1.0,,oz,28.35
173416,1.0,,"cup, diced",132.0
173416,1.0,,slice (1 oz),28.0
173416,1.0,,cubic inch,17.0
173417,4.0,,oz,113.0
173417,1.0,,cup (not packed),226.0
173418,1.0,,cubic inch,16.0
173418,1.0,,cup,232.0
173418,1.0,,"tbsp, whipped",10.0
173418,1.0,,"package, small (3 oz)",85.0
173418,1.0,,tbsp,14.5
173418,1.0,,oz,28.35
173419,1.0,,oz,28.35
173419,1.0,,package (7 oz),198.0
173420,1.0,,"cup, crumbled",150.0
173420,1.0,,oz,28.35
173420,1.0,,cubic inch,17.0
173420,1.0,,wedge (1.33 oz),38.0
173421,1.0,,oz,28.35
173421,0.5,,lb,227.0
173422,1.0,,oz,28.35
173422,0.5,,lb,227.0
173423,1.0,,large,46.0
173424,1.0,,tbsp,8.5
173424,1.0,,"cup, chopped",136.0
173424,1.0,,large,50.0
173425,1.0,,"cup, sifted",85.0
173425,1.0,,tbsp,5.0
173426,0.5,,lb,227.0
173426,1.0,,oz,28.35
173427,1.0,,tbsp,7.0
173427,1.0,,"cup, sifted",107.0
173428,1.0,,"cup, sifted",67.0
173428,1.0,,tbsp,4.0
173429,0.7,,oz,20.0
173429,0.35,,oz,9.9
173430,1.0,,"pat (1"" sq, 1/3"" high)",5.0
173430,1.0,,tbsp,14.2
173430,1.0,,stick,113.0
173430,1.0,,cup,227.0
173431,1.0,,tbsp,5.0
173432,1.0,,quart,980.0
173432,1.0,,cup,245.0
173433,1.0,,oz,28.35
173435,1.0,,oz,28.35
173436,1.0,,oz,28.35
173436,0.5,,lb,227.0
173437,1.0,,cubic inch,18.0
173437,1.0,,oz,28.35
173437,1.0,,"cup, diced",132.0
173437,1.0,,"cup, shredded",113.0
173437,1.0,,slice (1 oz),28.0
173438,1.0,,"cup, diced",132.0
173438,1.0,,slice (1 oz),28.0
173438,1.0,,cubic inch,17.0
173438,1.0,,oz,28.35
173438,1.0,,"cup, shredded",113.0
173439,1.0,,cubic inch,17.0
173439,1.0,,"cup, shredded",113.0
173439,1.0,,"cup, diced",132.0
173439,1.0,,slice (1 oz),28.0
173439,1.0,,oz,28.35
173440,1.0,,cubic inch,17.0
173440,1.0,,"cup, diced",132.0
173440,1.0,,slice (1 oz),28.0
173440,1.0,,"cup, shredded",113.0
173440,1.0,,oz,28.35
173441,1.0,,quart,976.0
173441,1.0,,cup,244.0
173442,1.0,,tablespoon,12.0
173442,1.0,,cup,230.0
173443,1.0,,cup,230.0
173443,1.0,,tablespoon,12.0
173444,1.0,,tablespoon,12.0
173444,1.0,,cup,230.0
173445,1.0,,container (6 oz),170.0
173446,2.0,,tbsp,35.0
173447,1.0,,slice,21.0
173448,1.0,,oz,28.0
173449,1.0,,oz,28.0
173450,1.0,,quart,1000.0
173450,1.0,,cup,250.0
173450,1.0,,fl oz,31.2
173451,1.0,,cup (8 fl oz),245.0
173451,1.0,,container (6 oz),170.0
173451,1.0,,container (8 oz),227.0
173452,1.0,,oz,28.35
173452,1.0,,cup,100.0
173452,1.0,,tbsp,5.0
173453,1.0,,tbsp,15.0
173454,0.25,,cup,32.0
173454,1.0,,cup,128.0
173455,1.0,,slice 3/4 oz,21.0
173455,1.0,,slice 2/3 oz,19.0
173456,0.5,,container (4 oz),113.0
173456,1.0,,cup (8 fl oz),245.0
173456,1.0,,container (5 oz),142.0
173456,1.0,,container (4.4 oz),125.0
173456,1.0,,container (8 oz),227.0
173456,1.0,,container (6 oz),170.0
173457,1.0,,container (8 oz),227.0
173457,1.0,,"container, Dannon Sprinkl'ins (4.1 oz)",116.0
173457,0.5,,container (4 oz),113.0
173457,1.0,,container (6 oz),170.0
173457,1.0,,cup (8 fl oz),245.0
173458,1.0,,container (4.4 oz),125.0
173458,1.0,,container (6 oz),170.0
173458,1.0,,cup (8 fl oz),245.0
173458,1.0,,container (8 oz),227.0
173459,1.0,,tbsp,11.0
173460,2.0,,scoop,50.0
173461,1.0,,tbsp,19.0
173462,0.25,,cup,60.0
173462,1.0,,cup,240.0
173463,1.0,,container,170.0
173464,0.5,,cup,68.0
173465,0.5,,cup,86.0
173466,1.0,,bar,50.0
173467,0.5,,cup,68.0
173468,1.0,,cup,292.0
173468,1.0,,tsp,6.0
173468,1.0,,tbsp,18.0
173468,1.0,,dash,0.4
173469,1.0,,tsp,5.0
173469,1.0,,tbsp,14.9
173469,1.0,,cup,239.0
173470,1.0,,tsp,0.8
173470,0.5,,tsp,0.4
173471,1.0,,tsp,4.2
173471,1.0,,cup,208.0
173471,1.0,,tbsp,13.0
173472,1.0,,tsp,5.0
173472,1.0,,tbsp,15.0
173473,1.0,,tbsp,1.7
173473,1.0,,tsp,0.7
173474,2.0,,leaves,0.1
173474,2.0,,tbsp,3.2
173475,2.0,,tbsp,11.4
173475,2.0,,leaves,0.3
173476,1.33,,tbsp,9.0
173477,1.0,,bar,36.0
173478,1.0,,packet,28.0
173479,1.0,,jar,71.0
173479,1.0,,tbsp,14.7
173479,1.0,,oz,28.35
173480,1.0,,oz,28.35
173480,1.0,,jar,71.0
173481,1.0,,oz,28.35
173481,1.0,,jar,71.0
173481,1.0,,container,70.0
173481,1.0,,tbsp,22.0
173482,1.0,,oz,28.35
173482,1.0,,jar,71.0
173483,1.0,,jar Beech-Nut Stage 1 (2.5 oz),71.0
173483,1.0,,jar,71.0
173483,1.0,,jar Gerber Second Foods (2.5 oz),71.0
173483,1.0,,jar Heinz Strained-2 (2.5 oz),71.0
173483,1.0,,oz,28.35
173483,1.0,,tbsp,15.0
173484,1.0,,jar,71.0
173484,1.0,,stick,10.0
173484,1.0,,jar Gerber Graduate (2.5 oz),71.0
173485,1.0,,bar,9.9
173486,1.0,,jar,71.0
173486,1.0,,jar Gerber Graduate (2.5 oz),71.0
173486,1.0,,stick,10.0
173487,1.0,,serving,99.0
173488,1.0,,oz,28.35
173488,1.0,,jar,170.0
173489,1.0,,jar,170.0
173489,1.0,,oz,28.35
173490,1.0,,jar Beech-Nut Stage 2 (4 oz),113.0
173490,1.0,,oz,28.35
173490,1.0,,tbsp,16.0
173490,1.0,,jar Gerber Second Food (4 oz),113.0
173490,1.0,,jar,113.0
173490,1.0,,jar Heinz Strained-2 (4 oz),113.0
173491,1.0,,oz,28.35
173491,1.0,,tbsp,16.0
173491,1.0,,jar,170.0
173491,1.0,,jar Gerber Third Foods (6 oz),170.0
173491,1.0,,jar Beech-Nut Stage 3 (6 oz),170.0
173492,1.0,,jar,170.0
173492,1.0,,oz,28.35
173492,1.0,,tbsp,16.0
173492,1.0,,jar Gerber Third Foods (6 oz),170.0
173492,1.0,,jar Heinz Junior-3 (6 oz),170.0
173492,1.0,,jar Beech-Nut Stage 3 (6 oz),170.0
173493,1.0,,oz,28.35
173493,1.0,,jar,170.0
173494,1.0,,jar Gerber Second Food (4 oz),113.0
173494,1.0,,oz,28.35
173494,1.0,,tbsp,16.0
173494,1.0,,jar Beech-Nut Stage 2 (4 oz),113.0
173494,1.0,,jar Earth's Best (4.5 oz),128.0
173494,1.0,,jar Heinz Strained-2 (4 oz),113.0
173494,1.0,,cup,256.0
173494,1.0,,jar,113.0
173495,1.0,,jar Gerber Third Foods (6 oz),170.0
173495,1.0,,oz,28.35
173495,1.0,,cup,256.0
173495,1.0,,jar,170.0
173495,1.0,,jar Heinz Junior-3 (6 oz),170.0
173495,1.0,,tbsp,16.0
173495,1.0,,jar Beech-Nut Stage 3 (6 oz),170.0
173496,1.0,,jar,113.0
173496,1.0,,oz,28.35
173496,1.0,,tbsp,16.0
173496,1.0,,jar Beech-Nut Stage 2 (4 oz),113.0
173496,1.0,,jar Heinz Strained-2 (4 oz),113.0
173497,1.0,,jar,170.0
173497,1.0,,tbsp,16.0
173497,1.0,,oz,28.35
173497,1.0,,jar,170.0
173498,1.0,,jar Beech-Nut Stage 2 (4 oz),113.0
173498,1.0,,oz,28.35
173498,1.0,,jar Heinz Strained-2 (4 oz),113.0
173498,1.0,,cup,256.0
173498,1.0,,tbsp,16.0
173498,1.0,,jar Gerber Second Food (4 oz),113.0
173498,1.0,,jar,113.0
173499,1.0,,jar,113.0
173499,1.0,,oz,28.35
173500,1.0,,oz,28.35
173500,1.0,,jar,170.0
173500,1.0,,jar Gerber Third Foods (6 oz),170.0
173500,1.0,,jar Beech-Nut Stage 3 (6 oz),170.0
173500,1.0,,tbsp,16.0
173500,1.0,,jar Heinz Junior-3 (6 oz),170.0
173501,1.0,,jar Gerber Second Food (4 oz),113.0
173501,1.0,,cup,256.0
173501,1.0,,tbsp,16.0
173501,1.0,,jar Earth's Best (4.5 oz),113.0
173501,1.0,,jar,113.0
173501,1.0,,oz,28.35
173502,1.0,,tbsp,16.0
173502,1.0,,jar,170.0
173502,1.0,,cup,256.0
173502,1.0,,oz,28.35
173502,1.0,,jar Gerber Third Foods (6 oz),170.0
173503,1.0,,oz,28.35
173503,1.0,,jar,113.0
173504,1.0,,"jar, Gerber (4 oz)",113.0
173505,1.0,,jar Heinz Strained-2 (4 oz),113.0
173505,1.0,,jar,113.0
173505,1.0,,oz,28.35
173505,1.0,,cup,224.0
173505,1.0,,tbsp,14.0
173505,1.0,,jar Gerber Second Food (4 oz),113.0
173506,1.0,,jar Beech-Nut Stage I (4 oz),113.0
173506,1.0,,jar,113.0
173506,1.0,,jar Beech-Nut Baby's First (2.5 oz),71.0
173506,1.0,,jar Gerber Second Food (4 oz),113.0
173506,1.0,,jar Heinz Strained-2 (4 oz),113.0
173506,1.0,,cup,224.0
173506,1.0,,jar Gerber First Foods (2.5 oz),71.0
173506,1.0,,jar Heinz Beginner-1 (2.5 oz),71.0
173506,1.0,,oz,28.35
173506,1.0,,tbsp,14.0
173506,1.0,,jar Earth's Best (4.5 oz),128.0
173507,1.0,,jar Heinz Junior-3 (6 oz),170.0
173507,1.0,,cup,224.0
173507,1.0,,oz,28.35
173507,1.0,,jar Beech-Nut Stage 3 (6 oz),170.0
173507,1.0,,jar,170.0
173507,1.0,,jar Gerber Third Foods (6 oz),170.0
173507,1.0,,tbsp,14.0
173508,1.0,,jar Gerber Graduate (4.5 oz),71.0
173508,1.0,,cup,163.0
173508,1.0,,tbsp,10.0
173509,0.0,,cup,16.0
173510,1.0,,"jar, Gerber (4 oz)",113.0
173511,1.0,,oz,28.35
173512,1.0,,jar Gerber First Foods (2.5 oz),71.0
173512,1.0,,oz,28.35
173512,1.0,,tbsp,16.0
173512,1.0,,jar,113.0
173512,1.0,,jar Heinz Beginner-1 (2.5 oz),71.0
173512,1.0,,jar Beech-Nut Stage I (4 oz),113.0
173512,1.0,,jar Earth's Best (4.5 oz),128.0
173512,1.0,,jar Heinz Strained-2 (4 oz),113.0
173512,1.0,,jar Gerber Second Food (4 oz),113.0
173512,1.0,,jar Beech-Nut Baby's First (2.5 oz),71.0
173513,1.0,,oz,28.35
173513,1.0,,tbsp,16.0
173513,1.0,,jar,170.0
173513,1.0,,jar Gerber Third Foods (6 oz),170.0
173513,1.0,,cup,256.0
173513,1.0,,jar Beech-Nut Stage 3 (6 oz),170.0
173514,1.0,,jar,113.0
173514,1.0,,oz,28.35
173515,1.0,,oz,28.35
173515,1.0,,jar,113.0
173516,1.0,,tbsp,16.0
173516,1.0,,jar,170.0
173516,1.0,,jar Gerber Third Foods (6 oz),170.0
173516,1.0,,jar Heinz Junior-3 (6 oz),170.0
173516,1.0,,jar Beech-Nut Stage 3 (6 oz),170.0
173516,1.0,,oz,28.35
173517,1.0,,jar NFS,113.0
173517,1.0,,tbsp,15.0
173517,1.0,,jar Gerber Second Food (4 oz),113.0
173518,1.0,,jar NFS,113.0
173518,1.0,,tbsp,15.0
173518,1.0,,jar Gerber Second Food (4 oz),113.0
173519,8.0,,oz,227.0
173519,4.0,,oz,113.0
173520,1.0,,serving,7.0
173521,1.0,,tbsp,16.0
173521,1.0,,jar Beech-Nut Stage 2 (4 oz),113.0
173522,1.0,,fl oz,30.5
173523,1.0,,scoop,8.8
173524,1.0,,fl oz,30.5
173525,1.0,,fl oz,30.0
173526,1.0,,scoop,9.3
173527,100.0,,ml,1.0
173528,1.0,,oz,28.35
173529,1.0,,oz,28.35
173530,1.0,,oz,28.35
173531,1.0,,oz,28.35
173532,1.0,,oz,28.35
173533,1.0,,oz,28.35
173534,1.0,,oz,28.35
173535,1.0,,fl oz,31.4
173536,1.0,,scoop,8.7
173537,1.0,,fl oz,31.3
173538,1.0,,scoop,8.8
173539,1.0,,serving 100 ml,104.0
173539,1.0,,fl oz,30.8
173540,1.0,,Serving 100 ml,106.0
173540,1.0,,fl oz,30.5
173541,1.0,,fl oz,30.5
173542,1.0,,fl oz,31.4
173543,1.0,,scoop,8.7
173544,1.0,,fl oz,31.6
173545,1.0,,scoop,8.8
173546,1.0,,scoop,8.5
173547,1.0,,fl oz,31.3
173548,1.0,,fl oz,30.5
173548,1.0,,serving 100 ml,106.0
173549,1.0,,oz,29.0
173550,1.0,,fl oz,31.0
173551,1.0,,scoop,8.5
173552,1.0,,scoop,9.3
173553,1.0,,fl oz,30.5
173554,1.0,,scoop,8.4
173555,1.0,,fl oz,30.4
173556,1.0,,fl oz,31.4
173557,1.0,,scoop,8.7
173558,1.0,,fl oz,30.5
173559,1.0,,fl oz,30.5
173560,1.0,,fl oz,30.4
173561,1.0,,scoop,8.5
173562,1.0,,cup,245.0
173562,1.0,,tbsp,15.0
173563,1.0,,cup,218.0
173563,1.0,,tablespoon,13.6
173563,1.0,,tsp,4.5
173564,1.0,,cup,205.0
173564,1.0,,tbsp,12.8
173565,1.0,,tablespoon,13.6
173565,1.0,,tsp,4.5
173565,1.0,,cup,218.0
173566,1.0,,cup,205.0
173566,1.0,,tbsp,12.8
173567,1.0,,tbsp,12.8
173567,1.0,,cup,205.0
173568,1.0,,cup,205.0
173568,1.0,,tbsp,12.8
173569,1.0,,cup,205.0
173569,1.0,,tbsp,12.8
173570,1.0,,tbsp,13.6
173570,1.0,,tsp,4.5
173570,1.0,,cup,218.0
173571,1.0,,cup,205.0
173571,1.0,,tsp,4.3
173571,1.0,,tbsp,12.8
173572,1.0,,tbsp,12.8
173572,1.0,,cup,205.0
173573,1.0,,tsp,4.5
173573,1.0,,tbsp,14.0
173573,1.0,,cup,218.0
173574,1.0,,cup,205.0
173574,1.0,,tbsp,12.8
173575,1.0,,tbsp,12.8
173575,1.0,,cup,205.0
173576,1.0,,cup,218.0
173576,1.0,,tbsp,13.6
173576,1.0,,tsp,4.5
173577,1.0,,cup,218.0
173577,1.0,,tsp,4.5
173577,1.0,,tbsp,13.6
173578,1.0,,cup,218.0
173578,1.0,,tsp,4.5
173578,1.0,,tbsp,13.6
173579,1.0,,tbsp,12.8
173579,1.0,,cup,205.0
173580,1.0,,tablespoon,14.0
173581,1.0,,tablespoon,14.0
173582,1.0,,tbsp,14.0
173582,1.0,,tsp,4.8
173582,1.0,,cup,229.0
173583,1.0,,cup,229.0
173583,1.0,,tsp,4.8
173583,1.0,,tbsp,14.3
173584,1.0,,tbsp,12.8
173584,1.0,,cup,205.0
173585,1.0,,tbsp,14.2
173585,1.0,,stick,113.0
173585,1.0,,"pat (1"" sq, 1/3"" high)",5.0
173585,1.0,,cup,227.0
173586,1.0,,tablespoon,14.0
173587,1.0,,tbsp,14.0
173588,1.0,,tbsp (1 NLEA serving),14.0
173590,1.0,,tbsp,14.0
173590,1.0,,cup,231.0
173591,1.0,,tablespoon,14.0
173592,1.0,,serving,30.0
173592,1.0,,tablespoon,15.0
173593,1.0,,serving (2 tbsp),30.0
173593,1.0,,tablespoon,15.0
173594,1.0,,tablespoon,15.0
173595,1.0,,tbsp,13.6
173595,1.0,,cup,218.0
173595,1.0,,tsp,4.5
173596,1.0,,cup,218.0
173596,1.0,,tsp,4.5
173596,1.0,,tbsp,13.6
173597,1.0,,tbsp,13.6
173597,1.0,,cup,218.0
173597,1.0,,tsp,4.5
173598,1.0,,tbsp,13.6
173598,1.0,,cup,218.0
173598,1.0,,tsp,4.5
173599,1.0,,tbsp,14.0
173600,1.0,,cup,218.0
173600,1.0,,tsp,4.5
173600,1.0,,tbsp,13.6
173601,1.0,,cup,218.0
173601,1.0,,tsp,4.5
173601,1.0,,tbsp,13.6
173602,1.0,,cup,218.0
173602,1.0,,tbsp,13.6
173602,1.0,,tsp,4.5
173603,1.0,,tsp,4.5
173603,1.0,,cup,218.0
173603,1.0,,tbsp,13.6
173604,1.0,,tsp,4.5
173604,1.0,,tbsp,13.6
173604,1.0,,cup,218.0
173605,1.0,,tbsp,14.0
173606,1.0,,cup,205.0
173606,1.0,,tbsp,12.8
173607,1.0,,cup,205.0
173607,1.0,,tbsp,12.8
173608,1.0,,tablespoon,14.0
173609,1.0,,tablespoon,14.0
173610,1.0,,tablespoon,14.0
173611,1.0,,"drumstick, bone removed",49.0
173611,1.0,,unit (yield from 1 lb ready-to-cook chicken),29.0
173612,1.0,,drumstick without skin,96.0
173612,1.0,,drumstick with skin (yield from 1 lb ready-to-cook chicken),105.0
173612,3.0,,oz,85.0
173613,1.0,,"drumstick, bone removed",57.0
173613,1.0,,unit (yield from 1 lb ready-to-cook chicken),34.0
173613,1.0,,"cup, chopped or diced",140.0
173614,4.0,,oz,113.0
173614,1.0,,drumstick without skin,122.0
173614,1.0,,drumstick  with skin,130.0
173615,1.0,,unit (yield from 1 lb ready-to-cook chicken),95.0
173615,1.0,,"leg, bone removed",158.0
173616,1.0,,"leg, bone removed",112.0
173616,1.0,,unit (yield from 1 lb ready-to-cook chicken),67.0
173617,1.0,,thigh with skin,133.0
173617,1.0,,"leg, with skin (Sum of drumstick+thigh+back)",258.0
173617,1.0,,back with skin,35.0
173617,1.0,,drumstick with skin,91.0
173617,3.0,,oz,85.0
173618,1.0,,unit (yield from 1 lb ready-to-cook chicken),75.0
173618,1.0,,"leg, bone removed",125.0
173618,1.0,,"cup, chopped or diced",140.0
173619,1.0,,drumstick bone and skin removed,88.0
173619,1.0,,thigh bone and skin removed,147.0
173619,1.0,,"leg, bone and skin removed (Sum of drumstick+thigh+back meat only)",265.0
173619,1.0,,back bone and skin removed,30.0
173619,4.0,,oz,113.0
173620,1.0,,unit (yield from 1 lb ready-to-cook chicken),16.0
173620,1.0,,"neck, bone removed",52.0
173621,1.0,,"neck, bone removed",36.0
173621,1.0,,unit (yield from 1 lb ready-to-cook chicken),11.0
173622,1.0,,unit (yield from 1 lb ready-to-cook chicken),11.0
173622,1.0,,"neck, bone removed",38.0
173623,1.0,,"neck, bone and skin removed",20.0
173623,1.0,,unit (yield from 1 lb ready-to-cook chicken),6.0
173624,1.0,,unit (yield from 1 lb ready-to-cook chicken),38.0
173624,1.0,,"thigh, bone removed",62.0
173625,1.0,,thigh with skin,137.0
173625,1.0,,thigh without skin,116.0
173625,3.0,,oz,85.0
173626,1.0,,"thigh, bone removed",68.0
173626,1.0,,unit (yield from 1 lb ready-to-cook chicken),41.0
173627,4.0,,oz,113.0
173627,1.0,,thigh without skin,149.0
173628,1.0,,unit (yield from 1 lb ready-to-cook chicken),29.0
173628,1.0,,"wing, bone removed",49.0
173629,1.0,,"wing, bone removed",32.0
173629,1.0,,unit (yield from 1 lb ready-to-cook chicken),19.0
173630,1.0,,piece,85.0
173630,3.0,,oz,85.0
173631,1.0,,"cup, chopped or diced",140.0
173631,1.0,,"wing, bone removed",40.0
173631,1.0,,unit (yield from 1 lb ready-to-cook chicken),24.0
173632,1.0,,"wing, bone and skin removed",29.0
173632,1.0,,"wing, bone and skin removed (yield from 1 lb ready-to-cook chicken)",17.0
173633,1.0,,unit (yield from 1 lb ready-to-cook chicken),235.0
173633,1.0,,chicken,1072.0
173633,3.0,,oz,85.0
173634,1.0,,bird,4405.0
173634,3.0,,oz,85.0
173634,1.0,,breast,635.0
173635,0.5,,"chicken, bone removed",480.0
173635,3.0,,oz,85.0
173635,1.0,,unit (yield from 1 lb ready-to-cook chicken),210.0
173636,3.0,,oz,85.0
173636,1.0,,unit (yield from 1 lb ready-to-cook chicken),209.0
173636,0.5,,"chicken, bone and skin removed",477.0
173637,1.0,,unit (yield from 1 lb ready-to-cook chicken),78.0
173637,1.0,,"cup, chopped or diced",140.0
173638,1.0,,unit (yield from 1 lb ready-to-cook chicken),113.0
173638,0.5,,"chicken, bone and skin removed",258.0
173639,1.0,,"cup, chopped or diced",140.0
173639,1.0,,unit (yield from 1 lb ready-to-cook chicken),94.0
173640,3.0,,oz,85.0
173640,1.0,,chicken,905.0
173641,1.0,,unit (yield from 1 lb ready-to-cook chicken),28.0
173641,1.0,,giblets,81.0
173642,1.0,,unit (yield from 1 lb ready-to-cook chicken),17.0
173642,1.0,,"cup, chopped or diced",145.0
173643,0.5,,"chicken, bone and skin removed",130.0
173643,1.0,,unit (yield from 1 lb ready-to-cook chicken),89.0
173644,1.0,,"cup, chopped or diced",140.0
173644,1.0,,unit (yield from 1 lb ready-to-cook chicken),64.0
173645,3.0,,oz,85.0
173645,1.0,,unit (yield from 1 lb ready-to cook capon),297.0
173645,0.5,,"capon, bone removed",964.0
173646,3.0,,oz,85.0
173646,1.0,,unit (yield from 1 lb ready-to cook capon),196.0
173646,0.5,,"capon, bone removed",637.0
173647,1.0,,liter,1000.0
173647,1.0,,serving 8 fl oz,237.0
173647,1.0,,fl oz,29.6
173648,6.0,,fl oz,185.0
173649,1.0,,packet (.75 oz),21.0
173649,1.0,,envelope,21.0
173650,1.0,,serving,243.0
173651,1.0,,can,424.0
173651,1.0,,fl oz,35.3
173652,1.0,,fl oz,31.0
173652,8.0,,fl oz,248.0
173653,1.0,,can (12 fl oz),435.0
173653,1.0,,fl oz,36.2
173654,1.0,,fl oz,29.6
173654,8.0,,fl oz,237.0
173655,1.0,,bottle 25 fl oz,739.0
173655,1.0,,fl oz,29.6
173655,1.0,,bottle 500 ml,500.0
173655,1.0,,bottle 11.2 fl oz,331.0
173656,1.0,,fl oz,29.6
173656,1.0,,bottle 16.9 fl oz i,500.0
173656,1.0,,bottle 24 fl oz,710.0
173657,1.0,,fl oz,29.6
173658,1.0,,fl oz,29.6
173658,1.0,,bottle 8.5 fl oz,251.0
173659,1.0,,cup powder,207.0
173659,1.0,,scoop powder,23.0
173660,1.0,,bottle,609.0
173660,1.0,,fl oz,30.5
173660,8.0,,fl oz,244.0
173661,1.0,,fl oz,32.3
173662,2.0,,fl oz,65.0
173662,1.0,,portion (2 oz mix + 1.5 oz whiskey),106.0
173662,1.0,,fl oz,30.4
173663,1.5,,fl oz,42.0
173663,1.0,,fl oz,27.8
173664,1.5,,fl oz,42.0
173664,1.0,,fl oz,27.8
173665,1.0,,fl oz,34.8
173665,1.5,,fl oz,52.0
173666,1.0,,fl oz,36.4
173666,1.0,,can (12 fl oz),437.0
173666,1.0,,can (6 fl oz),218.0
173667,1.0,,bottle 8 fl oz,247.0
173667,1.0,,fl oz,30.9
173668,1.0,,"oz, boneless",28.35
173668,1.0,,"cubic inch, boneless",17.0
173668,1.0,,"fillet, large (7"" x 2-1/4"" x 1/4"")",65.0
173668,1.0,,"fillet, small (2-3/8"" x 1-3/8"" x 1/4"")",20.0
173668,1.0,,"fillet, medium (5"" x 1-3/4"" x 1/4"")",40.0
173669,3.0,,oz,85.0
173669,1.0,,fillet,184.0
173670,3.0,,oz,85.0
173670,1.0,,fillet,193.0
173671,0.5,,fillet,193.0
173671,3.0,,oz,85.0
173672,1.0,,fillet,225.0
173672,3.0,,oz,85.0
173673,1.0,,fillet,187.0
173673,3.0,,oz,85.0
173674,1.0,,fillet,146.0
173674,3.0,,oz,85.0
173675,3.0,,oz,85.0
173676,3.0,,oz,85.0
173677,0.5,,fillet,176.0
173677,3.0,,oz,85.0
173678,1.0,,fillet,60.0
173678,3.0,,oz,85.0
173679,3.0,,oz,85.0
173679,1.0,,fillet,46.0
173680,3.0,,oz,85.0
173680,0.5,,fillet,198.0
173681,3.0,,oz,85.0
173681,1.0,,fillet,60.0
173682,3.0,,oz,85.0
173682,1.0,,fillet,112.0
173682,1.0,,"oz, boneless",28.35
173683,1.0,,fillet,88.0
173683,3.0,,oz,85.0
173684,3.0,,oz,85.0
173684,1.0,,fillet,191.0
173685,1.0,,oz,28.35
173685,3.0,,oz,85.0
173686,3.0,,oz,85.0
173686,0.5,,fillet,198.0
173687,3.0,,oz,85.0
173687,1.0,,"cubic inch, boneless",17.0
173687,1.0,,"oz, boneless",28.35
173687,1.0,,"cup, cooked",136.0
173688,0.5,,fillet,198.0
173688,3.0,,oz,85.0
173689,0.5,,fillet,198.0
173689,3.0,,oz,85.0
173690,3.0,,oz,85.0
173690,1.0,,can,411.0
173691,1.0,,"oz, boneless",28.35
173691,0.5,,fillet,198.0
173691,3.0,,oz,85.0
173692,3.0,,oz,85.0
173692,0.5,,fillet,155.0
173693,1.0,,can,337.0
173693,3.0,,oz,85.0
173694,1.0,,fillet,101.0
173694,3.0,,oz,85.0
173695,1.0,,fillet,238.0
173695,3.0,,oz,85.0
173696,3.0,,oz,85.0
173696,1.0,,fillet,184.0
173697,3.0,,oz,85.0
173698,1.0,,fillet,218.0
173698,3.0,,oz,85.0
173699,1.0,,fillet,170.0
173699,3.0,,oz,85.0
173700,3.0,,oz,85.0
173700,1.0,,fillet,64.0
173701,3.0,,oz,85.0
173702,1.0,,oz,28.35
173702,3.0,,oz,85.0
173703,3.0,,oz,85.0
173703,1.0,,"piece (4-1/2"" x 2-1/8"" x 7/8"")",136.0
173704,1.0,,piece,106.0
173704,3.0,,oz,85.0
173705,0.5,,fillet,193.0
173705,3.0,,oz,85.0
173706,3.0,,oz,85.0
173707,3.0,,oz,85.0
173708,1.0,,oz,28.35
173708,3.0,,oz,85.0
173708,1.0,,"can (12.5 oz), drained",321.0
173708,1.0,,can,171.0
173708,1.0,,"cup, solid or chunks",146.0
173709,3.0,,oz,85.0
173709,1.0,,can,165.0
173709,1.0,,"can (12.5 oz), drained",315.0
173709,1.0,,"cup, solid or chunks",154.0
173709,1.0,,oz,28.35
173710,0.5,,fillet,204.0
173710,3.0,,oz,85.0
173711,3.0,,oz,85.0
173711,1.0,,fillet,198.0
173712,3.0,,oz,85.0
173712,1.0,,"cubic inch, boneless",17.0
173712,1.0,,"oz, boneless",28.35
173712,1.0,,"cup, cooked",136.0
173713,3.0,,oz,85.0
173713,1.0,,fillet,92.0
173714,1.0,,fillet,143.0
173714,3.0,,oz,85.0
173715,3.0,,oz,85.0
173715,1.0,,fillet,159.0
173716,1.0,,fillet,143.0
173716,3.0,,oz,85.0
173717,1.0,,fillet,79.0
173717,3.0,,oz,85.0
173718,1.0,,fillet,71.0
173718,3.0,,oz,85.0
173719,0.5,,fillet,178.0
173719,3.0,,oz,85.0
173720,1.0,,"cup, sliced",127.0
173720,1.0,,"oz cooked, yield",17.0
173721,1.0,,oz,28.35
173722,1.0,,oz,28.35
173723,1.0,,"can drained solids, bone and skin removed",247.0
173723,3.0,,oz,85.0
173724,3.0,,oz,85.0
173724,1.0,,"can drained solids, bone and skin removed",242.0
173725,3.0,,oz,85.0
173726,3.0,,oz,85.0
173727,1.0,,cup,197.0
173728,1.0,,cup,230.0
173729,1.0,,cup,296.0
173730,1.0,,slice,14.0
173731,1.0,,cup,253.0
173732,1.0,,cup,249.0
173733,1.0,,cup,246.0
173734,1.0,,cup,194.0
173734,1.0,,tbsp,12.1
173735,1.0,,cup,172.0
173736,1.0,,cup,177.0
173737,1.0,,cup,260.0
173738,1.0,,cup,184.0
173739,1.0,,cup,177.0
173740,1.0,,cup,177.0
173740,1.0,,tbsp,11.0
173741,1.0,,cup,256.0
173742,1.0,,cup,184.0
173743,1.0,,cup,177.0
173744,1.0,,cup,184.0
173744,1.0,,tbsp,12.2
173745,1.0,,cup,208.0
173746,1.0,,cup,182.0
173747,1.0,,cup,262.0
173748,1.0,,cup,210.0
173749,1.0,,cup,215.0
173750,1.0,,cup,179.0
173751,1.0,,cup,196.0
173752,1.0,,cup,177.0
173753,1.0,,cup,170.0
173754,1.0,,cup,256.0
173755,1.0,,tbsp,6.0
173755,1.0,,cup,103.0
173756,1.0,,tbsp,12.5
173756,1.0,,cup,200.0
173757,1.0,,cup,164.0
173758,1.0,,tbsp,10.5
173758,1.0,,cup,167.0
173759,1.0,,cup,171.0
173760,1.0,,cup,240.0
173761,1.0,,cup,240.0
173762,0.2,,package,79.0
173763,0.2,,package,79.0
173764,0.2,,package,91.0
173765,1.0,,cup,243.0
173766,1.0,,cup,243.0
173767,1.0,,cup,243.0
173768,1.0,,cup,243.0
173769,1.0,,cup,243.0
173770,1.0,,cup,243.0
173771,1.0,,cup,243.0
173772,1.0,,cup,243.0
173773,1.0,,cup,243.0
173774,1.0,,cup,243.0
173775,0.5,,cup,122.0
173776,1.0,,cup,243.0
173777,1.0,,cup,243.0
173778,1.0,,container,170.0
173779,1.0,,container,170.0
173780,1.0,,container,170.0
173781,1.0,,container,170.0
173782,1.0,,tbsp,15.0
173783,0.2,,package,79.0
173784,0.2,,package,91.0
173785,3.0,,oz,85.0
173786,0.2,,package,91.0
173787,3.0,,oz,84.0
173787,2.0,,oz,56.0
173788,3.0,,oz,84.0
173788,2.0,,oz,56.0
173789,1.0,,cup,230.0
173790,1.0,,cup,177.0
173791,1.0,,cup,262.0
173792,1.0,,cup,177.0
173793,1.0,,cup,177.0
173794,1.0,,cup,182.0
173795,1.0,,cup,169.0
173796,1.0,,cup,171.0
173797,1.0,,cup,169.0
173797,1.0,,can,258.0
173798,1.0,,cup,170.0
173799,1.0,,cup,164.0
173800,1.0,,can drained,253.0
173801,1.0,,"cup drained, rinsed",152.0
173801,1.0,,"can drained, rinsed",254.0
173802,1.0,,cup,188.0
173803,1.0,,cup,182.0
173804,1.0,,cup,166.0
173805,1.0,,cup,177.0
173806,1.0,,oz,28.35
173806,1.0,,cup,146.0
173806,1.0,,peanut,1.0
173807,1.0,,oz,28.35
173807,1.0,,cup,147.0
173808,1.0,,cup,144.0
173808,1.0,,oz,28.35
173809,1.0,,oz,28.35
173809,1.0,,cup,143.0
173810,1.0,,serving,115.0
173810,4.0,,oz,113.0
173811,1.0,,"chop, excluding refuse (yield from 1 raw chop, with refuse, weighing 85 g)",30.0
173811,3.0,,oz,85.0
173812,4.0,,oz,113.0
173812,1.0,,serving,115.0
173813,1.0,,serving,85.0
173813,3.0,,oz,85.0
173814,1.0,,"piece, cooked, excluding refuse (yield from 1 lb raw meat with refuse)",157.0
173814,3.0,,oz,85.0
173815,1.0,,oz,28.35
173815,1.0,,lb,453.6
173816,1.0,,"piece, cooked, excluding refuse (yield from 1 lb raw meat with refuse)",209.0
173816,3.0,,oz,85.0
173817,1.0,,oz,28.35
173817,1.0,,lb,453.6
173818,1.0,,"unit, cooked (yield from 1 lb raw meat)",272.0
173818,3.0,,oz,85.0
173819,3.0,,oz,85.0
173819,1.0,,"unit, cooked (yield from 1 lb raw meat)",295.0
173820,3.0,,oz,85.0
173820,1.0,,"unit, cooked (yield from 1 lb raw meat)",304.0
173821,3.0,,oz,85.0
173821,1.0,,"unit, cooked (yield from 1 lb raw meat)",358.0
173822,3.0,,oz,85.0
173822,1.0,,"piece, cooked, excluding refuse (yield from 1 lb raw meat with refuse)",351.0
173823,4.0,,oz,113.0
173823,1.0,,roast,1495.0
173824,1.0,,"chop, excluding refuse (yield from 1 raw chop, with refuse, weighing 195 g)",80.0
173824,3.0,,oz,85.0
173825,1.0,,"piece, cooked, excluding refuse (yield from 1 lb raw meat with refuse)",229.0
173825,3.0,,oz,85.0
173826,1.0,,roast,1495.0
173826,1.0,,oz,28.35
173826,4.0,,oz,113.0
173827,1.0,,"piece, cooked, excluding refuse (yield from 1 lb raw meat with refuse)",240.0
173827,3.0,,oz,85.0
173828,1.0,,oz,28.35
173828,1.0,,lb,453.6
173829,3.0,,oz,85.0
173829,1.0,,"piece, cooked, excluding refuse (yield from 1 lb raw meat with refuse)",163.0
173830,1.0,,"piece, cooked, excluding refuse (yield from 1 lb raw meat with refuse)",215.0
173830,3.0,,oz,85.0
173831,3.0,,oz,85.0
173831,1.0,,"piece, cooked, excluding refuse (yield from 1 lb raw meat with refuse)",182.0
173832,1.0,,"piece, cooked, excluding refuse (yield from 1 lb raw meat with refuse)",251.0
173832,3.0,,oz,85.0
173833,1.0,,"steak, excluding refuse (yield from 1 raw steak, with refuse, weighing 385 g)",304.0
173833,1.0,,oz,28.35
173834,3.0,,oz,85.0
173834,1.0,,"steak, excluding refuse (yield from 1 raw steak, with refuse, weighing 385 g)",173.0
173835,1.0,,chop,450.0
173835,4.0,,oz,113.0
173836,1.0,,"piece, cooked, excluding refuse (yield from 1 lb raw meat with refuse)",186.0
173836,3.0,,oz,85.0
173837,3.0,,oz,85.0
173837,1.0,,"piece, cooked, excluding refuse (yield from 1 lb raw meat with refuse)",244.0
173838,1.0,,chop,450.0
173838,1.0,,oz,28.35
173838,4.0,,oz,113.0
173839,1.0,,"piece, cooked, excluding refuse (yield from 1 lb raw meat with refuse)",174.0
173839,3.0,,oz,85.0
173840,1.0,,lb,453.6
173840,1.0,,oz,28.35
173841,3.0,,oz,85.0
173841,1.0,,"piece, cooked, excluding refuse (yield from 1 lb raw meat with refuse)",183.0
173842,3.0,,oz,85.0
173842,1.0,,"piece, cooked, excluding refuse (yield from 1 lb raw meat with refuse)",251.0
173843,1.0,,lb,453.6
173843,1.0,,oz,28.35
173844,1.0,,"piece, cooked (yield from 1 lb raw meat, boneless)",340.0
173844,3.0,,oz,85.0
173845,1.0,,oz,28.35
173845,1.0,,lb,453.6
173846,1.0,,"piece, cooked (yield from 1 lb raw meat, boneless)",277.0
173846,3.0,,oz,85.0
173847,3.0,,oz,85.0
173848,1.0,,"piece, cooked (yield from 1 lb raw meat, boneless)",340.0
173848,3.0,,oz,85.0
173849,4.0,,oz,113.0
173850,4.0,,oz,113.0
173850,1.0,,roast with bone,325.0
173851,1.0,,oz,28.35
173851,1.0,,lb,453.6
173852,1.0,,"piece, cooked (yield from 1 lb raw meat, boneless)",340.0
173852,3.0,,oz,85.0
173853,1.0,,lb,453.6
173853,1.0,,oz,28.35
173854,3.0,,oz,85.0
173854,1.0,,"piece, cooked (yield from 1 lb raw meat, boneless)",340.0
173855,1.0,,lb,453.6
173855,1.0,,oz,28.35
173856,1.0,,"slice (4"" dia x 1/8"" thick)",23.0
173856,1.0,,"slice, medium (4-1/2"" dia x 1/8"" thick) (1 oz)",28.0
173857,1.0,,package,454.0
173857,1.0,,serving,28.0
173857,0.99,,oz 1 serving,28.0
173858,1.0,,serving (1 serving),56.0
173859,1.0,,"link (4"" long)",60.0
173859,1.0,,oz,28.35
173860,1.0,,"slice (1 oz) (4"" x 4"" x 3/32"" thick)",28.0
173860,2.0,,slices,57.0
173861,1.0,,slice,38.0
173862,1.0,,package,446.0
173862,1.0,,hot dog,49.0
173863,1.0,,slice,13.0
173864,1.0,,slice,28.0
173864,56.0,,grams 1 serving,56.0
173865,1.0,,"slice (4-1/4"" x 4-1/4"" x 1/16"")",21.0
173865,1.0,,oz,28.35
173866,1.0,,oz,28.35
173866,1.0,,tbsp,15.0
173867,1.0,,oz,28.35
173867,1.0,,link,72.0
173868,2.0,,oz,57.0
173868,1.0,,serving 2 slices,57.0
173868,1.0,,oz,28.35
173869,1.0,,oz,28.35
173869,1.0,,slice,38.0
173870,1.0,,oz,28.35
173870,1.0,,"slice (2-1/2"" dia x 1/4"" thick)",18.0
173871,1.0,,serving,57.0
173872,1.0,,slice,28.0
173872,1.0,,serving,28.0
173873,1.0,,slice,28.0
173873,1.0,,serving,28.0
173874,1.0,,slice,12.0
173875,1.0,,frankfurter,51.0
173876,1.0,,link,23.0
173876,1.0,,patty,37.0
173877,3.0,,oz,85.0
173877,1.0,,link,367.0
173878,1.0,,link,370.0
173879,1.0,,link,396.0
173879,3.0,,oz,85.0
173882,3.0,,oz,85.0
173883,1.0,,serving,56.0
173883,3.0,,oz,85.0
173884,1.0,,cup (1 NLEA serving),28.0
173885,0.75,,cup (1 NLEA serving),29.0
173886,0.75,,cup (1 NLEA serving),27.0
173887,1.25,,cup (1 NLEA serving),33.0
173887,1.0,,cup,28.0
173888,0.75,,cup (1 NLEA serving),30.0
173889,1.5,,cup (1 NLEA serving),32.0
173890,1.5,,cup (1 NLEA serving),31.0
173891,0.75,,cup (1 NLEA serving),32.0
173891,0.5,,cup,21.0
173892,0.5,,cup (1 NLEA serving),48.0
173893,1.0,,cup (1 NLEA serving),28.0
173894,1.0,,cup (1 NLEA serving),59.0
173895,1.0,,cup (1 NLEA serving),31.0
173896,1.0,,oz,28.35
173896,1.0,,cup,113.0
173897,1.0,,cup,219.0
173898,1.0,,packet (1 NLEA serving),28.0
173899,1.0,,packet (1 NLEA serving),28.0
173900,0.25,,cup (1 NLEA serving),45.0
173901,1.0,,tbsp,10.6
173901,3.0,,tbsp (1 NLEA serving),33.0
173901,1.0,,cup,173.0
173902,1.0,,cup,241.0
173902,0.75,,cup,181.0
173902,1.0,,tbsp,15.0
173903,3.0,,tbsp (1 NLEA serving),35.0
173904,1.0,,cup,81.0
173904,0.33,,cup,27.0
173905,1.0,,tbsp,14.6
173905,1.0,,cup,234.0
173905,0.75,,cup,175.0
173906,1.0,,tbsp,15.0
173906,1.0,,cup,240.0
173906,1.0,,"packet, prepared",161.0
173907,1.0,,packet,43.0
173908,1.0,,"packet, prepared",158.0
173908,1.0,,cup,240.0
173908,1.0,,tbsp,15.0
173909,1.0,,cup,30.0
173910,2.0,,biscuits (1 NLEA serving),47.0
173911,1.0,,cup (1 NLEA serving),49.0
173912,0.5,,oz,14.2
173912,1.0,,cup,14.0
173913,0.5,,oz,14.2
173913,1.0,,cup,12.0
173914,1.0,,cup,244.0
173914,0.75,,cup,183.0
173915,1.0,,cup (1 serving),251.0
173916,1.0,,cup,176.0
173916,1.0,,tbsp,10.9
173917,1.0,,cup,233.0
173918,1.0,,cup (1 NLEA serving),52.0
173919,1.25,,cup (1 NLEA serving),55.0
173920,1.0,,packet,43.0
173921,0.75,,cup (1 NLEA serving),28.0
173922,1.0,,packet (1 NLEA serving),45.0
173923,1.0,,packet (1 NLEA serving),45.0
173924,1.0,,package (1 NLEA serving),75.0
173925,1.0,,package (1 NLEA serving),73.0
173926,1.0,,packet (1 NLEA serving),45.0
173927,1.0,,cup (1 NLEA serving),55.0
173928,1.0,,cup slices,171.0
173929,1.0,,cup slices,170.0
173930,1.0,,cup slices,204.0
173931,1.0,,cup,60.0
173932,1.0,,cup slices,206.0
173933,1.0,,cup,248.0
173933,1.0,,drink box (8.45 fl oz),262.0
173933,1.0,,fl oz,31.0
173934,1.0,,can (6 fl oz),211.0
173935,1.0,,fl oz,29.9
173935,1.0,,cup,239.0
173936,1.0,,"cup, whole, without pits",227.0
173937,1.0,,"cup, halves",244.0
173937,1.0,,apricot half with liquid,36.0
173938,1.0,,"cup, halves",247.0
173939,1.0,,"cup, halves",253.0
173939,1.0,,apricot half with liquid,40.0
173940,1.0,,cup,249.0
173941,1.0,,"cup, halves",130.0
173941,1.0,,half,3.5
173942,1.0,,"cup, halves",250.0
173943,1.0,,"cup, halves",270.0
173944,1.0,,NLEA serving,126.0
173944,1.0,,"extra large (9"" or longer)",152.0
173944,1.0,,"large (8"" to 8-7/8"" long)",136.0
173944,1.0,,"cup, sliced",150.0
173944,1.0,,"small (6"" to 6-7/8"" long)",101.0
173944,1.0,,"extra small (less than 6"" long)",81.0
173944,1.0,,"medium (7"" to 7-7/8"" long)",118.0
173944,1.0,,"cup, mashed",225.0
173945,1.0,,tbsp,6.2
173945,1.0,,cup,100.0
173946,1.0,,cup,144.0
173947,1.0,,cup,250.0
173948,1.0,,cup,256.0
173949,1.0,,"cup, frozen",140.0
173950,1.0,,package (20 oz),567.0
173950,1.0,,"cup, unthawed",155.0
173951,1.0,,package (10 oz),284.0
173951,1.0,,"cup, thawed",230.0
173952,1.0,,fruit without skin and seeds,20.0
173952,1.0,,cup slices,150.0
173953,1.0,,"cup, pieces",160.0
173953,1.0,,fruit without skin and seeds,235.0
173954,1.0,,"cup, without pits",155.0
173954,1.0,,"cup, with pits, yields",103.0
173955,1.0,,cup,244.0
173956,1.0,,cup,252.0
173957,1.0,,"cup, pitted",248.0
173958,1.0,,"cup, pitted",250.0
173959,1.0,,"cup, pitted",252.0
173960,1.0,,cup,253.0
173961,1.0,,"slice (1/2"" thick, approx 8 slices per can)",57.0
173961,1.0,,cup,277.0
173962,1.0,,cup,275.0
173963,1.0,,cup,112.0
173964,1.0,,cup,112.0
173965,4.0,,oz,113.0
173965,1.0,,steak,150.0
173966,4.0,,oz,113.0
173966,1.0,,steak,152.0
173967,4.0,,oz,113.0
173968,4.0,,oz,113.0
173969,1.0,,steak,150.0
173969,4.0,,oz,113.0
173970,4.0,,oz,113.0
173970,1.0,,roast,339.0
173971,1.0,,roast,337.0
173971,4.0,,oz,113.0
173972,4.0,,oz,113.0
173972,1.0,,roast,763.0
173973,1.0,,steak,173.0
173973,4.0,,oz,113.0
173974,1.0,,roast,348.0
173974,4.0,,oz,113.0
173975,1.0,,roast,350.0
173975,4.0,,oz,113.0
173976,1.0,,roast,337.0
173976,4.0,,oz,113.0
173977,4.0,,oz,113.0
173977,1.0,,roast,763.0
173978,1.0,,roast,348.0
173978,4.0,,oz,113.0
173979,4.0,,oz,113.0
173979,1.0,,roast,359.0
173980,1.0,,steak,344.0
173980,4.0,,oz,113.0
173981,1.0,,steak,344.0
173981,4.0,,oz,113.0
173982,4.0,,oz,113.0
173982,1.0,,roast,758.0
173983,1.0,,roast,770.0
173983,4.0,,oz,113.0
173984,1.0,,steak,140.0
173984,4.0,,oz,113.0
173985,1.0,,steak,133.0
173985,4.0,,oz,113.0
173986,1.0,,steak,151.0
173986,3.0,,oz,85.0
173987,1.0,,roast,644.0
173987,4.0,,oz,113.0
173988,4.0,,oz,113.0
173988,1.0,,steak,170.0
173989,4.0,,oz,113.0
173989,1.0,,steak,168.0
173990,1.0,,steak,172.0
173990,4.0,,oz,113.0
173991,3.0,,oz,85.0
173991,1.0,,roast,481.0
173992,3.0,,oz,85.0
173993,3.0,,oz,85.0
173994,3.0,,oz,85.0
173995,3.0,,oz,85.0
173996,4.0,,oz,113.0
173996,1.0,,roast,770.0
173997,4.0,,oz,113.0
173997,1.0,,roast,740.0
173998,1.0,,roast,675.0
173998,4.0,,oz,113.0
173999,4.0,,oz,113.0
173999,1.0,,roast,658.0
174000,1.0,,roast,625.0
174000,4.0,,oz,113.0
174001,1.0,,roast,673.0
174001,4.0,,oz,113.0
174002,4.0,,oz,113.0
174002,1.0,,steak,267.0
174003,1.0,,steak,266.0
174003,4.0,,oz,113.0
174003,1.0,,oz,28.0
174004,1.0,,roast,481.0
174004,3.0,,oz,85.0
174005,1.0,,roast,478.0
174005,3.0,,oz,85.0
174006,3.0,,oz,85.0
174006,1.0,,roast,487.0
174007,3.0,,oz,85.0
174008,3.0,,oz,85.0
174009,1.0,,steak,304.0
174009,4.0,,oz,113.0
174010,4.0,,oz,113.0
174010,1.0,,steak,301.0
174011,1.0,,steak,302.0
174011,4.0,,oz,113.0
174012,4.0,,oz,113.0
174013,3.0,,oz,85.0
174014,4.0,,oz,113.0
174015,4.0,,oz,113.0
174016,1.0,,lb,453.6
174016,3.0,,oz,85.0
174017,3.0,,oz,85.0
174017,1.0,,lb,453.6
174018,1.0,,lb,453.6
174018,4.0,,oz,113.0
174019,1.0,,lb,453.6
174019,3.0,,oz ( 1 serving  ),85.0
174020,1.0,,lb,453.6
174020,3.0,,oz,85.0
174021,3.0,,oz,85.0
174021,1.0,,lb,453.6
174022,3.0,,oz,85.0
174022,1.0,,lb,453.6
174023,1.0,,lb,453.6
174023,3.0,,oz,85.0
174024,1.0,,lb,453.6
174024,3.0,,oz,85.0
174025,1.0,,lb,453.6
174025,3.0,,oz,85.0
174026,1.0,,lb,453.6
174026,3.0,,oz,85.0
174027,1.0,,lb,453.6
174027,3.0,,oz,85.0
174028,3.0,,oz,85.0
174029,3.0,,oz,85.0
174030,4.0,,oz,113.0
174031,3.0,,oz,85.0
174032,3.0,,oz,85.0
174032,1.0,,patty (yield from 1/4 lb raw meat),77.0
174033,3.0,,oz,85.0
174033,1.0,,patty ( yield from 1/4 lb raw meat ),83.0
174034,3.0,,oz,85.0
174035,3.0,,oz,85.0
174036,4.0,,oz,113.0
174037,4.0,,oz,113.0
174037,1.0,,serving (3 oz),85.0
174038,3.0,,oz,85.0
174039,3.0,,oz,85.0
174040,3.0,,oz,85.0
174041,1.0,,lb,453.6
174041,4.0,,oz,113.0
174042,3.0,,oz,85.0
174042,1.0,,lb,453.6
174043,3.0,,oz,85.0
174043,1.0,,lb,453.6
174044,3.0,,oz,85.0
174044,1.0,,lb,453.6
174045,3.0,,oz,85.0
174045,1.0,,lb,453.6
174046,4.0,,oz,113.0
174046,1.0,,lb,453.6
174047,3.0,,oz,85.0
174047,1.0,,lb,453.6
174048,1.0,,lb,453.6
174048,4.0,,oz,113.0
174049,1.0,,lb,453.6
174049,4.0,,oz,113.0
174050,3.0,,oz,85.0
174050,1.0,,lb,453.6
174051,4.0,,oz,113.0
174051,1.0,,lb,453.6
174052,1.0,,lb,453.6
174052,3.0,,oz,85.0
174053,3.0,,oz,85.0
174053,1.0,,lb,453.6
174054,3.0,,oz,85.0
174054,1.0,,lb,453.6
174055,4.0,,oz,113.0
174055,1.0,,lb,453.6
174056,1.0,,lb,453.6
174056,4.0,,oz,113.0
174057,1.0,,lb,453.6
174057,4.0,,oz,113.0
174058,1.0,,lb,453.6
174058,4.0,,oz,113.0
174059,3.0,,oz,85.0
174059,1.0,,lb,453.6
174060,1.0,,lb,453.6
174060,3.0,,oz,85.0
174061,3.0,,oz,85.0
174061,1.0,,lb,453.6
174062,1.0,,can,521.0
174062,1.0,,cup,254.0
174063,1.0,,cup,256.0
174063,1.0,,can,519.0
174064,1.0,,can,516.0
174064,1.0,,cup,245.0
174065,1.0,,can,525.0
174065,1.0,,cup,245.0
174066,2.0,,Tbsp,35.0
174067,0.25,,cup,60.0
174068,0.5,,cup,125.0
174068,2.0,,tbsp,30.0
174069,0.5,,cup,125.0
174069,2.0,,tbsp,30.0
174070,1.0,,tbsp,18.0
174071,1.0,,cup,240.0
174072,0.25,,cup,58.0
174072,1.0,,jar 12 oz,324.0
174072,1.0,,cup,230.0
174073,1.0,,cup,208.0
174073,1.0,,can,527.0
174074,1.0,,cup,224.0
174074,1.0,,can,283.0
174074,0.25,,cup,56.0
174075,1.0,,piece,43.0
174076,1.0,,piece,79.0
174077,1.0,,piece,106.0
174078,1.0,,piece,98.0
174079,3.0,,cookies,31.0
174080,4.0,,cookies,32.0
174081,1.0,,tortilla 1 serving,41.0
174082,1.0,,cake 1 serving,27.0
174083,1.0,,serving,35.0
174084,1.0,,serving 55 pieces,31.0
174085,1.0,,serving 2 waffles,70.0
174086,1.0,,serving 3 pancakes,105.0
174087,1.0,,cookie,11.8
174088,3.0,,cookie,29.0
174089,1.0,,roll,51.0
174090,1.0,,roll,56.0
174091,1.0,,slice 1 serving,48.0
174092,0.5,,piece bagel 1 serving,43.0
174093,1.0,,muffin 1 serving,57.0
174094,1.0,,piece roll,43.0
174095,1.0,,cookie,34.0
174096,1.0,,cookie,62.0
174097,1.0,,bar,22.0
174098,10.0,,goldfish,5.2
174099,1.0,,slice,34.0
174100,1.0,,slice,35.0
174101,1.0,,slice,28.0
174102,1.0,,slice,25.0
174103,3.0,,crackers,10.7
174104,3.0,,crackers,6.1
174105,1.0,,waffle,45.0
174105,1.0,,box,242.0
174106,1.0,,box,352.0
174106,1.0,,pancake,48.0
174107,1.0,,slice,39.0
174107,1.0,,roll,30.0
174108,8.0,,fl oz,240.0
174109,1.0,,serving 5 fl oz,147.0
174109,1.0,,fl oz,29.4
174110,1.0,,fl oz,29.3
174110,1.0,,serving 5 fl oz,147.0
174111,16.0,,fl oz,473.0
174112,8.0,,fl oz,240.0
174113,12.0,,fl oz,360.0
174114,1.0,,tbsp,12.0
174115,1.0,,cup (8 fl oz),256.0
174116,1.0,,cup,240.0
174117,1.0,,cup,300.0
174117,1.0,,serving 2 tbsp,39.0
174118,1.0,,cup (8 fl oz),282.0
174119,1.0,,cup,265.0
174121,1.0,,cup,265.0
174122,1.0,,serving (3 heaping tsp or 1 envelope),28.0
174123,1.0,,serving 6 fl oz,206.0
174123,1.0,,fl oz,34.3
174124,1.0,,serving 1 envelope,20.0
174125,1.0,,fl oz,29.6
174126,1.0,,packet,2.0
174126,1.0,,tsp,1.0
174127,1.0,,tsp dry,6.4
174128,1.0,,cup,270.0
174129,16.0,,fl oz,473.0
174129,1.0,,cup,266.0
174130,1.0,,serving 6 fl oz,179.0
174130,1.0,,fl oz,29.8
174131,8.0,,fl oz,240.0
174132,8.0,,fl oz,240.0
174133,1.0,,tsp rounded,1.8
174134,1.0,,serving 6 fl oz,179.0
174134,1.0,,fl oz,29.9
174135,1.0,,serving 2 tbsp,13.0
174136,8.0,,fl oz,242.0
174137,8.0,,fl oz,247.0
174138,1.0,,tsp (1 serving),3.0
174139,1.0,,serving 6 fl oz,180.0
174139,1.0,,fl oz,30.1
174140,1.0,,fl oz,30.6
174140,1.0,,cup (8 fl oz),245.0
174141,11.2,,fl oz,335.0
174142,1.0,,fl oz,30.6
174142,1.0,,cup (8 fl oz),245.0
174143,2.0,,tbsp,4.5
174144,16.0,,fl oz,473.0
174145,12.0,,fl oz,356.0
174146,12.0,,fl oz,355.0
174147,8.0,,fl oz,248.0
174148,8.0,,fl oz,248.0
174149,8.0,,fl oz,247.0
174150,8.0,,fl oz,248.0
174151,1.0,,cup (8 fl oz),248.0
174151,1.0,,fl oz,31.0
174152,1.0,,can (12 fl oz),418.0
174152,1.0,,fl oz,34.8
174153,1.0,,cup,247.0
174153,1.0,,fl oz,30.9
174154,1.0,,serving,15.0
174155,1.0,,fl oz,29.6
174155,6.0,,fl oz,178.0
174156,1.0,,fl oz,29.6
174156,1.0,,cup (8 fl oz),237.0
174156,6.0,,fl oz,178.0
174157,1.0,,fl oz,29.0
174158,1.0,,cup,237.0
174158,1.0,,fl oz,29.6
174158,1.0,,ml,1.0
174159,1.0,,serving,22.0
174160,1.0,,serving,266.0
174161,8.0,,fl oz (1 NLEA serving),237.0
174161,1.0,,serving,237.0
174162,8.0,,fl oz,243.0
174163,1.0,,serving 8 oz,238.0
174164,1.0,,serving,238.0
174165,1.0,,serving 8 oz,243.0
174166,1.0,,serving 8 oz,243.0
174167,1.0,,serving 8 oz,243.0
174168,1.0,,serving 8 oz,243.0
174169,1.0,,serving 8 oz,246.0
174170,1.0,,serving 8 oz,246.0
174171,1.0,,serving,240.0
174172,1.0,,serving 8 fluid oz,240.0
174172,1.0,,can,480.0
174173,1.0,,serving,238.0
174174,1.0,,cup,244.0
174175,1.0,,serving 8 oz,246.0
174176,1.0,,container,209.0
174176,1.0,,ml,1.0
174177,12.0,,fl oz,360.0
174177,1.0,,serving (8 fl oz),246.0
174178,8.0,,fl oz,237.0
174179,1.0,,cup (8 fl oz),238.0
174180,1.0,,cup (8 fl oz),238.0
174181,1.0,,serving,20.0
174181,1.0,,tbsp,10.0
174182,3.0,,oz,85.0
174183,1.0,,"oz, boneless",28.35
174183,5.0,,anchovies,20.0
174183,1.0,,anchovy,4.0
174183,1.0,,can (2 oz),45.0
174184,1.0,,fillet,79.0
174184,3.0,,oz,85.0
174185,3.0,,oz,85.0
174185,1.0,,fillet,170.0
174186,3.0,,oz,85.0
174186,1.0,,fillet,159.0
174187,1.0,,fillet,87.0
174187,3.0,,oz,85.0
174188,1.0,,tbsp,16.0
174188,1.0,,oz,28.35
174189,3.0,,oz,85.0
174189,1.0,,can,312.0
174190,3.0,,oz,85.0
174190,1.0,,"piece (5-1/2"" x 1-1/2"" x 1/2"")",80.0
174190,1.0,,oz,28.35
174191,3.0,,oz,85.0
174191,1.0,,fillet,116.0
174192,3.0,,oz,85.0
174192,1.0,,fillet,79.0
174193,1.0,,fillet,204.0
174193,3.0,,oz,85.0
174194,1.0,,"cubic inch, boneless",17.0
174194,1.0,,"oz, boneless",28.35
174194,3.0,,oz,85.0
174194,1.0,,oz with bone (yield after bone removed),22.0
174194,1.0,,fillet,159.0
174195,1.0,,"stick (4"" x 1"" x 1/2"")",28.0
174195,1.0,,"piece (4"" x 2"" x 1/2"")",57.0
174196,1.0,,fillet,163.0
174196,1.0,,"oz, boneless",28.35
174196,3.0,,oz,85.0
174197,3.0,,oz,85.0
174197,1.0,,fillet,127.0
174198,3.0,,oz,85.0
174198,1.0,,fillet,150.0
174199,1.0,,"cubic inch, boneless",17.0
174199,1.0,,"oz, boneless",28.35
174199,3.0,,oz,85.0
174200,3.0,,oz,85.0
174200,0.5,,fillet,204.0
174201,0.5,,fillet,159.0
174201,3.0,,oz,85.0
174202,1.0,,leg,134.0
174202,3.0,,oz,85.0
174203,3.0,,oz,85.0
174204,3.0,,oz,85.0
174204,1.0,,crab,21.0
174205,1.0,,cup (not packed),135.0
174205,1.0,,"cup, flaked and pieces",118.0
174205,1.0,,oz,28.35
174205,3.0,,oz,85.0
174206,8.0,,crayfish,27.0
174206,3.0,,oz,85.0
174207,3.0,,oz,85.0
174208,3.0,,oz,85.0
174208,1.0,,lobster,150.0
174209,1.0,,cup,145.0
174209,3.0,,oz,85.0
174210,4.0,,large,28.0
174210,1.0,,medium,6.0
174210,1.0,,small,5.0
174210,3.0,,oz,85.0
174211,3.0,,oz,85.0
174211,1.0,,lobster,209.0
174212,3.0,,oz,85.0
174213,3.0,,oz,85.0
174214,1.0,,small,9.0
174214,1.0,,medium,14.5
174214,1.0,,"lb (with shell), yield after shell removed",68.0
174214,3.0,,oz,85.0
174214,1.0,,cup (with liquid and clams),227.0
174214,1.0,,large,20.0
174215,3.0,,oz,85.0
174216,1.0,,small,10.0
174216,1.0,,oz,28.35
174216,1.0,,large,20.0
174216,1.0,,cup,150.0
174216,3.0,,oz,85.0
174216,1.0,,medium,16.0
174217,3.0,,oz,85.0
174218,3.0,,oz,85.0
174219,1.0,,medium,50.0
174219,3.0,,oz,85.0
174220,1.0,,unit 2 large or 5 small,30.0
174220,3.0,,oz,85.0
174221,2.0,,large,31.0
174222,3.0,,oz,85.0
174223,1.0,,"oz, boneless",28.35
174223,3.0,,oz,85.0
174224,3.0,,oz,85.0
174224,1.0,,can,369.0
174225,3.0,,oz,85.0
174225,1.0,,can,454.0
174226,1.0,,can,369.0
174226,3.0,,oz,85.0
174227,3.0,,oz,85.0
174227,1.0,,can,171.0
174228,1.0,,fillet,124.0
174228,3.0,,oz,85.0
174229,1.0,,fillet,117.0
174229,3.0,,oz,85.0
174230,3.0,,oz,85.0
174230,1.0,,fillet,90.0
174231,1.0,,fillet,25.0
174231,3.0,,oz,85.0
174232,3.0,,oz,85.0
174232,0.5,,fillet,159.0
174233,3.0,,oz,85.0
174233,1.0,,fillet,144.0
174234,1.0,,fillet,151.0
174234,3.0,,oz,85.0
174235,0.5,,fillet,151.0
174235,3.0,,oz,85.0
174236,3.0,,oz,85.0
174236,0.5,,fillet,154.0
174237,0.5,,fillet,151.0
174237,3.0,,oz,85.0
174238,3.0,,oz,85.0
174238,0.5,,fillet,137.0
174239,1.0,,oz,28.35
174239,3.0,,oz,85.0
174240,0.5,,fillet,151.0
174240,3.0,,oz,85.0
174241,3.0,,oz,85.0
174241,1.0,,fillet,50.0
174242,3.0,,oz,85.0
174242,1.0,,fillet,186.0
174243,3.0,,oz,85.0
174243,1.0,,fillet,144.0
174244,3.0,,oz,85.0
174244,1.0,,fillet,50.0
174245,3.0,,oz,85.0
174245,0.5,,fillet,159.0
174246,1.0,,fillet,154.0
174246,3.0,,oz,85.0
174247,3.0,,oz,85.0
174247,0.5,,fillet,119.0
174248,3.0,,oz,85.0
174248,0.5,,fillet,146.0
174249,3.0,,oz,85.0
174250,3.0,,oz,85.0
174250,1.0,,medium,25.0
174251,3.0,,oz,85.0
174252,1.0,,cup,178.0
174252,1.0,,tbsp,11.1
174253,1.0,,cup,188.0
174253,1.0,,tbsp,11.7
174254,1.0,,cup,241.0
174255,1.0,,cup,202.0
174256,1.0,,tbsp,13.0
174256,1.0,,cup,207.0
174257,1.0,,cup,202.0
174258,1.0,,cup,140.0
174259,1.0,,cup,207.0
174260,1.0,,"cup in shell, edible yield",63.0
174260,1.0,,oz shelled,28.35
174260,33.0,,nuts,28.0
174260,1.0,,"cup, shelled",180.0
174261,1.0,,"cup, chopped",144.0
174261,1.0,,oz shelled (32 nuts),28.35
174262,1.0,,oz,28.35
174262,1.0,,peanut,1.0
174263,1.0,,cup,146.0
174263,1.0,,oz,28.35
174264,1.0,,oz,28.35
174264,1.0,,cup,143.0
174265,2.0,,tbsp,32.0
174265,1.0,,cup,258.0
174266,1.0,,cup,258.0
174266,2.0,,tbsp,32.0
174267,1.0,,oz,28.35
174267,1.0,,cup,60.0
174268,1.0,,oz,28.35
174268,1.0,,cup,88.0
174269,1.0,,patty,38.0
174269,1.0,,link,25.0
174269,1.0,,slice,28.0
174270,1.0,,cup,186.0
174271,1.0,,cup,172.0
174271,1.0,,tbsp,10.7
174272,1.0,,cup,166.0
174273,1.0,,"cup, stirred",84.0
174273,1.0,,tbsp,5.2
174274,1.0,,"cup, stirred",85.0
174275,1.0,,cup,105.0
174275,1.0,,tbsp,6.6
174276,1.0,,oz,28.35
174277,1.0,,individual packet,8.9
174277,1.0,,tbsp,16.0
174277,1.0,,tsp,5.3
174277,1.0,,cup,255.0
174278,1.0,,tsp,6.0
174278,1.0,,tbsp,18.0
174279,1.0,,tbsp,18.0
174279,0.25,,cup,58.0
174279,1.0,,tsp,6.0
174280,1.0,,block,11.0
174281,1.0,,cup,167.0
174282,1.0,,cup,171.0
174283,1.0,,cup,182.0
174284,1.0,,cup,192.0
174285,1.0,,can drained solids,266.0
174286,1.0,,can drained solids,277.0
174287,1.0,,pattie,70.0
174288,1.0,,cup,92.0
174289,1.0,,tbsp,15.0
174289,1.0,,cup,246.0
174290,0.2,,block,91.0
174291,0.25,,block,122.0
174292,1.0,,slice,84.0
174293,1.0,,cup,243.0
174293,1.0,,fl oz,30.6
174294,1.0,,cup,258.0
174294,2.0,,tbsp,32.0
174295,1.0,,fl oz,30.6
174295,1.0,,cup,243.0
174296,1.0,,can,444.0
174296,1.0,,cup,242.0
174297,0.2,,package,79.0
174298,1.0,,tablespoon,16.0
174298,1.0,,cup,238.0
174299,1.0,,cup,172.0
174300,1.0,,cup,172.0
174301,1.0,,oz,28.35
174302,1.0,,oz,28.35
174303,1.0,,piece,17.0
174304,1.0,,piece,13.0
174305,1.0,,block,11.0
174306,1.0,,cup,171.0
174307,1.0,,lb,453.6
174307,1.0,,oz,28.35
174308,1.0,,"piece, cooked, excluding refuse (yield from 1 lb raw meat with refuse)",187.0
174308,3.0,,oz,85.0
174309,1.0,,lb,453.6
174309,1.0,,oz,28.35
174310,1.0,,"unit, cooked (yield from 1 lb raw meat)",286.0
174310,3.0,,oz,85.0
174311,1.0,,oz,28.35
174311,1.0,,lb,453.6
174312,1.0,,"piece, cooked, excluding refuse (yield from 1 lb raw meat with refuse)",265.0
174312,3.0,,oz,85.0
174313,1.0,,lb,453.6
174313,1.0,,oz,28.35
174314,3.0,,oz,85.0
174314,1.0,,"piece, cooked, excluding refuse (yield from 1 lb raw meat with refuse)",218.0
174315,1.0,,lb,453.6
174315,1.0,,oz,28.35
174316,3.0,,oz,85.0
174316,1.0,,"piece, cooked, excluding refuse (yield from 1 lb raw meat with refuse)",262.0
174317,1.0,,lb,453.6
174317,1.0,,oz,28.35
174318,3.0,,oz,85.0
174318,1.0,,"piece, cooked, excluding refuse (yield from 1 lb raw meat with refuse)",201.0
174319,1.0,,oz,28.35
174319,1.0,,"chop, excluding refuse (yield from 1 raw chop, with refuse, weighing 120 g)",95.0
174320,1.0,,"piece, cooked, excluding refuse (yield from 1 lb raw meat with refuse)",193.0
174320,3.0,,oz,85.0
174321,1.0,,lb,453.6
174321,1.0,,oz,28.35
174322,3.0,,oz,85.0
174322,1.0,,"piece, cooked, excluding refuse (yield from 1 lb raw meat with refuse)",229.0
174323,1.0,,"piece, cooked, excluding refuse (yield from 1 lb raw meat with refuse)",255.0
174323,3.0,,oz,85.0
174324,3.0,,oz,85.0
174324,1.0,,"piece, cooked, excluding refuse (yield from 1 lb raw meat with refuse)",248.0
174325,1.0,,"piece, cooked, excluding refuse (yield from 1 lb raw meat with refuse)",269.0
174325,3.0,,oz,85.0
174326,4.0,,oz,113.0
174326,1.0,,lb,453.6
174327,3.0,,oz,85.0
174327,1.0,,"piece, cooked, excluding refuse (yield from 1 lb raw meat with refuse)",174.0
174328,3.0,,oz,85.0
174328,1.0,,"chop, excluding refuse (yield from 1 raw chop, with refuse, weighing 160 g)",93.0
174329,3.0,,oz,85.0
174329,1.0,,"piece, cooked, excluding refuse (yield from 1 lb raw meat with refuse)",286.0
174330,1.0,,oz,28.35
174330,1.0,,"chop, excluding refuse (yield from 1 raw chop, with refuse, weighing 160 g)",101.0
174331,1.0,,"chop, excluding refuse (yield from 1 raw chop, with refuse, weighing 160 g)",55.0
174331,3.0,,oz,85.0
174332,3.0,,oz,85.0
174332,1.0,,"piece, cooked, excluding refuse (yield from 1 lb raw meat with refuse)",252.0
174333,3.0,,oz,85.0
174333,1.0,,"piece, cooked, excluding refuse (yield from 1 lb raw meat with refuse)",258.0
174334,1.0,,lb,453.6
174334,1.0,,oz,28.35
174335,3.0,,oz,85.0
174335,1.0,,"piece, cooked, excluding refuse (yield from 1 lb raw meat with refuse)",168.0
174336,1.0,,oz,28.35
174336,1.0,,lb,453.6
174337,3.0,,oz,85.0
174337,1.0,,"piece, cooked, excluding refuse (yield from 1 lb raw meat with refuse)",222.0
174338,1.0,,lb,453.6
174338,1.0,,oz,28.35
174339,1.0,,"piece, cooked, excluding refuse (yield from 1 lb raw meat with refuse)",164.0
174339,3.0,,oz,85.0
174340,4.0,,oz,113.0
174340,1.0,,serving,115.0
174341,1.0,,serving,85.0
174341,3.0,,oz,85.0
174342,1.0,,serving,115.0
174342,4.0,,oz,113.0
174343,3.0,,oz,85.0
174343,1.0,,"piece, cooked, excluding refuse (yield from 1 lb raw meat with refuse)",258.0
174344,1.0,,lb,453.6
174344,1.0,,oz,28.35
174345,1.0,,"piece, cooked (yield from 1 lb raw meat, boneless)",340.0
174345,3.0,,oz,85.0
174346,3.0,,oz,85.0
174346,1.0,,"piece, cooked (yield from 1 lb raw meat, boneless)",299.0
174347,1.0,,oz,28.35
174347,1.0,,lb,453.6
174348,1.0,,"piece, cooked (yield from 1 lb raw meat, boneless)",299.0
174348,3.0,,oz,85.0
174349,1.0,,"piece, cooked (yield from 1 lb raw meat, boneless)",399.0
174349,3.0,,oz,85.0
174350,3.0,,oz,85.0
174350,1.0,,"unit, cooked (yield from 1 lb raw meat)",240.0
174351,1.0,,oz,28.35
174351,4.0,,oz,113.0
174352,1.0,,"unit, cooked (yield from 1 lb raw meat)",339.0
174352,3.0,,oz,85.0
174353,1.0,,"unit, cooked (yield from 1 lb raw meat)",330.0
174353,3.0,,oz,85.0
174354,4.0,,oz,113.0
174354,1.0,,oz,28.35
174355,1.0,,"unit, cooked (yield from 1 lb raw meat)",255.0
174355,3.0,,oz,85.0
174356,4.0,,oz,113.0
174356,1.0,,oz,28.35
174357,3.0,,oz,85.0
174357,1.0,,"unit, cooked (yield from 1 lb raw meat)",184.0
174358,3.0,,oz,85.0
174358,1.0,,slice,67.0
174359,4.0,,oz,113.0
174359,1.0,,oz,28.35
174360,3.0,,oz,85.0
174360,1.0,,"unit, cooked (yield from 1 lb raw meat)",381.0
174361,1.0,,oz,28.35
174361,4.0,,oz,113.0
174362,1.0,,oz,28.35
174362,4.0,,oz,113.0
174363,3.0,,oz,85.0
174363,1.0,,"unit, cooked (yield from 1 lb raw meat)",240.0
174364,1.0,,oz,28.35
174364,4.0,,oz,113.0
174365,3.0,,oz,85.0
174365,1.0,,"unit, cooked (yield from 1 lb raw meat)",295.0
174366,4.0,,oz,113.0
174366,1.0,,oz,28.35
174367,3.0,,oz,85.0
174367,1.0,,"unit, cooked (yield from 1 lb raw meat)",255.0
174368,1.0,,oz,28.35
174368,4.0,,oz,113.0
174369,3.0,,oz,85.0
174369,1.0,,"unit, cooked (yield from 1 lb raw meat)",255.0
174370,4.0,,oz,113.0
174370,1.0,,oz,28.35
174371,1.0,,"piece, cooked, excluding refuse (yield from 1 lb raw meat with refuse)",148.0
174371,3.0,,oz,85.0
174372,1.0,,oz,28.35
174372,1.0,,lb,453.6
174373,3.0,,oz,85.0
174373,1.0,,"piece, cooked, excluding refuse (yield from 1 lb raw meat with refuse)",260.0
174374,1.0,,oz,28.35
174374,1.0,,lb,453.6
174375,3.0,,oz,85.0
174375,1.0,,"steak, excluding refuse (yield from 1 raw steak, with refuse, weighing 102 g)",53.0
174376,1.0,,"piece, cooked, excluding refuse (yield from 1 lb raw meat with refuse)",265.0
174376,3.0,,oz,85.0
174377,1.0,,lb,453.6
174377,1.0,,oz,28.35
174378,1.0,,"piece, cooked, excluding refuse (yield from 1 lb raw meat with refuse)",222.0
174378,3.0,,oz,85.0
174379,3.0,,oz,85.0
174379,1.0,,"piece, cooked, excluding refuse (yield from 1 lb raw meat with refuse)",263.0
174380,1.0,,"steak, excluding refuse (yield from 1 raw steak, with refuse, weighing 102 g)",84.0
174380,1.0,,oz,28.35
174381,1.0,,"steak, excluding refuse (yield from 1 raw steak, with refuse, weighing 102 g)",45.0
174381,3.0,,oz,85.0
174382,1.0,,"steak, excluding refuse (yield from 1 raw steak, with refuse, weighing 102 g)",59.0
174382,3.0,,oz,85.0
174383,3.0,,oz,85.0
174383,1.0,,"piece, cooked, excluding refuse (yield from 1 lb raw meat with refuse)",284.0
174384,1.0,,lb,453.6
174384,1.0,,oz,28.35
174385,3.0,,oz,85.0
174385,1.0,,"piece, cooked, excluding refuse (yield from 1 lb raw meat with refuse)",242.0
174386,1.0,,oz,28.35
174386,1.0,,lb,453.6
174387,1.0,,"piece, cooked, excluding refuse (yield from 1 lb raw meat with refuse)",168.0
174387,3.0,,oz,85.0
174388,1.0,,oz,28.35
174388,1.0,,lb,453.6
174389,1.0,,"piece, cooked, excluding refuse (yield from 1 lb raw meat with refuse)",233.0
174389,3.0,,oz,85.0
174390,1.0,,lb,453.6
174390,1.0,,oz,28.35
174391,1.0,,"piece, cooked, excluding refuse (yield from 1 lb raw meat with refuse)",233.0
174391,3.0,,oz,85.0
174392,1.0,,lb,453.6
174392,1.0,,oz,28.35
174393,3.0,,oz,85.0
174393,1.0,,"piece, cooked, excluding refuse (yield from 1 lb raw meat with refuse)",283.0
174394,3.0,,oz,85.0
174394,1.0,,"piece, cooked, excluding refuse (yield from 1 lb raw meat with refuse)",291.0
174395,3.0,,oz,85.0
174395,1.0,,"piece, cooked, excluding refuse (yield from 1 lb raw meat with refuse)",274.0
174396,3.0,,oz,85.0
174396,1.0,,"piece, cooked, excluding refuse (yield from 1 lb raw meat with refuse)",237.0
174397,3.0,,oz,85.0
174397,1.0,,oz,28.35
174397,1.0,,lb,453.6
174398,3.0,,oz,85.0
174398,1.0,,"piece, cooked, excluding refuse (yield from 1 lb raw meat with refuse)",270.0
174399,3.0,,oz,85.0
174399,1.0,,oz,28.35
174399,1.0,,lb,453.6
174400,3.0,,oz,85.0
174400,1.0,,"piece, cooked, excluding refuse (yield from 1 lb raw meat with refuse)",236.0
174401,1.0,,oz,28.35
174401,3.0,,oz,85.0
174401,1.0,,lb,453.6
174402,3.0,,oz,85.0
174402,1.0,,"piece, cooked, excluding refuse (yield from 1 lb raw meat with refuse)",180.0
174403,3.0,,oz,85.0
174403,1.0,,lb,453.6
174403,1.0,,oz,28.35
174404,1.0,,"piece, cooked, excluding refuse (yield from 1 lb raw meat with refuse)",284.0
174404,3.0,,oz,85.0
174405,3.0,,oz,85.0
174405,1.0,,"piece, cooked, excluding refuse (yield from 1 lb raw meat with refuse)",246.0
174406,1.0,,lb,453.6
174406,3.0,,oz,85.0
174406,1.0,,oz,28.35
174407,3.0,,oz,85.0
174407,1.0,,"piece, cooked, excluding refuse (yield from 1 lb raw meat with refuse)",306.0
174408,3.0,,oz,85.0
174408,1.0,,oz,28.35
174408,1.0,,lb,453.6
174409,3.0,,oz,85.0
174410,1.0,,oz,28.35
174411,3.0,,oz,85.0
174412,1.0,,oz,28.35
174413,3.0,,oz,85.0
174414,4.0,,oz,113.0
174414,1.0,,chop,63.0
174415,3.0,,oz,85.0
174415,1.0,,chop,54.0
174416,3.0,,oz,85.0
174416,1.0,,chop,63.0
174416,4.0,,oz,113.0
174417,1.0,,oz,28.35
174417,3.0,,oz,85.0
174418,3.0,,oz,85.0
174419,3.0,,oz,85.0
174419,1.0,,oz,28.35
174420,3.0,,oz,85.0
174421,1.0,,patty,113.0
174421,1.0,,serving ( 3 oz ),85.0
174422,1.0,,patty ( yield from 112.7 g raw meat ),87.0
174422,1.0,,serving ( 3 oz ),85.0
174423,1.0,,steak ( yield from 309.7 g raw meat ),194.0
174423,1.0,,serving ( 3 oz ),85.0
174424,1.0,,serving ( 3 oz ),85.0
174424,1.0,,roast ( yield from 1247 g raw meat ) ( 3 to 5 lb roast),774.0
174425,1.0,,patty ( yield from 102.2 g raw meat ),102.0
174426,1.0,,patty ( yield from 104.1 g raw meat ),95.0
174426,1.0,,serving ( 3 oz ),85.0
174427,1.0,,steak ( yield from 148.1 g raw meat ),114.0
174427,1.0,,serving ( 3 oz ),85.0
174428,1.0,,serving ( 3 oz ),85.0
174428,1.0,,steak ( yield from 233.1 g raw meat ),176.0
174429,1.0,,steak ( yield from 123.5 g raw meat ),92.0
174429,1.0,,serving ( 3 oz ),85.0
174430,1.0,,roast ( yield from 271.8 g raw meat ) (0.5 to 1 lb roast),202.0
174430,1.0,,serving ( 3 oz ),85.0
174431,1.0,,serving ( 3 oz ),85.0
174431,1.0,,steak ( yield from 134.9 g raw meat ),102.0
174432,1.0,,roast with bone,235.0
174432,4.0,,oz,113.0
174433,1.0,,roast with bone,235.0
174433,4.0,,oz,113.0
174436,3.0,,oz,85.0
174437,4.0,,oz,113.0
174438,4.0,,oz,113.0
174439,3.0,,oz,85.0
174440,3.0,,oz,85.0
174441,4.0,,oz,113.0
174442,4.0,,oz,113.0
174443,3.0,,oz,85.0
174444,4.0,,oz,113.0
174445,3.0,,oz,85.0
174446,4.0,,oz,113.0
174447,3.0,,oz,85.0
174448,4.0,,oz,113.0
174449,3.0,,oz,85.0
174450,4.0,,oz,113.0
174451,3.0,,oz,85.0
174452,4.0,,oz,113.0
174453,3.0,,oz,85.0
174454,4.0,,oz,113.0
174455,4.0,,oz,113.0
174456,4.0,,oz,113.0
174457,3.0,,oz,85.0
174458,3.0,,oz,85.0
174459,3.0,,oz,85.0
174460,3.0,,oz,85.0
174461,3.0,,oz,85.0
174462,3.0,,oz,85.0
174463,4.0,,oz,113.0
174464,4.0,,oz,113.0
174465,1.0,,giblets,115.0
174465,1.0,,unit (yield from 1 lb ready-to cook capon),18.0
174466,1.0,,"cup, chopped or diced",145.0
174466,1.0,,unit (yield from 1 lb ready-to cook capon),11.0
174467,1.0,,liver,44.0
174467,1.0,,unit (yield from 1 lb ready-to-cook duck),10.0
174468,1.0,,unit (yield from 1 lb ready-to-cook duck),239.0
174468,0.5,,duck,270.0
174468,3.0,,oz,85.0
174469,0.5,,"breast, bone and skin removed",83.0
174469,1.0,,unit (yield from 1 lb ready-to-cook duck),73.0
174470,3.0,,oz,85.0
174470,0.5,,goose,1319.0
174470,1.0,,unit (yield from 1 lb ready-to-cook goose),320.0
174471,0.5,,guinea,264.0
174471,1.0,,unit (yield from 1 lb ready-to-cook guinea),275.0
174471,3.0,,oz,85.0
174472,0.5,,pheasant,400.0
174472,1.0,,unit (yield from 1 lb ready-to-eat pheasant),371.0
174472,3.0,,oz,85.0
174473,0.5,,pheasant,352.0
174473,1.0,,unit (yield from 1 lb ready-to-eat pheasant),326.0
174473,3.0,,oz,85.0
174474,1.0,,unit (yield from 1 lb ready-to-eat pheasant),169.0
174474,3.0,,oz,85.0
174474,0.5,,"breast, bone and skin removed",182.0
174475,3.0,,oz,85.0
174475,1.0,,unit (yield from 1 lb ready-to-cook squab),297.0
174475,1.0,,squab,199.0
174476,1.0,,serving ( 3 oz ),85.0
174476,1.0,,fan fillet,513.0
174477,1.0,,steak,394.0
174477,1.0,,serving ( 3 oz ),85.0
174478,3.0,,oz,85.0
174478,1.0,,flat fillet,354.0
174479,1.0,,full rump,695.0
174479,3.0,,oz,85.0
174480,1.0,,steak,244.0
174480,1.0,,serving ( 3 oz ),85.0
174481,4.0,,patty,435.0
174481,1.0,,patty,109.0
174482,1.0,,patty,93.0
174482,1.0,,serving ( 3 oz ),85.0
174483,1.0,,oz,28.35
174483,1.0,,serving ( cooked from 4oz raw),85.0
174484,1.0,,oz,28.35
174484,1.0,,serving (cooked from 4 oz raw),85.0
174485,1.0,,serving (cooked from 4 oz raw),85.0
174485,1.0,,oz,28.35
174486,1.0,,serving ( 3 oz ),85.0
174487,1.0,,serving ( cooked from 4 oz raw),85.0
174487,1.0,,oz,28.35
174488,1.0,,serving ( 3 oz ),85.0
174489,1.0,,lb,453.0
174489,1.0,,serving (cooked from 4 oz raw),85.0
174489,1.0,,oz,28.35
174490,1.0,,serving ( 3 oz ),85.0
174491,3.0,,oz,85.0
174491,1.0,,liver,44.0
174492,3.0,,oz,85.0
174493,1.0,,lb,453.0
174493,1.0,,patty (cooked from 4 oz raw),85.0
174493,4.0,,oz,113.0
174494,3.0,,oz,85.0
174495,3.0,,oz,85.0
174496,3.0,,oz,85.0
174496,1.0,,lb,453.0
174497,1.0,,drumstick with skin,105.0
174497,3.0,,oz,85.0
174497,1.0,,drumstick without skin,95.0
174498,1.0,,thigh without skin,111.0
174498,1.0,,thigh with skin,129.0
174498,3.0,,oz,85.0
174499,4.0,,oz,113.0
174499,1.0,,drumstick without skin,136.0
174499,1.0,,drumstick with skin,143.0
174500,3.0,,oz,85.0
174500,1.0,,thigh without skin,112.0
174500,1.0,,thigh with skin,130.0
174501,3.0,,oz,85.0
174502,4.0,,oz,113.0
174503,3.0,,oz,85.0
174504,1.0,,drumstick with skin,106.0
174504,3.0,,oz,85.0
174504,1.0,,drumstick without skin,95.0
174505,1.0,,thigh with skin,130.0
174505,1.0,,thigh without skin,112.0
174505,3.0,,oz,85.0
174506,3.0,,oz,85.0
174506,1.0,,back,182.0
174507,4.0,,oz,113.0
174508,3.0,,oz,85.0
174509,1.0,,lb,453.0
174509,4.0,,oz,113.0
174510,3.0,,oz,85.0
174511,4.0,,oz,113.0
174511,1.0,,lb,453.0
174512,1.0,,lb,453.0
174512,3.0,,oz,85.0
174513,4.0,,oz,113.0
174513,1.0,,breast,1171.0
174514,3.0,,oz,85.0
174514,1.0,,breast,852.0
174515,1.0,,breast,1150.0
174515,4.0,,oz,113.0
174516,1.0,,breast,863.0
174516,3.0,,oz,85.0
174517,4.0,,oz,113.0
174517,1.0,,wing,518.0
174518,4.0,,oz,113.0
174518,1.0,,thigh,454.0
174519,1.0,,breast,1654.0
174519,3.0,,oz,85.0
174520,4.0,,oz,113.0
174520,1.0,,back,1245.0
174521,1.0,,back,949.0
174521,3.0,,oz,85.0
174522,0.5,,cup,124.0
174523,1.0,,tbsp,17.0
174523,1.0,,cup,279.0
174523,0.5,,cup,143.0
174524,2.0,,tbsp,36.0
174524,1.0,,cup,259.0
174524,0.5,,cup,130.0
174525,0.5,,cup,125.0
174525,1.0,,cup,250.0
174526,1.0,,cup,250.0
174526,0.5,,cup,125.0
174527,0.25,,tsp,1.2
174527,1.0,,tsp,4.7
174528,1.0,,tsp,4.7
174528,0.25,,tsp,1.2
174529,1.0,,tbsp,18.0
174530,1.0,,cup,245.0
174531,1.0,,tbsp,18.0
174532,1.0,,cup,216.0
174533,1.0,,cup,245.0
174534,1.0,,cup,253.0
174535,1.0,,cup,245.0
174536,1.0,,cup,249.0
174537,1.0,,"can (10.75 oz), prepared",602.0
174537,1.0,,fl oz,31.0
174537,1.0,,cup (8 fl oz),248.0
174538,0.5,,cup,126.0
174539,1.0,,serving 1 cup,252.0
174539,1.0,,fl oz,31.5
174540,1.0,,fl oz,31.5
174540,1.0,,serving 1 cup,252.0
174541,1.0,,cup (8 fl oz),248.0
174541,1.0,,"can (10.75 oz), prepared",602.0
174544,1.0,,cup,283.0
174544,0.5,,cup,146.0
174544,1.0,,tbsp,16.0
174545,1.0,,serving 1 cup,243.0
174546,1.0,,fl oz,31.5
174546,1.0,,serving 1 cup,252.0
174547,0.5,,cup condensed,124.0
174548,1.0,,cup,243.0
174548,1.0,,can,526.0
174549,1.0,,"can (10.75 oz), prepared",593.0
174549,1.0,,cup (8 fl oz),244.0
174550,1.0,,cup (8 fl oz),247.0
174550,1.0,,"can (11 oz), prepared",600.0
174551,1.0,,"can (10.75 oz), prepared",593.0
174551,1.0,,cup (8 fl oz),244.0
174552,1.0,,cup,206.0
174552,1.0,,can,527.0
174553,1.0,,cup,244.0
174553,1.0,,"can (10.75 oz), prepared",593.0
174553,1.0,,fl oz,30.5
174554,1.0,,serving 1 cup,249.0
174554,1.0,,fl oz,31.1
174555,1.0,,fl oz,31.0
174555,1.0,,serving 1 cup,248.0
174556,1.0,,can,519.0
174556,1.0,,cup,251.0
174557,1.0,,"can (10.5 oz), prepared",586.0
174557,1.0,,cup (8 fl oz),241.0
174558,1.0,,"can (10.75 oz), prepared",593.0
174558,1.0,,cup (8 fl oz),244.0
174559,1.0,,"can (10.75 oz), prepared",593.0
174559,1.0,,cup (8 fl oz),244.0
174560,1.0,,cup (8 fl oz),241.0
174560,1.0,,"can (10.5 oz), prepared",586.0
174561,1.0,,serving 1 cup,259.0
174561,1.0,,fl oz,32.4
174562,1.0,,cup,244.0
174562,1.0,,"can (10.75 oz), prepared",593.0
174562,1.0,,fl oz,30.5
174563,1.0,,fl oz,30.1
174563,1.0,,cup (8 fl oz),241.0
174563,1.0,,"can (10.5 oz), prepared",586.0
174564,1.0,,"can (10.5 oz), prepared",586.0
174564,1.0,,cup,241.0
174565,1.0,,"can (10.75 oz), prepared",593.0
174565,1.0,,cup (8 fl oz),244.0
174566,1.0,,cup (8 fl oz),243.0
174566,1.0,,cube (6 fl oz prepared),182.0
174567,1.0,,cup 8 fl oz,261.0
174567,1.0,,fl oz,32.6
174568,1.0,,fl oz,28.7
174568,1.0,,serving 1 cup,230.0
174569,1.0,,cup 8 fl oz,265.0
174570,1.0,,slice rectangle,13.8
174570,1.0,,slice oval,9.3
174571,1.0,,"slice (4-1/4"" x 4-1/4"" x 1/16"")",21.0
174571,1.0,,oz,28.35
174572,1.0,,slice,28.0
174572,1.0,,cup wafer slices or shaved,81.0
174572,1.0,,slice NFS,28.0
174572,1.0,,cubic inch,14.0
174572,2.0,,oz,57.0
174573,1.0,,oz,28.35
174573,1.0,,slice (15 per 8 oz package),15.0
174574,3.52,,slices,100.0
174575,1.0,,piece,2.0
174575,1.0,,oz,28.0
174575,3.0,,oz,85.0
174576,1.0,,slice,38.0
174576,2.0,,slices,57.0
174577,1.0,,"sausage (10"" long x 1-1/4"" dia)",227.0
174577,3.0,,oz,85.0
174578,1.0,,patty,27.0
174578,1.0,,link,23.0
174578,1.0,,serving,48.0
174579,1.0,,"patty, cooked (raw dimensions: 3-7/8"" dia x 1/4"" thick)",27.0
174579,1.0,,"link (raw dimensions: 4"" long x 7/8"" dia), cooked",13.0
174580,1.0,,cup,128.0
174581,1.0,,oz,28.35
174581,1.0,,tbsp,13.0
174582,1.0,,oz,28.0
174582,1.0,,slice,9.8
174582,3.0,,slices 1 serving,27.0
174583,1.0,,oz,28.35
174583,1.0,,tbsp,15.0
174584,1.0,,"link (4"" long x 1-1/8"" dia)",68.0
174584,1.0,,"link, little (2"" long x 3/4"" dia)",16.0
174585,3.0,,oz,85.0
174586,1.0,,link,87.0
174587,1.0,,"slice (4"" dia x 1/8"" thick)",23.0
174587,1.0,,oz,28.35
174588,1.0,,oz,28.35
174588,1.0,,"slice (4"" dia x 1/8"" thick)",23.0
174589,1.0,,serving (1 slice),28.0
174590,1.0,,link,9.0
174590,1.0,,serving,57.0
174591,1.0,,serving,45.0
174592,1.0,,slice 6 oz pkg,9.8
174592,1.0,,serving,14.0
174592,1.0,,slice 12 oz pkg,16.0
174593,1.0,,serving,30.0
174594,2.0,,oz (1 serving),56.0
174595,1.0,,serving 2.96 oz,84.0
174596,0.25,,cup,55.0
174597,1.0,,serving .25 cup,57.0
174598,3.52,,oz,100.0
174599,1.0,,oz,28.35
174600,1.0,,link,28.0
174600,1.0,,package,450.0
174601,1.0,,serving 2.7 oz,77.0
174602,1.0,,oz,28.0
174603,1.0,,oz,28.0
174604,1.0,,serving 2 oz,56.0
174605,1.0,,link,84.0
174606,2.0,,oz,56.0
174607,1.0,,serving 2 oz,56.0
174608,1.0,,serving 2 oz,56.0
174609,1.0,,serving 2 oz,56.0
174610,1.0,,oz,28.35
174611,1.94,,oz (1 serving),55.0
174612,1.0,,slice,28.0
174613,1.69,,oz (1 serving),48.0
174614,1.0,,package,451.0
174614,1.0,,frankfurter,48.0
174615,1.0,,serving (1 hot dog),52.0
174616,1.0,,link,19.0
174617,1.0,,serving,57.0
174618,1.0,,serving,43.0
174619,0.75,,cup (1 NLEA serving),30.0
174620,0.75,,cup (1 NLEA serving),32.0
174621,0.75,,cup (1 NLEA serving),27.0
174622,1.0,,cup (1 NLEA serving),56.0
174623,1.0,,cup (1 NLEA serving),56.0
174624,1.0,,packet,35.0
174625,1.0,,packet,37.0
174626,0.5,,cup (1 NLEA serving),40.0
174628,1.0,,cup (1 NLEA serving),30.0
174629,0.25,,cup,37.0
174630,0.25,,cup (1 NLEA serving),41.0
174631,0.75,,cup (1 NLEA serving),30.0
174632,1.0,,cup (1 NLEA serving),60.0
174633,0.75,,cup (1 NLEA serving),28.0
174634,1.0,,cup (1 NLEA serving),33.0
174635,0.25,,cup (1 NLEA serving),16.0
174636,1.0,,packet (1 NLEA serving),43.0
174637,1.0,,packet (1 NLEA serving),50.0
174638,1.0,,packet (1 NLEA serving),41.0
174639,0.75,,cup (1 NLEA serving),55.0
174640,0.5,,cup,40.0
174641,0.5,,cup,40.0
174642,1.33,,cup,29.0
174643,0.75,,cup (1 NLEA serving),27.0
174643,1.0,,cup,37.0
174644,1.0,,cup (1 NLEA serving),30.0
174645,1.0,,cup (1 NLEA serving),33.0
174646,0.75,,cup (1 NLEA serving),30.0
174647,0.75,,cup (1 NLEA serving),29.0
174648,1.0,,cup (1 NLEA serving),28.0
174649,1.0,,cup (1 NLEA serving),29.0
174650,1.0,,bar,25.0
174651,1.0,,serving (3 T dry cereal plus 1 cup water),268.0
174652,0.75,,cup (1 NLEA serving),26.0
174653,0.75,,cup (1 NLEA serving),52.0
174654,0.75,,cup (1 NLEA serving),55.0
174655,3.0,,tablespoon (1 NLEA serving),33.0
174655,1.0,,cup,174.0
174655,1.0,,tbsp,13.8
174656,1.0,,tbsp,8.9
174656,1.0,,cup,128.0
174657,0.75,,cup (1 NLEA serving),26.0
174658,0.5,,cup (1 NLEA serving),49.0
174659,0.75,,cup (1 NLEA serving),32.0
174660,1.0,,packet,41.0
174661,1.0,,packet,33.0
174662,1.0,,packet (1 NLEA serving),31.0
174663,0.75,,cup (1 NLEA serving),29.0
174664,0.75,,cup (1 NLEA serving),30.0
174665,1.0,,cup,149.0
174665,1.0,,fig,8.4
174666,1.0,,cup,259.0
174667,1.0,,cup,237.0
174668,1.0,,cup,237.0
174669,1.0,,cup,245.0
174670,1.0,,cup,249.0
174671,1.0,,cup,252.0
174672,1.0,,cup,259.0
174673,1.0,,"cup sections, with juice",230.0
174673,1.0,,NLEA serving,154.0
174673,0.5,,"fruit (3-3/4"" dia)",123.0
174674,0.5,,"fruit (3-3/4"" dia)",123.0
174674,1.0,,"cup sections, with juice",230.0
174675,0.5,,"fruit (3-3/4"" dia)",123.0
174675,1.0,,"cup sections, with juice",230.0
174676,0.5,,"fruit (3-3/4"" dia)",118.0
174676,1.0,,"cup sections, with juice",230.0
174677,1.0,,"cup sections, with juice",230.0
174677,0.5,,"fruit (3-3/4"" dia)",118.0
174678,1.0,,cup,257.0
174678,8.0,,fl oz,246.0
174679,1.0,,cup,250.0
174679,1.0,,fl oz,31.2
174680,1.0,,can (6 fl oz),207.0
174681,1.0,,cup,247.0
174681,1.0,,fl oz,30.9
174682,1.0,,grape,2.4
174682,1.0,,cup,92.0
174683,1.0,,cup,151.0
174683,10.0,,grapes,49.0
174683,1.0,,NLEA serving,126.0
174684,1.0,,cup,245.0
174685,1.0,,cup,256.0
174686,1.0,,cup,238.0
174687,1.0,,"cup 1"" pieces",151.0
174687,1.0,,"cup, sliced",165.0
174688,3.0,,oz,85.0
174688,1.0,,fillet,135.0
174689,3.0,,oz,85.0
174689,1.0,,fillet,135.0
174690,1.0,,fillet,135.0
174690,3.0,,oz,85.0
174691,1.0,,fillet,178.0
174691,4.0,,oz,113.0
174691,1.0,,roast,844.0
174692,1.0,,fillet,166.0
174692,1.0,,roast,866.0
174692,4.0,,oz,113.0
174693,1.0,,fillet,121.0
174693,3.0,,oz,85.0
174694,3.0,,oz,85.0
174694,1.0,,fillet,124.0
174695,1.0,,fillet,186.0
174695,1.0,,roast,955.0
174695,4.0,,oz,113.0
174696,1.0,,fillet,164.0
174696,1.0,,roast,901.0
174696,4.0,,oz,113.0
174697,1.0,,roast,938.0
174697,4.0,,oz,113.0
174697,1.0,,fillet,163.0
174698,1.0,,fillet,167.0
174698,1.0,,roast,847.0
174698,4.0,,oz,113.0
174699,1.0,,steak,249.0
174699,4.0,,oz,113.0
174700,1.0,,steak,267.0
174700,4.0,,oz,113.0
174701,1.0,,fillet,135.0
174701,3.0,,oz,85.0
174702,1.0,,fillet,138.0
174702,3.0,,oz,85.0
174703,3.0,,oz,85.0
174703,1.0,,fillet,129.0
174704,3.0,,oz,85.0
174704,1.0,,steak,165.0
174705,1.0,,steak,156.0
174705,3.0,,oz,85.0
174706,1.0,,steak,223.0
174706,4.0,,oz,113.0
174707,4.0,,oz,113.0
174707,1.0,,steak,238.0
174708,3.0,,oz,85.0
174708,1.0,,roast,634.0
174709,1.0,,roast,677.0
174709,3.0,,oz,85.0
174710,1.0,,roast,571.0
174710,3.0,,oz,85.0
174711,4.0,,oz,113.0
174711,1.0,,fillet,173.0
174711,1.0,,roast,852.0
174712,1.0,,steak,236.0
174712,3.0,,oz,85.0
174713,3.0,,oz,85.0
174713,1.0,,steak,234.0
174714,3.0,,oz,85.0
174714,1.0,,steak,235.0
174715,3.0,,oz,85.0
174716,4.0,,oz,113.0
174717,3.0,,oz,85.0
174718,4.0,,oz,113.0
174719,3.0,,oz,85.0
174720,4.0,,oz,113.0
174721,3.0,,oz,85.0
174722,4.0,,oz,113.0
174723,4.0,,oz,113.0
174724,3.0,,oz,85.0
174725,4.0,,oz,113.0
174726,4.0,,oz,113.0
174727,4.0,,oz,113.0
174728,3.0,,oz,85.0
174729,4.0,,oz,113.0
174730,3.0,,oz,85.0
174731,4.0,,oz,113.0
174732,3.0,,oz,85.0
174733,3.0,,oz,85.0
174734,4.0,,oz,113.0
174735,4.0,,oz,113.0
174736,4.0,,oz,113.0
174737,3.0,,oz,85.0
174738,4.0,,oz,113.0
174739,3.0,,oz,85.0
174740,4.0,,oz,113.0
174741,3.0,,oz,85.0
174742,4.0,,oz,113.0
174743,3.0,,oz,85.0
174744,4.0,,oz,113.0
174745,3.0,,oz,85.0
174746,4.0,,oz,113.0
174747,3.0,,oz,85.0
174748,3.0,,oz,85.0
174749,4.0,,oz,113.0
174750,4.0,,oz,113.0
174751,3.0,,oz,85.0
174752,3.0,,oz,85.0
174753,3.0,,oz,85.0
174754,3.0,,oz,85.0
174755,3.0,,oz,85.0
174756,3.0,,oz,85.0
174757,4.0,,oz,113.0
174758,3.0,,oz,85.0
174759,3.0,,oz,85.0
174760,4.0,,oz,113.0
174761,4.0,,oz,113.0
174761,1.0,,lb,453.6
174762,1.0,,lb,453.6
174762,4.0,,oz,113.0
174763,1.0,,lb,453.6
174763,4.0,,oz,113.0
174764,1.0,,lb,453.6
174764,3.0,,oz,85.0
174765,4.0,,oz,113.0
174765,1.0,,lb,453.6
174766,1.0,,lb,453.6
174766,4.0,,oz,113.0
174767,3.0,,oz,85.0
174767,1.0,,lb,453.6
174768,3.0,,oz,85.0
174768,1.0,,lb,453.6
174769,3.0,,oz,85.0
174769,1.0,,serving,85.0
174770,4.0,,oz,113.0
174770,1.0,,roast,261.0
174771,3.0,,oz,85.0
174771,1.0,,roast,591.0
174772,4.0,,oz,113.0
174772,1.0,,roast,271.0
174773,3.0,,oz,85.0
174773,1.0,,roast (yield from 666 g raw meat),547.0
174774,1.0,,steak,383.0
174774,3.0,,oz,85.0
174775,3.0,,oz,85.0
174775,1.0,,steak (yield from 467 g raw meat),379.0
174776,4.0,,oz,113.0
174776,1.0,,steak,188.0
174777,4.0,,oz,113.0
174777,1.0,,steak,173.0
174778,1.0,,oz,28.35
174779,1.0,,Roll,23.0
174780,1.0,,bar,55.0
174781,1.0,,bar,55.0
174782,1.0,,bar,22.0
174783,1.0,,oz,28.35
174783,1.0,,Bag,28.0
174783,1.0,,package,34.0
174784,1.0,,oz,28.35
174785,1.0,,bag,87.0
174785,1.0,,cup,7.9
174786,1.0,,bar,80.0
174787,1.0,,bar,48.0
174788,1.0,,oz,28.35
174789,1.0,,oz,28.35
174790,1.0,,large,143.0
174790,1.0,,medium,115.0
174790,1.0,,small,62.0
174791,1.0,,oz,28.35
174792,1.0,,bar,50.0
174793,1.0,,bar,78.0
174794,1.0,,bar,35.0
174795,1.0,,bar,60.0
174796,1.0,,oz,28.35
174797,1.0,,bar,20.0
174797,2.0,,bar,40.0
174798,1.0,,package,20.0
174799,1.0,,bar,68.0
174800,1.0,,bar,24.0
174801,1.0,,bar,35.0
174802,1.0,,bar,35.0
174803,1.0,,bar,38.0
174804,1.0,,oz,28.35
174804,16.5,,pieces average,28.0
174805,1.0,,bag,227.0
174805,23.0,,pieces,28.0
174806,1.0,,serving,30.0
174807,1.0,,cup,241.0
174808,1.0,,cup,233.0
174809,16.0,,fl oz,480.0
174810,1.0,,fl oz,30.8
174810,1.0,,"can (6.8 fl oz, 200 ml)",209.0
174811,1.0,,fl oz,32.3
174811,2.0,,fl oz,65.0
174812,1.0,,portion (2 oz mix + 1.5 oz whiskey),106.0
174812,1.0,,fl oz,30.4
174813,1.0,,scoop,44.0
174814,14.0,,fl oz,414.0
174815,1.0,,jigger (1.5 fl oz),42.0
174815,1.0,,fl oz,27.8
174816,1.0,,can,250.0
174817,1.0,,fl oz,27.8
174817,1.5,,fl oz,42.0
174818,1.0,,fl oz,27.8
174818,1.5,,fl oz,42.0
174819,1.0,,jigger (1.5 fl oz),42.0
174819,1.0,,fl oz,27.8
174820,8.0,,fl oz,240.0
174820,1.0,,cup,240.0
174821,8.0,,fl oz,240.0
174822,8.0,,fl oz,240.0
174823,8.0,,fl oz,254.0
174824,2.0,,tbsp,11.0
174825,1.0,,can,355.0
174826,1.0,,can,355.0
174827,8.0,,fl oz,240.0
174828,16.0,,fl oz,473.0
174829,1.0,,serving 8 oz,245.0
174830,1.0,,serving 8 oz,246.0
174831,1.0,,cup,245.0
174832,1.0,,cup,262.0
174833,1.0,,fl oz,29.4
174833,1.0,,serving (5 fl oz),147.0
174834,1.0,,fl oz,29.4
174834,1.0,,serving (5 fl oz),147.0
174835,1.0,,fl oz,29.4
174835,1.0,,serving (5 fl oz),147.0
174836,1.0,,serving (5 fl oz),147.0
174836,1.0,,fl oz,29.4
174837,1.0,,fl oz,29.4
174837,1.0,,serving (5 fl oz),147.0
174838,1.0,,serving (5 fl oz),147.0
174838,1.0,,fl oz,29.4
174839,1.0,,serving (5 fl oz),147.0
174839,1.0,,fl oz,29.4
174840,1.0,,serving (5 fl oz),147.0
174840,1.0,,fl oz,29.4
174841,1.0,,serving (5 fl oz),147.0
174841,1.0,,fl oz,29.3
174842,1.0,,can or bottle (12 fl oz),355.0
174842,1.0,,fl oz,29.6
174842,1.0,,can or bottle (16 fl oz),474.0
174843,1.0,,fl oz,29.5
174843,1.0,,serving (5 fl oz),147.0
174844,1.0,,fl oz,30.5
174844,1.0,,serving (5 fl oz),152.0
174845,1.0,,fl oz,29.5
174845,1.0,,serving (5 fl oz),147.0
174846,1.0,,fl oz,30.5
174846,1.0,,can or bottle (12 fl oz),366.0
174846,1.0,,can or bottle (16 fl oz),488.0
174847,1.0,,fl oz,30.6
174847,1.0,,serving (12 fl oz),368.0
174847,1.0,,serving (8 fl oz),245.0
174847,1.0,,serving (16.9 fl oz),518.0
174848,1.0,,serving (5 fl oz),147.0
174848,1.0,,fl oz,29.3
174849,1.0,,fl oz,30.0
174849,1.0,,serving (5 fl oz),150.0
174850,1.0,,"drink, medium (22 fl oz)",651.0
174850,1.0,,"drink, extra large (44 fl oz)",1302.0
174850,1.0,,can or bottle (16 fl oz),474.0
174850,1.0,,"drink, small (16 fl oz)",474.0
174850,1.0,,can (12 fl oz),355.0
174850,1.0,,fl oz,29.6
174850,1.0,,"drink, large (32 fl oz)",947.0
174851,1.0,,fl oz,30.7
174851,1.0,,serving 16 fl oz,491.0
174851,1.0,,serving 12 fl oz,368.0
174852,1.0,,"drink, small (16 fl oz)",492.0
174852,1.0,,"drink, extra large (44 fl oz)",1353.0
174852,1.0,,fl oz,30.7
174852,1.0,,can or bottle (12 fl oz),370.0
174852,1.0,,"drink, large (32 fl oz)",984.0
174852,1.0,,"drink, medium (22 fl oz)",676.0
174852,1.0,,can or bottle (16 fl oz),492.0
174853,1.0,,can (8 fl oz),355.0
174853,1.0,,fl oz,29.6
174854,1.0,,fl oz,31.0
174854,1.0,,can or bottle (12 fl oz),372.0
174854,1.0,,can or bottle (16 fl oz),496.0
174855,1.0,,cup,268.0
174856,8.0,,fl oz,227.0
174858,1.0,,serving,18.0
174858,1.0,,cup,218.0
174859,1.0,,cup 8 fl oz,264.0
174859,1.0,,fl oz,33.0
174860,1.0,,serving,18.0
174860,0.5,,scoop (2 tbsp),29.0
174861,1.0,,cup 8 fl oz,255.0
174861,1.0,,fl oz,31.8
174862,1.0,,fl oz,30.9
174862,1.0,,cup 8 fl oz,247.0
174863,1.0,,fl oz,29.6
174863,1.0,,cup,237.0
174864,1.0,,serving (4 tbsp or 1 envelope),21.0
174864,1.0,,individual serving (4-5 heaping tsp or 1 envelope),21.0
174865,1.0,,cup (8 fl oz),265.0
174866,1.0,,serving (3 heaping tsp or 1 envelope),21.0
174867,1.0,,cup (8 fl oz),265.0
174868,1.0,,fl oz,31.0
174868,1.0,,cup (8 fl oz),248.0
174869,1.0,,serving (2-3 heaping tsp),22.0
174870,1.0,,cup (8 fl oz),266.0
174871,1.0,,cup (8 fl oz),237.0
174871,1.0,,fl oz,29.6
174871,6.0,,fl oz,178.0
174872,1.0,,serving 2 tsp,0.7
174873,1.0,,serving 6 fl oz,178.0
174873,1.0,,fl oz,29.7
174873,1.0,,serving 8 fl oz,238.0
174874,3.0,,oz,85.0
174875,4.0,,oz,113.0
174876,3.0,,oz,85.0
174877,4.0,,oz,113.0
174878,4.0,,oz,113.0
174879,3.0,,oz,85.0
174880,3.0,,oz,85.0
174880,1.0,,cutlet,44.0
174881,1.0,,chop,352.0
174881,3.0,,oz,85.0
174882,4.0,,oz,113.0
174883,3.0,,oz,85.0
174884,4.0,,oz,113.0
174885,3.0,,oz,85.0
174885,1.0,,"leg bottom, boneless",723.0
174886,1.0,,"leg hindshank, heel on",418.0
174886,3.0,,oz,85.0
174887,1.0,,"leg hindshank, heel on",530.0
174887,4.0,,oz,113.0
174888,3.0,,oz,85.0
174888,1.0,,roast,121.0
174889,1.0,,roast,329.0
174889,3.0,,oz,85.0
174890,3.0,,oz,85.0
174890,1.0,,roast,447.0
174891,3.0,,oz,85.0
174892,4.0,,oz,113.0
174893,3.0,,oz,85.0
174893,1.0,,"leg hindshank, heel on",418.0
174894,1.0,,"leg hindshank, heel on",530.0
174894,4.0,,oz,113.0
174895,1.0,,leg trotter off,1808.0
174895,3.0,,oz,85.0
174896,4.0,,oz,113.0
174896,1.0,,leg trotter off,2674.0
174897,3.0,,oz,85.0
174897,1.0,,roast,121.0
174898,1.0,,chop,43.0
174898,3.0,,oz,85.0
174899,1.0,,"medium bagel (3-1/2"" to 4"" dia)",105.0
174899,1.0,,oz,28.35
174899,1.0,,"large bagel (4-1/2"")",131.0
174899,1.0,,"mini bagel (2-1/2"" dia)",26.0
174899,1.0,,"small bagel (3"" dia)",69.0
174899,1.0,,bagel,99.0
174900,1.0,,"medium bagel (3-1/2"" to 4"" dia)",99.0
174900,1.0,,"large bagel (4-1/2"")",123.0
174900,1.0,,"mini bagel (2-1/2"" dia)",24.0
174900,1.0,,"small bagel (3"" dia)",65.0
174900,1.0,,oz,28.35
174901,1.0,,"small bagel (3"" dia)",69.0
174901,1.0,,"medium bagel (3-1/2"" to 4"" dia)",105.0
174901,1.0,,oz,28.35
174901,1.0,,"large bagel (4-1/2"" dia)",131.0
174901,1.0,,"mini bagel (2-1/2"" dia)",26.0
174902,1.0,,"cup, poured from box",128.0
174902,1.0,,"cup, spooned into cup",120.0
174902,1.0,,"cup, homemade",114.0
174902,1.0,,"cup, purchased",120.0
174902,0.33,,cup (NLEA serving size),40.0
174902,1.0,,oz,28.35
174903,1.0,,oz,28.35
174904,1.0,,serving 1 biscuit,58.0
174904,1.0,,oz,28.35
174905,1.0,,"biscuit (2-1/4"" dia)",21.0
174905,1.0,,oz,28.35
174906,1.0,,individual loaf (include Keebler Elfin Loaves),57.0
174906,1.0,,oz,28.35
174906,1.0,,slice,60.0
174907,1.0,,oz,28.35
174907,1.0,,slice,45.0
174908,1.0,,package (8.5 oz),241.0
174908,1.0,,oz,28.35
174909,1.0,,piece,60.0
174909,1.0,,oz,28.35
174909,1.0,,muffin,51.0
174910,1.0,,oz,28.35
174910,1.0,,piece,65.0
174911,1.0,,"slice, small",29.0
174911,1.0,,oz,28.35
174911,1.0,,"slice, medium",59.0
174911,1.0,,"slice, large",88.0
174912,1.0,,oz,28.35
174913,1.0,,oz,28.35
174913,1.0,,slice,29.0
174914,1.0,,oz,28.35
174914,1.0,,slice regular,24.0
174914,1.0,,slice large,38.0
174915,1.0,,"pita, small  (4"" dia)",28.0
174915,1.0,,"pita, large (6-1/2"" dia)",60.0
174916,1.0,,"pita, large (6-1/2"" dia)",64.0
174916,1.0,,"pita, small  (4"" dia)",28.0
174917,1.0,,oz,28.35
174917,1.0,,slice,19.0
174918,1.0,,"slice, snack-size",7.0
174918,1.0,,"slice, regular",26.0
174918,1.0,,oz,28.35
174918,1.0,,"slice, thin",20.0
174918,1.0,,"slice (5"" x 4"" x 3/8"")",32.0
174919,1.0,,slice,23.0
174919,1.0,,oz,28.35
174920,1.0,,"slice, thin",20.0
174920,1.0,,oz,28.35
174920,1.0,,"slice, thick",32.0
174920,1.0,,slice,23.0
174921,1.0,,oz,28.35
174921,1.0,,slice,21.0
174922,1.0,,oz,28.35
174922,1.0,,slice,23.0
174923,1.0,,slice,27.0
174923,1.0,,oz,28.35
174924,1.0,,slice,29.0
174924,1.0,,slice crust not eaten,12.0
174924,1.0,,"cup, cubes",35.0
174924,1.0,,"cup, crumbs",45.0
174924,1.0,,"slice, thin",20.0
174924,1.0,,"slice, very thin",15.0
174924,1.0,,slice,25.0
174924,1.0,,"slice, large",30.0
174924,1.0,,"slice thin, crust not eaten",9.0
174924,1.0,,oz,28.35
174925,1.0,,"slice, thin",17.0
174925,1.0,,slice crust not eaten,11.0
174925,1.0,,"cup, cubes",42.0
174925,1.0,,oz,28.35
174925,1.0,,"slice, large",27.0
174925,1.0,,slice,22.0
174925,1.0,,"cup, crumbs",45.0
174925,1.0,,"slice, very thin",13.0
174925,1.0,,"slice thin, crust not eaten",8.0
174926,1.0,,slice,44.0
174926,1.0,,oz,28.35
174927,1.0,,slice,42.0
174927,1.0,,oz,28.35
174927,1.0,,"slice, thin (3-3/4"" x 5"" x 3/8"")",33.0
174928,1.0,,cup,108.0
174928,1.0,,oz,28.35
174929,1.0,,"stick, small (approx 4-1/4"" long)",5.0
174929,1.0,,"stick (9-1/4"" x 3/8"")",6.0
174929,1.0,,"stick (7-5/8"" x 5/8"")",10.0
174929,1.0,,"cup, small pieces",46.0
174930,1.0,,package (6 oz),170.0
174930,1.0,,oz,28.35
174931,1.0,,oz,28.35
174931,0.5,,cup,100.0
174932,1.0,,oz,28.35
174932,1.0,,package (18 oz),510.0
174933,1.0,,oz,28.35
174933,1.0,,piece (1/8 cake),71.0
174934,1.0,,piece (1/12 of a cake),138.0
174934,1.0,,piece (1/8 of 18 oz cake),64.0
174934,1.0,,cake,1660.0
174934,1.0,,oz,28.35
174935,1.0,,oz,28.35
174935,1.0,,package (18.25 oz),517.0
174936,1.0,,oz,28.35
174936,1.0,,piece (1/6 of 19 oz cake),90.0
174937,1.0,,oz,28.35
174937,1.0,,piece (1/8 cake),50.0
174938,1.0,,oz,28.35
174938,1.0,,"piece (1/8 of 8"" x 5-3/4"" cake)",56.0
174939,1.0,,piece,43.0
174939,1.0,,oz,28.35
174940,1.0,,piece (1/10 of 10.6 oz cake),30.0
174940,1.0,,piece (1/12 of 12 oz cake),28.0
174940,1.0,,snack cake (2.5 oz),71.0
174941,1.0,,oz,28.35
174942,1.0,,cupcake,50.0
174942,1.0,,oz,28.35
174943,1.0,,cake,42.0
174943,1.0,,oz,28.35
174944,1.0,,oz,28.35
174944,1.0,,piece (1/12 of a cake),144.0
174944,1.0,,piece (1/8 of 18 oz cake),64.0
174944,1.0,,cake,1729.0
174945,1.0,,serving,67.0
174945,1.0,,oz,28.35
174946,1.0,,oz,28.35
174946,1.0,,package (18.50 oz),524.0
174947,1.0,,serving,43.0
174947,1.0,,package (18.50 oz),524.0
174947,1.0,,oz,28.35
174948,1.0,,package (21.5 oz),610.0
174948,1.0,,oz,28.35
174949,1.0,,oz,28.35
174949,1.0,,"brownie (2"" square)",24.0
174950,1.0,,oz,28.35
174950,1.0,,cookie,5.0
174951,1.0,,oz,28.35
174951,1.0,,cookie,21.0
174952,1.0,,package (17.5 oz),496.0
174952,1.0,,oz,28.35
174953,1.0,,serving,33.0
174953,1.0,,"portion, dough spoon from roll",29.0
174953,1.0,,oz,28.35
174954,1.0,,oz,28.35
174954,1.0,,"cookie, medium (2-1/4"" dia)",12.0
174955,1.0,,"cookie, medium (2-1/4"" dia)",16.0
174955,1.0,,"bar (2"" square)",32.0
174955,1.0,,oz,28.35
174956,1.0,,"large (approx 3-1/2"" to 4"" dia)",32.0
174956,1.0,,cookie,7.0
174956,1.0,,oz,28.35
174957,1.0,,"cup, crushed",84.0
174957,1.0,,cracker,15.0
174957,1.0,,oz,28.35
174957,1.0,,large rectangular piece or 2 squares or 4 small rectangular pieces,14.0
174958,1.0,,oz,28.35
174958,3.0,,pieces,27.0
174959,1.0,,ladyfinger,11.0
174959,1.0,,"anisette sponge (4"" x 1-1/8"" x 7/8"")",13.0
174959,1.0,,oz,28.35
174959,1.0,,"breakfast treat (approx 4"" x 2"" x 7/8"")",24.0
174960,1.0,,oz,28.35
174960,1.0,,package (17.5 oz),496.0
174961,1.0,,oz,28.35
174961,1.0,,"portion, dough for 1 cookie",16.0
174962,1.0,,oz,28.35
174962,1.0,,cookie,12.0
174963,1.0,,oz,28.35
174963,1.0,,cookie,24.0
174964,1.0,,oz,28.35
174964,1.0,,"cookie (3"" dia)",20.0
174965,1.0,,cookie,14.0
174965,1.0,,oz,28.35
174966,1.0,,oz,28.35
174966,1.0,,cookie,15.0
174967,1.0,,cookie,11.8
174967,1.0,,oz,28.35
174968,1.0,,"cookie (2"" dia)",14.0
174968,1.0,,oz,28.35
174969,1.0,,cookie,10.0
174969,1.0,,oz,28.35
174970,1.0,,wafer,4.0
174970,1.0,,oz,28.35
174971,1.0,,oz,28.35
174971,1.0,,cookie,17.0
174972,1.0,,cookie dough for 1rolled cookie,17.0
174972,1.0,,serving,33.0
174972,1.0,,cookie 1 pre-sliced cookie dough,26.0
174972,1.0,,oz,28.35
174973,1.0,,medium,4.0
174973,1.0,,small,3.0
174973,1.0,,"cup, crumbs",80.0
174973,1.0,,large,6.0
174973,1.0,,oz,28.35
174974,8.0,,wafers mini wafers,11.6
174974,8.0,,wafers,30.0
174975,1.0,,"cup, bite size",62.0
174975,1.0,,"cracker (1"" square)",1.0
174975,1.0,,snack stick,2.0
174975,1.0,,"cup, crushed",72.0
174975,0.5,,oz,14.2
174975,1.0,,gold fish,0.6
174975,1.0,,"bag, single serving",28.0
174976,6.0,,cracker,39.0
174976,0.5,,oz,14.2
174976,1.0,,"cup, crushed",83.0
174976,1.0,,sandwich,6.5
174977,1.0,,"cup, rounds",33.0
174977,1.0,,"piece (3-3/4"" x 1-3/4"" x 1/8"")",5.0
174977,0.5,,oz,14.2
174977,1.0,,cup pieces,30.0
174977,1.0,,melba round,3.0
174978,1.0,,toast,5.0
174978,0.5,,oz,14.2
174979,1.0,,toast,5.0
174979,0.5,,oz,14.2
174980,1.0,,cracker,11.0
174980,0.5,,oz,14.2
174981,0.5,,oz,14.2
174981,1.0,,rusk,10.0
174982,1.0,,"cracker, round",3.2
174982,5.0,,crackers,16.0
174982,5.0,,"crackers, regular size, round (1 serving)",16.0
174982,1.0,,"cracker, rectangular",4.0
174982,1.0,,cup crushed,52.0
174983,0.5,,oz,14.2
174983,1.0,,"cracker, sandwich",7.0
174984,1.0,,"cracker, sandwich",7.0
174984,0.5,,oz,14.2
174985,2.0,,crackers 1 serving,14.5
174985,16.0,,crackers 1 serving,34.0
174986,1.0,,cream puff shell,66.0
174986,1.0,,"eclair (5"" x 2"" x 1-3/4"")",48.0
174986,1.0,,oz,28.35
174987,1.0,,"croissant, mini",28.0
174987,1.0,,"croissant, medium",57.0
174987,1.0,,"croissant, large",67.0
174987,1.0,,oz,28.35
174987,1.0,,"croissant, small",42.0
174988,1.0,,"croissant, medium",57.0
174988,1.0,,oz,28.35
174989,1.0,,oz,28.35
174989,1.0,,"croissant, large",67.0
174989,1.0,,"croissant, small",42.0
174989,1.0,,"croissant, medium",57.0
174990,1.0,,"doughnut, mini (1-1/2"" dia) or doughnut hole",14.0
174990,1.0,,doughnut stick,52.0
174990,1.0,,"doughnut, long type (twist) (4-1/2"" long)",52.0
174990,1.0,,"doughnut medium (3-1/4"" dia)",54.0
174990,1.0,,oz,28.35
174990,1.0,,donut,40.0
174990,1.0,,"doughnut, large (4"" dia)",71.0
174991,1.0,,oz,28.35
174991,1.0,,"doughnut large (approx 3-1/2"" dia)",67.0
174991,1.0,,"donettes (2"" dia)",18.0
174991,1.0,,"doughnut, medium (approx 3"" dia)",43.0
174992,1.0,,oz,28.35
174992,1.0,,"doughnut, medium (approx 3"" dia)",45.0
174993,1.0,,"doughnut, medium (approx 3"" dia)",42.0
174993,1.0,,oz,28.35
174993,1.0,,"doughnut (3-3/4"" dia)",60.0
174994,1.0,,oz,28.35
174994,1.0,,muffin,57.0
174995,1.0,,muffin,52.0
174995,1.0,,oz,28.35
174996,1.0,,oz,28.35
174996,1.0,,muffin,66.0
174997,1.0,,oz,28.35
174997,1.0,,muffin,57.0
174998,1.0,,oz,28.35
174998,1.0,,slice,65.0
174999,1.0,,oz,28.35
174999,1.0,,hush puppy,22.0
174999,1.0,,cup,152.0
175000,1.0,,oz,28.35
175000,1.0,,large waffle cone,29.0
175000,1.0,,cone,4.0
175001,1.0,,oz,28.35
175001,1.0,,cone,10.0
175002,1.0,,medium,113.0
175002,1.0,,mini,17.0
175002,1.0,,extra large,168.0
175002,1.0,,small,66.0
175002,1.0,,large,139.0
175002,1.0,,oz,28.35
175003,1.0,,oz,28.35
175004,1.0,,"muffin, toaster",33.0
175004,1.0,,oz,28.35
175005,1.0,,oz,28.35
175005,1.0,,"muffin (2-3/4"" dia x 2"")",57.0
175006,1.0,,oz,28.35
175006,1.0,,"pancake (6"" dia)",77.0
175006,1.0,,"pancake (4"" dia)",38.0
175007,1.0,,"cup, poured from box",112.0
175007,1.0,,oz,28.35
175008,1.0,,oz,28.35
175008,1.0,,"pancake (4"" dia)",38.0
175008,1.0,,"pancake (6"" dia)",77.0
175009,1.0,,"pancake (6"" dia)",77.0
175009,1.0,,"pancake (4"" dia)",38.0
175009,1.0,,oz,28.35
175010,1.0,,"pancake (6"" dia)",129.0
175010,1.0,,oz,28.35
175010,1.0,,"pancake (4"" dia)",44.0
175011,1.0,,"piece (1/8 of 9"" dia)",125.0
175011,1.0,,"piece (1/6 of 8"" pie)",117.0
175011,1.0,,oz,28.35
175012,1.0,,oz,28.35
175012,1.0,,"piece (1/8 of 9"" dia)",155.0
175013,1.0,,oz,28.35
175013,1.0,,"piece (1/8 of 9"" dia)",92.0
175013,1.0,,"piece (1/6 of 8"" pie)",123.0
175014,1.0,,"piece (1/6 of 8"" pie)",113.0
175014,1.0,,serving .167 pie,120.0
175014,1.0,,"piece (1/4 of 6"" pie)",99.0
175014,1.0,,oz,28.35
175015,1.0,,"piece (1/8 of 9"" dia)",95.0
175015,1.0,,oz,28.35
175016,1.0,,"piece (1/6 of 7"" pie)",64.0
175016,1.0,,"piece (1/8 of 7"" pie)",48.0
175016,1.0,,oz,28.35
175017,1.0,,oz,28.35
175017,1.0,,"piece (1/8 of 9"" dia)",94.0
175018,1.0,,"piece (1/8 of 9"" dia)",127.0
175018,1.0,,oz,28.35
175019,1.0,,oz,28.35
175019,1.0,,"piece (1/8 of 9"" dia)",165.0
175020,1.0,,"piece (1/6 of 8"" pie)",117.0
175020,1.0,,oz,28.35
175021,1.0,,oz,28.35
175021,1.0,,pie,833.0
175021,1.0,,slice,133.0
175022,1.0,,package (10 oz),284.0
175022,1.0,,oz,28.35
175023,1.0,,"piece (1/8 of 9"" crust)",20.0
175023,1.0,,"crust, single 9""",160.0
175024,1.0,,pie crust (average weight of 1 frozen crust),173.0
175024,1.0,,"piece (1/8 of 9"" crust)",18.0
175025,1.0,,pie crust (average weight of 1 baked crust),154.0
175026,1.0,,"piece (1/8 of 9"" crust)",23.0
175026,1.0,,"crust, single 9""",180.0
175027,1.0,,"roll (2-1/2"" dia)",35.0
175027,1.0,,oz,28.35
175028,1.0,,oz,28.35
175028,1.0,,roll,33.0
175029,1.0,,"small (2-3/8"" dia)",28.0
175029,1.0,,"large (approx 3-1/2"" to 4"" dia)",43.0
175029,1.0,,medium,36.0
175030,1.0,,roll (1 oz),28.0
175031,1.0,,"roll (3-1/2"" dia)",57.0
175031,1.0,,oz,28.35
175032,1.0,,piece,71.0
175032,1.0,,oz,28.35
175033,1.0,,roll,66.0
175033,1.0,,oz,28.35
175034,1.0,,large,83.0
175034,1.0,,oz,28.35
175034,1.0,,"roll (2-3/4"" square)",60.0
175035,1.0,,oz,28.35
175035,1.0,,pastry,54.0
175036,1.0,,enchilada,19.0
175036,1.0,,oz,28.35
175036,1.0,,tortilla,24.0
175037,1.0,,"tortilla (approx 12"" dia)",117.0
175037,1.0,,package,407.0
175037,1.0,,tortilla,48.0
175037,1.0,,oz,28.35
175037,1.0,,"tortilla medium (approx 6"" dia)",30.0
175037,1.0,,"tortilla (approx 7-8"" dia)",49.0
175037,1.0,,"tortilla (approx 10"" dia)",72.0
175038,1.0,,oz,28.35
175038,1.0,,"waffle, square (4"" square) (include frozen)",35.0
175039,1.0,,"waffle, round (7"" dia)",75.0
175039,1.0,,oz,28.35
175040,0.5,,tsp,2.3
175040,1.0,,tsp,4.6
175041,1.0,,tsp,3.0
175041,0.5,,tsp,1.5
175042,1.0,,cake (0.6 oz),17.0
175043,1.0,,tbsp,12.0
175043,1.0,,tsp,4.0
175043,1.0,,packet,7.2
175044,1.0,,oz,28.35
175044,1.0,,slice,25.0
175045,1.0,,oz,28.35
175045,1.0,,"muffin, toaster",31.0
175046,1.0,,"muffin, toaster",34.0
175046,1.0,,oz,28.35
175047,1.0,,"pancake (4"" dia)",38.0
175047,1.0,,"pancake (6"" dia)",77.0
175047,1.0,,oz,28.35
175048,1.0,,oz,28.35
175048,1.0,,"waffle, square (4"" square)",33.0
175048,1.0,,"waffle, round (4"" dia)",33.0
175049,1.0,,"mini bagel (2-1/2"" dia)",26.0
175049,1.0,,oz,28.35
175049,1.0,,"small bagel (3"" dia)",69.0
175049,1.0,,"large bagel (4-1/2"" dia)",131.0
175049,1.0,,"medium bagel (3-1/2"" to 4"" dia)",105.0
175050,1.0,,"mini bagel (2-1/2"" dia)",26.0
175050,1.0,,"small bagel (3"" dia)",69.0
175050,1.0,,"medium bagel (3-1/2"" to 4"")",105.0
175050,1.0,,"large bagel (4-1/2"" dia)",131.0
175050,1.0,,oz,28.35
175051,1.0,,"medium bagel (3-1/2"" to 4"" dia)",105.0
175051,1.0,,"large bagel (4-1/2"" dia)",131.0
175051,1.0,,"mini bagel (2-1/2"" dia)",26.0
175051,1.0,,"small bagel (3"" dia)",69.0
175051,1.0,,oz,28.35
175052,1.0,,piece (1/9 of 20 oz cake),63.0
175052,1.0,,oz,28.35
175052,1.0,,individual cake,57.0
175053,1.0,,piece (1/10 of 10.6 oz cake),30.0
175053,1.0,,snack cake (2.5 oz),71.0
175053,1.0,,piece (1/12 of 12 oz cake),28.0
175054,1.0,,oz,28.35
175054,1.0,,package (18.50 oz),524.0
175055,1.0,,oz,28.35
175055,1.0,,package (18.50 oz),524.0
175056,1.0,,cracker,3.0
175056,1.0,,"cracker, round large",10.0
175056,1.0,,"cracker, rectangle",6.0
175056,1.0,,cup oyster crackers,45.0
175056,1.0,,"cracker, oyster",1.0
175056,0.5,,oz,14.2
175057,0.5,,oz,14.2
175057,1.0,,cracker,3.0
175058,1.0,,"cracker, rectangular",4.0
175058,1.0,,"cup, bite size",62.0
175058,1.0,,"cracker, oval",3.0
175058,1.0,,"cup, crushed",72.0
175058,0.5,,oz,14.2
175058,1.0,,"cracker, round",3.0
175059,1.0,,"cup, crushed",83.0
175059,0.5,,oz,14.2
175059,1.0,,"cracker, thin square",2.0
175059,1.0,,cracker,2.0
175060,1.0,,cup Cheez-its,62.0
175060,0.5,,oz,14.2
175060,1.0,,gold fish,0.6
175060,1.0,,"cup, crushed",72.0
175060,1.0,,"cracker (1"" square)",1.0
175061,1.0,,"pastry (4-1/4"" dia)",71.0
175061,1.0,,oz,28.35
175062,1.0,,oz,28.35
175062,1.0,,"doughnut, medium (3-1/4"" dia)",60.0
175063,1.0,,oz,28.35
175063,1.0,,muffin,57.0
175064,1.0,,oz,28.35
175064,1.0,,"pie (5"" x 3-3/4"")",128.0
175065,1.0,,"piece (1/8 of 9"" crust)",16.0
175065,1.0,,"crust, single 9""",142.0
175066,1.0,,package (6 oz),170.0
175066,1.0,,oz,28.35
175067,1.0,,oz,28.35
175067,1.0,,"miniature (3"" dia)",5.0
175067,1.0,,"medium (approx 5"" dia)",13.0
175068,3.0,,saltines,15.0
175068,6.0,,saltines,30.0
175069,1.0,,tart,52.0
175070,1.0,,serving,24.0
175071,1.0,,serving,24.0
175072,1.0,,serving,28.0
175073,1.0,,serving,26.0
175074,1.0,,serving,25.0
175075,1.0,,serving,26.0
175076,1.0,,serving,25.0
175077,1.0,,serving,32.0
175078,1.0,,muffin,31.0
175079,1.0,,NLEA serving (makes 1/2 cup prepared),28.0
175080,1.0,,serving,28.0
175081,1.0,,serving,41.0
175082,1.0,,serving,51.0
175083,1.0,,serving,28.0
175084,1.0,,serving,11.0
175085,1.0,,"piece, cooked (yield from 1 lb raw meat, boneless)",340.0
175085,3.0,,oz,85.0
175086,1.0,,oz,28.35
175086,1.0,,lb,453.6
175087,1.0,,"piece, cooked (yield from 1 lb raw meat, boneless)",340.0
175087,3.0,,oz,85.0
175088,1.0,,"tsp, rounded",1.4
175088,2.0,,"tbsp, rounded",11.3
175089,1.0,,serving (3 heaping tsp),23.0
175089,1.0,,cup,182.0
175090,1.0,,cup (8 fl oz),259.0
175091,2.0,,tsp,1.6
175091,4.0,,tbsp (1/4 cup),14.4
175092,1.0,,fl oz,32.1
175092,1.0,,serving dry mix with 6 fl oz water,192.0
175093,1.0,,"serving small 16 fl oz, without ice",347.0
175093,1.0,,"serving large 32 fl oz,  without ice",722.0
175093,1.0,,"serving medium 21 fl oz,  without ice",486.0
175093,1.0,,"serving child 12 fl oz, without ice",258.0
175094,1.0,,fl oz,35.2
175094,1.0,,can (12 fl oz),423.0
175095,1.0,,fl oz,29.3
175095,8.0,,fl oz,234.0
175096,1.0,,serving 8 fl oz 8 fl oz,237.0
175096,1.0,,fl oz,29.6
175096,1.0,,liter,1000.0
175097,1.0,,serving 1.5 fl oz,52.0
175097,1.0,,fl oz,34.8
175098,1.5,,fl oz,47.0
175098,1.0,,fl oz,31.1
175099,1.0,,serving medium 21 fl oz,486.0
175099,1.0,,serving small 16 fl oz,347.0
175099,1.0,,can can 12 fl oz,355.0
175099,1.0,,serving large 32 fl oz,722.0
175099,1.0,,bottle bottle 16 fl oz,473.0
175099,1.0,,serving child 12 fl oz,258.0
175099,1.0,,fl oz,29.6
175100,1.0,,fl oz,36.3
175100,1.0,,can,436.0
175101,1.0,,fl oz,31.3
175101,8.0,,fl oz,250.0
175102,1.0,,serving medium 16 fl oz,376.0
175102,1.0,,serving large 21 fl oz,494.0
175102,1.0,,fl oz,23.5
175102,1.0,,serving small 12 fl oz,282.0
175103,1.0,,bottle 8 fl oz,237.0
175103,3.0,,ice cube (3/4 fl oz),64.0
175103,1.0,,liter,1000.0
175103,1.0,,fl oz,29.6
175104,1.0,,bottle 16.9 fl oz,500.0
175104,1.0,,bottle 12 fl oz,355.0
175104,1.0,,fl oz,29.6
175104,1.0,,bottle 20 fl oz,591.0
175105,1.0,,fl oz,31.6
175105,1.0,,cup (8 fl oz),253.0
175106,1.0,,bottle 24 fl oz,710.0
175106,1.0,,fl oz,29.6
175106,1.0,,bottle 16.9 fl oz,500.0
175107,1.0,,fl oz,29.6
175107,1.0,,bottle 8 fl oz,237.0
175107,1.0,,bottle 500 ml,500.0
175108,12.0,,fl oz,365.0
175108,8.0,,fl oz,244.0
175108,1.0,,fl oz,30.5
175109,1.0,,bottle 23.7 fl oz,703.0
175109,1.0,,fl oz,29.6
175109,1.0,,bottle 16.9 fl oz,501.0
175109,1.0,,bottle 12 fl oz,356.0
175110,1.0,,bottle 20 fl oz,613.0
175110,1.0,,fl oz,30.6
175110,8.0,,bottle 8 fl oz,227.0
175110,1.0,,bottle 12 fl oz,368.0
175111,1.0,,bottle 8 fl oz,245.0
175111,1.0,,fl oz,30.6
175111,1.0,,bottle 12 fl oz,367.0
175112,1.0,,glass (3.5 fl oz),103.0
175112,1.0,,fl oz,29.5
175113,1.0,,fl oz,29.6
175113,1.0,,can (12 fl oz),355.0
175114,1.0,,envelope  Swiss Miss (.53 oz),15.0
175114,1.0,,packet (0.675 oz),19.0
175115,8.0,,fl oz,262.0
175115,1.0,,fl oz,32.7
175116,1.0,,"oz, boneless",28.35
175116,3.0,,oz,85.0
175116,1.0,,fillet,184.0
175117,3.0,,oz,85.0
175117,1.0,,fillet,143.0
175118,1.0,,"oz, boneless",28.35
175118,1.0,,"piece (1-3/4"" x 7/8"" x 1/2"")",15.0
175118,1.0,,cubic inch,20.0
175118,1.0,,cup,140.0
175119,3.0,,oz,85.0
175119,1.0,,fillet,112.0
175120,3.0,,oz,85.0
175120,1.0,,fillet,88.0
175121,1.0,,cup,190.0
175121,1.0,,"oz, boneless",28.35
175121,1.0,,cubic inch,16.0
175121,1.0,,can (15 oz),361.0
175122,3.0,,oz,85.0
175122,0.5,,fillet,198.0
175123,1.0,,oz,28.35
175123,1.0,,fillet,119.0
175123,3.0,,oz,85.0
175124,1.0,,fillet,93.0
175124,3.0,,oz,85.0
175125,3.0,,oz,85.0
175125,1.0,,fillet,64.0
175125,1.0,,"oz, boneless",28.35
175126,1.0,,fillet,50.0
175126,3.0,,oz,85.0
175127,0.5,,fillet,155.0
175127,3.0,,oz,85.0
175128,1.0,,fillet,159.0
175128,3.0,,oz,85.0
175129,3.0,,oz,85.0
175129,0.5,,fillet,193.0
175130,1.0,,fillet,77.0
175130,3.0,,oz,85.0
175131,3.0,,oz,85.0
175131,1.0,,fillet,149.0
175132,1.0,,tbsp,14.0
175132,1.0,,oz,28.35
175132,3.0,,oz,85.0
175132,1.0,,"can (8 oz), solids and liquid",227.0
175133,3.0,,oz,85.0
175134,3.0,,oz,85.0
175134,0.5,,fillet,193.0
175135,1.0,,can,369.0
175135,3.0,,oz,85.0
175136,3.0,,oz,85.0
175136,0.5,,fillet,198.0
175137,3.0,,oz,85.0
175137,0.5,,fillet,155.0
175138,3.0,,oz,85.0
175138,0.5,,fillet,159.0
175139,1.0,,"small (2-2/3"" x 1/2"" x 1/4"")",12.0
175139,1.0,,can (3.75 oz),92.0
175139,1.0,,"cup, drained",149.0
175139,2.0,,sardines,24.0
175139,1.0,,cubic inch,16.0
175139,1.0,,oz,28.35
175140,1.0,,cup,89.0
175140,1.0,,sardine,38.0
175140,1.0,,can,370.0
175141,3.0,,oz,85.0
175141,1.0,,fillet,64.0
175141,1.0,,"oz, boneless",28.35
175141,1.0,,cup,166.0
175142,3.0,,oz,85.0
175142,1.0,,fillet,129.0
175143,3.0,,oz,85.0
175144,1.0,,fillet,238.0
175144,3.0,,oz,85.0
175145,1.0,,fillet,186.0
175145,3.0,,oz,85.0
175146,3.0,,oz,85.0
175147,3.0,,oz,85.0
175148,1.0,,"piece (4-1/2"" x 2-1/8"" x 7/8"")",145.0
175148,1.0,,"cup, cooked",136.0
175148,1.0,,"cubic inch, boneless",17.0
175148,1.0,,"oz, boneless",28.35
175148,3.0,,oz,85.0
175149,3.0,,oz,85.0
175149,1.0,,oz,28.35
175150,3.0,,oz,85.0
175150,1.0,,fillet,159.0
175151,1.0,,fillet,48.0
175151,3.0,,oz,85.0
175152,0.5,,fillet,150.0
175152,3.0,,oz,85.0
175153,3.0,,oz,85.0
175153,1.0,,fillet,79.0
175154,1.0,,fillet,159.0
175154,3.0,,oz,85.0
175155,1.0,,fillet,143.0
175155,3.0,,oz,85.0
175156,3.0,,oz,85.0
175156,0.5,,fillet,198.0
175157,1.0,,can,178.0
175157,3.0,,oz,85.0
175158,1.0,,can,172.0
175158,3.0,,oz,85.0
175159,1.0,,"cubic inch, boneless",16.0
175159,3.0,,oz,85.0
175159,1.0,,"oz, boneless",28.35
175160,3.0,,oz,85.0
175160,1.0,,cup,205.0
175161,1.0,,fillet,72.0
175161,3.0,,oz,85.0
175162,0.5,,fillet,153.0
175162,3.0,,oz,85.0
175163,0.5,,fillet,187.0
175163,3.0,,oz,85.0
175164,3.0,,oz,85.0
175164,1.0,,leg,172.0
175165,3.0,,oz,85.0
175165,1.0,,fillet,159.0
175166,3.0,,oz,85.0
175166,1.0,,fillet,143.0
175167,3.0,,oz,85.0
175167,0.5,,fillet,198.0
175168,0.5,,fillet,178.0
175168,3.0,,oz,85.0
175169,3.0,,oz,85.0
175169,8.0,,crayfish,27.0
175170,3.0,,oz,85.0
175171,6.0,,medium,59.0
175171,3.0,,oz,85.0
175172,6.0,,medium,84.0
175172,3.0,,oz,85.0
175173,3.0,,oz,85.0
175173,6.0,,medium,59.0
175174,1.0,,can total can contents,417.0
175174,3.0,,oz,85.0
175175,3.0,,oz,85.0
175175,1.0,,can drained solids (total),315.0
175176,1.0,,fillet,116.0
175177,1.0,,fillet,87.0
175178,3.0,,oz,85.0
175179,3.0,,oz,85.0
175180,3.0,,oz,85.0
175181,1.0,,filet,149.0
175181,1.0,,fish,332.0
175182,1.0,,cup,254.0
175183,1.0,,cup,266.0
175184,1.0,,cup,259.0
175185,1.0,,cup,253.0
175186,1.0,,cup,184.0
175187,1.0,,cup,185.0
175188,1.0,,cup,240.0
175189,1.0,,cup,195.0
175190,1.0,,cup,183.0
175191,1.0,,cup,177.0
175192,1.0,,cup,262.0
175193,1.0,,cup,184.0
175194,1.0,,tbsp,11.0
175194,1.0,,cup,177.0
175195,1.0,,cup,256.0
175195,1.0,,tbsp,16.0
175195,1.0,,can,436.0
175196,1.0,,cup,184.0
175197,1.0,,cup,177.0
175198,1.0,,cup,169.0
175199,1.0,,tbsp,12.0
175199,1.0,,cup,193.0
175200,1.0,,tbsp,10.6
175200,1.0,,cup,171.0
175201,1.0,,cup,240.0
175201,1.0,,can,442.0
175202,1.0,,tbsp,12.6
175202,1.0,,cup,202.0
175203,1.0,,cup,179.0
175203,1.0,,tbsp,11.2
175204,1.0,,cup,262.0
175205,1.0,,tbsp,9.4
175205,1.0,,cup,150.0
175206,1.0,,cup,240.0
175206,1.0,,can (total can contents),448.0
175207,1.0,,cup,256.0
175207,1.0,,tbsp,16.0
175208,1.0,,cup,167.0
175209,1.0,,cup,171.0
175210,1.0,,cup,210.0
175211,1.0,,cup,194.0
175212,1.0,,serving,243.0
175212,1.0,,cup,243.0
175213,1.0,,serving,243.0
175213,1.0,,cup,243.0
175214,1.0,,cup,243.0
175214,1.0,,serving,243.0
175215,1.0,,cup,243.0
175216,1.0,,cup,243.0
175217,1.0,,cup,243.0
175218,1.0,,cup,243.0
175219,1.0,,cup,243.0
175220,1.0,,cup,243.0
175221,1.0,,cup,243.0
175222,1.0,,cup,243.0
175223,1.0,,cup,243.0
175224,1.0,,cup,243.0
175225,1.0,,container,227.0
175226,1.0,,container,170.0
175227,1.0,,container,227.0
175228,1.0,,container,170.0
175229,1.0,,container,170.0
175230,1.0,,container,170.0
175231,1.0,,tbsp,15.0
175232,1.0,,tbsp,15.0
175233,3.0,,oz,85.0
175234,3.0,,oz,85.0
175235,0.2,,package,79.0
175236,0.2,,package,79.0
175237,1.0,,cup,172.0
175238,1.0,,cup,240.0
175239,1.0,,cup,185.0
175240,1.0,,cup,177.0
175241,1.0,,cup,177.0
175242,1.0,,cup,177.0
175243,1.0,,cup cup rinsed solids,158.0
175244,1.0,,cup,177.0
175245,1.0,,cup,256.0
175245,1.0,,can total can contents,436.0
175246,1.0,,cup,179.0
175247,1.0,,cup,240.0
175247,1.0,,can total can contents,442.0
175248,1.0,,cup,177.0
175249,1.0,,cup,179.0
175250,1.0,,can total can contents,448.0
175250,1.0,,cup,240.0
175251,1.0,,cup,171.0
175252,1.0,,cup,171.0
175253,1.0,,cup,194.0
175254,1.0,,cup,198.0
175255,1.0,,cup,202.0
175256,1.0,,cup,180.0
175257,1.0,,cup,196.0
175258,1.0,,oz shelled (32 nuts),28.35
175258,1.0,,"cup,",144.0
175259,1.0,,"chop, excluding refuse (yield from 1 raw chop, with refuse, weighing 85 g)",43.0
175259,3.0,,oz,85.0
175260,1.0,,serving,115.0
175260,4.0,,oz,113.0
175261,1.0,,serving,85.0
175261,3.0,,oz,85.0
175262,4.0,,oz,113.0
175262,1.0,,serving,115.0
175263,3.0,,oz,85.0
175263,1.0,,"piece, cooked, excluding refuse (yield from 1 lb raw meat with refuse)",206.0
175264,1.0,,serving,115.0
175264,4.0,,oz,113.0
175265,3.0,,oz,85.0
175265,1.0,,"piece, cooked, excluding refuse (yield from 1 lb raw meat with refuse)",192.0
175266,1.0,,lb,453.6
175266,1.0,,oz,28.35
175267,1.0,,"unit, cooked (yield from 1 lb raw meat)",290.0
175267,3.0,,oz,85.0
175268,1.0,,lb,453.6
175268,4.0,,oz,113.0
175269,4.0,,oz,113.0
175269,1.0,,lb,453.6
175270,3.0,,oz,85.0
175270,1.0,,"piece, cooked, excluding refuse (yield from 1 lb raw meat with refuse)",267.0
175271,3.0,,oz,85.0
175271,1.0,,"unit, cooked (yield from 1 lb raw meat)",295.0
175272,1.0,,"piece, cooked, excluding refuse (yield from 1 lb raw meat with refuse)",289.0
175272,3.0,,oz,85.0
175273,3.0,,oz,85.0
175273,1.0,,"chop, excluding refuse (yield from 1 raw chop, with refuse, weighing 195 g)",69.0
175274,3.0,,oz,85.0
175274,1.0,,"piece, cooked, excluding refuse (yield from 1 lb raw meat with refuse)",208.0
175275,1.0,,oz,28.35
175275,1.0,,lb,453.6
175276,3.0,,oz,85.0
175276,1.0,,"piece, cooked, excluding refuse (yield from 1 lb raw meat with refuse)",177.0
175277,1.0,,lb,453.6
175277,1.0,,oz,28.35
175278,3.0,,oz,85.0
175278,1.0,,"piece, cooked, excluding refuse (yield from 1 lb raw meat with refuse)",191.0
175279,3.0,,oz,85.0
175279,1.0,,"piece, cooked, excluding refuse (yield from 1 lb raw meat with refuse)",258.0
175280,1.0,,lb,453.6
175280,1.0,,oz,28.35
175281,3.0,,oz,85.0
175281,1.0,,"piece, cooked, excluding refuse (yield from 1 lb raw meat with refuse)",283.0
175282,1.0,,"steak, excluding refuse (yield from 1 raw steak, with refuse, weighing 385 g)",289.0
175282,1.0,,oz,28.35
175283,3.0,,oz,85.0
175283,1.0,,"steak, excluding refuse (yield from 1 raw steak, with refuse, weighing 385 g)",160.0
175284,3.0,,oz,85.0
175284,1.0,,"piece, cooked, excluding refuse (yield from 1 lb raw meat with refuse)",272.0
175285,3.0,,oz,85.0
175285,1.0,,"piece, cooked, excluding refuse (yield from 1 lb raw meat with refuse)",236.0
175286,1.0,,oz,28.35
175286,1.0,,lb,453.6
175287,3.0,,oz,85.0
175287,1.0,,"piece, cooked, excluding refuse (yield from 1 lb raw meat with refuse)",205.0
175288,3.0,,oz,85.0
175288,1.0,,"piece, cooked, excluding refuse (yield from 1 lb raw meat with refuse)",269.0
175289,1.0,,"unit, cooked (yield from 1 lb raw meat)",263.0
175289,3.0,,oz,85.0
175290,4.0,,oz,113.0
175290,1.0,,oz,28.35
175290,3.0,,oz,85.0
175291,1.0,,"unit, cooked (yield from 1 lb raw meat)",299.0
175291,3.0,,oz,85.0
175292,1.0,,lb,453.6
175292,1.0,,oz,28.35
175293,1.0,,patty (cooked from 4 oz raw),85.0
175293,1.0,,oz,28.35
175294,1.0,,lb,453.6
175294,4.0,,oz,113.0
175295,3.0,,oz,85.0
175295,1.0,,"piece, cooked (yield from 1 lb raw meat, boneless)",313.0
175296,1.0,,lb,453.6
175296,1.0,,oz,28.35
175297,1.0,,lb,453.6
175297,1.0,,oz,28.35
175298,1.0,,"piece, cooked (yield from 1 lb raw meat, boneless)",340.0
175298,3.0,,oz,85.0
175299,1.0,,lb,453.6
175299,1.0,,oz,28.35
175300,1.0,,"piece, cooked (yield from 1 lb raw meat, boneless)",340.0
175300,3.0,,oz,85.0
175301,1.0,,oz,28.35
175301,1.0,,lb,453.6
175302,1.0,,"piece, cooked (yield from 1 lb raw meat, boneless)",340.0
175302,3.0,,oz,85.0
175303,1.0,,lb,453.6
175303,1.0,,oz,28.35
175304,1.0,,"piece, cooked (yield from 1 lb raw meat, boneless)",340.0
175304,3.0,,oz,85.0
321358,2.0,tablespoon,,33.9
321358,1.0,RACC,,30.0
321360,5.0,tomatoes,,49.7
321360,1.0,cup,,152.0
321360,1.0,RACC,,85.0
321611,1.0,cup,drained,129.0
321611,1.0,RACC,,130.0
323121,1.0,piece,,48.6
323121,1.0,RACC,,85.0
323294,1.0,cup,whole,135.0
323294,1.0,RACC,,30.0
323505,1.0,cup,"pieces of ~1""",20.6
323505,1.0,RACC,,85.0
323604,1.0,oz,,28.4
323604,1.0,RACC,,50.0
323697,1.0,oz,,28.4
323793,1.0,tablespoon,,7.0
323793,1.0,cup,sifted,107.0
324317,1.0,piece,,20.2
324317,1.0,RACC,,85.0
324653,1.0,spear,,40.4
324653,1.0,RACC,,30.0
325036,1.0,tablespoon,,7.6
325036,1.0,RACC,,5.0
325287,1.0,cup,,257.0
325430,1.0,fruit,"small (2-1/2"" dia)",147.0
325430,1.0,cup,slices with skin,154.0
325430,1.0,fruit,"large (2-3/4"" dia)",173.0
325430,1.0,fruit,"extra large (3"" dia)",225.0
325430,1.0,fruit,"medium (2-2/3"" dia)",161.0
325430,1.0,serving,NLEA ,147.0
325430,1.0,RACC,,140.0
325524,1.0,cup,,127.0
325524,1.0,RACC,,30.0
326196,1.0,cup,cooked,118.0
326196,1.0,RACC,,85.0
326698,1.0,cup,,249.0
326698,1.0,teaspoon,,6.0
327046,1.0,RACC,,140.0
327357,1.0,each,"2-1/3"" dia",129.0
327357,1.0,each,"2-3/4"" dia",156.0
327357,1.0,each," 2-1/2"" dia",142.0
327357,1.0,serving,NLEA,140.0
327357,1.0,cup, slices,143.0
327357,1.0,RACC,,140.0
328637,1.0,slice,,17.0
328637,1.0,cup,,105.0
328637,1.0,RACC,,30.0
328841,1.0,cup,,220.0
328841,1.0,RACC,,55.0
329490,1.0,cup,sifted,85.0
329490,1.0,tablespoon,,5.0
329490,1.0,oz,,28.4
329596,1.0,oz,,28.4
329716,1.0,tablespoon,,4.0
329716,1.0,cup,sifted,67.0
329716,1.0,oz,,28.4
330137,1.0,container,,156.0
330137,1.0,RACC,,170.0
330415,1.0,container,5.3 oz,150.0
330415,1.0,RACC,,170.0
330458,1.0,tablespoon,liquid oil,11.6
331897,1.0,drumstick,with skin,104.0
331897,1.0,drumstick,without skin,94.7
331897,1.0,RACC,,114.0
331960,1.0,piece,,174.0
331960,1.0,RACC,,114.0
332397,1.0,slice,,13.5
332397,1.0,RACC,,85.0
332791,1.0,olive,,3.2
332791,1.0,RACC,,40.0
333008,1.0,cookie,,27.0
333008,1.0,RACC,,30.0
333281,1.0,cup,,245.0
333281,1.0,RACC,,130.0
333374,1.0,fillet,,176.0
333374,1.0,RACC,,115.0
333476,1.0,fillet,,177.0
333476,1.0,RACC,,115.0
334194,1.0,can,total can contents,142.0
334194,1.0,can,drained solids,107.0
334194,1.0,RACC,,85.0
334536,1.0,cup,,133.0
334536,1.0,RACC,,85.0
334628,1.0,piece,,142.0
334628,1.0,RACC,,140.0
334720,1.0,piece,,126.0
334720,1.0,RACC,,140.0
746758,1.0,roast,cooked,462.0
746758,1.0,RACC,,114.0
746760,1.0,roast,raw,690.0
746760,1.0,RACC,,114.0
746761,1.0,roast,raw,788.0
746761,1.0,RACC,,114.0
746762,1.0,steak,raw,525.0
746762,1.0,RACC,,114.0
746763,1.0,steak,cooked,360.0
746763,1.0,RACC,,114.0
746764,1.0,RACC,,85.0
746765,1.0,cup,grated,97.3
746765,1.0,RACC,,30.0
746766,0.2,cup,,64.6
746766,1.0,cup,,258.0
746766,0.5,cup,,129.0
746766,1.0,RACC,,55.0
746767,1.0,slice,regular,21.9
746767,1.0,slice,thin,10.9
746767,1.0,RACC,,30.0
746768,1.0,each,,8.4
746768,1.0,cup,,149.0
746768,1.0,RACC,,140.0
746769,1.0,bunch,,581.0
746769,1.0,RACC,,85.0
746770,1.0,wedge,medium (1/8 of medium melon),69.0
746770,1.0,wedge,large (1/8 of large melon),102.0
746770,1.0,each,"small (about 4-1/4"" dia)",441.0
746770,1.0,each,"large (about 6-1/2"" dia)",814.0
746770,1.0,cup,cubes,160.0
746770,10.0,pieces,balls,138.0
746770,1.0,cup,diced,156.0
746770,1.0,each,"medium (about 5"" dia)",552.0
746770,1.0,wedge,small (1/8 of small melon),55.0
746770,1.0,RACC,,140.0
746771,1.0,cup,sections no membranes,165.0
746771,1.0,each," 2-7/8"" dia",140.0
746771,1.0,RACC,,140.0
746772,1.0,cup,,246.0
746773,1.0,cup,slices,140.0
746773,1.0,each,medium,178.0
746773,1.0,each,large,230.0
746773,1.0,each,small,148.0
746773,1.0,RACC,,140.0
746774,1.0,order,,611.0
746774,3.0,pieces,,41.8
746774,1.0,RACC,,195.0
746775,1.0,teaspoon,,6.1
746776,1.0,cup,,246.0
746777,2.0,tablespoon,,35.7
746778,1.0,cup,,245.0
746779,1.0,link,,18.6
746779,1.0,RACC,,110.0
746780,1.0,link,medium,86.6
746780,1.0,RACC,,85.0
746781,1.0,link,long,186.0
746781,1.0,cup,ground,185.0
746781,1.0,link,medium,80.4
746781,1.0,RACC,,85.0
746782,1.0,cup,,249.0
746783,1.0,package,,450.0
746783,1.0,link,,27.9
746783,1.0,RACC,,110.0
746784,1.0,teaspoon,,4.0
746784,1.0,cup,,188.0
746784,1.0,RACC,,8.0
746785,1.0,paired cooked w,crumbles,155.0
746785,1.0,RACC,,114.0
746952,1.0,slice,,16.2
746952,1.0,RACC,,85.0
747447,1.0,cup,chopped,76.0
747447,1.0,RACC,,85.0
747997,1.0,egg,white,34.0
747997,1.0,RACC,,50.0
748236,1.0,egg,yolk,17.0
748278,100.0,milliliter,,90.9
748323,100.0,milliliter,,91.3
748366,100.0,milliliter,,91.3
748608,100.0,milliliter,,90.7
748967,1.0,egg,whole without shell,50.3
748967,1.0,RACC,,50.0
789890,1.0,RACC,,30.0
789951,1.0,RACC,,30.0
790018,1.0,RACC,,30.0
790085,1.0,RACC,,30.0
790146,1.0,RACC,,30.0
790214,1.0,RACC,,30.0
790276,1.0,RACC,,30.0
790577,1.0,Onion,Edible,197.0
790577,1.0,RACC,,85.0
790646,1.0,Onion,Edible,143.0
790646,1.0,RACC,,85.0
1104647,1.0,RACC,,85.0
1104705,1.0,RACC,,30.0
1104766,1.0,RACC,,30.0
1104812,1.0,RACC,,30.0
1104867,1.0,RACC,,30.0
1104913,1.0,RACC,,30.0
1104962,1.0,RACC,,85.0
1105073,1.0,Banana,Peeled,110.0
1105073,1.0,RACC,,140.0
1105314,1.0,Banana,Peeled,115.0
1105314,1.0,RACC,,140.0
1750339,1.0,RACC,,140.0
1750340,1.0,RACC,,140.0
1750341,1.0,RACC,,140.0
1750342,1.0,RACC,,140.0
1750343,1.0,RACC,,140.0
1999626,1.0,RACC,,85.0
1999627,1.0,RACC,,85.0
1999628,1.0,RACC,,85.0
1999629,1.0,RACC,,85.0
1999632,1.0,RACC,,85.0
1999633,1.0,RACC,,85.0
1999634,1.0,RACC,,85.0
2003586,1.0,RACC,,30.0
2003587,1.0,RACC,,30.0
2003588,1.0,RACC,,30.0
2003589,1.0,RACC,,30.0
2003598,1.0,RACC,,85.0
2003599,1.0,RACC,,85.0
2003600,1.0,RACC,,85.0
2003601,1.0,RACC,,85.0
2003602,1.0,RACC,,85.0
2003603,1.0,RACC,,85.0
2003604,1.0,RACC,,85.0
2258586,1.0,RACC,,85.0
2258587,1.0,RACC,,85.0
2258588,1.0,RACC,,85.0
2258589,1.0,RACC,,85.0
2258590,1.0,RACC,,85.0
2258591,1.0,RACC,,85.0
2259793,1.0,RACC,,170.0
2259794,1.0,RACC,,170.0
2259795,1.0,RACC,,5.0
2259796,1.0,RACC,,30.0
2261420,1.0,RACC,,15.0
2261421,1.0,RACC,,30.0
2261422,1.0,RACC,,85.0
2262075,1.0,RACC,,15.0
2346384,1.0,RACC,,110.0
2346385,1.0,RACC,,30.0
2346386,1.0,RACC,,15.0
2346387,1.0,RACC,,30.0
2346388,1.0,RACC,,85.0
2346389,1.0,RACC,,85.0
2346390,1.0,RACC,,85.0
2346391,1.0,RACC,,85.0
2346392,1.0,RACC,,30.0
2346393,1.0,RACC,,30.0
2346394,1.0,RACC,,30.0
2346395,1.0,RACC,,30.0
2346396,1.0,RACC,,40.0
2346397,1.0,RACC,,40.0
2346398,1.0,RACC,,140.0
2346399,1.0,RACC,,140.0
2346400,1.0,RACC,,85.0
2346401,1.0,RACC,,110.0
2346402,1.0,RACC,,110.0
2346403,1.0,RACC,,110.0
2346404,1.0,RACC,,110.0
2346405,1.0,RACC,,85.0
2346406,1.0,RACC,,85.0
2346407,1.0,RACC,,85.0
2346408,1.0,RACC,,85.0
2346409,1.0,RACC,,140.0
2346410,1.0,RACC,,140.0
2346411,1.0,RACC,,140.0
2346412,1.0,RACC,,140.0
2346413,1.0,RACC,,140.0
2346414,1.0,RACC,,140.0
2512371,1.0,RACC,,30.0
2512372,1.0,RACC,,30.0
2512373,1.0,RACC,,45.0
2512374,1.0,RACC,,30.0
2512375,1.0,RACC,,30.0
2512376,1.0,RACC,,30.0
2512377,1.0,RACC,,30.0
2512380,1.0,RACC,,45.0
2512381,1.0,RACC,,45.0
2514743,1.0,RACC,,114.0
2514744,1.0,RACC,,114.0
2514745,1.0,RACC,,110.0
2514746,1.0,RACC,,114.0
2514747,1.0,RACC,,114.0
2515373,1.0,RACC,,30.0
2515374,1.0,RACC,,30.0
2515375,1.0,RACC,,30.0
2515376,1.0,RACC,,30.0
2515377,1.0,RACC,,30.0
2515378,1.0,RACC,,30.0
2515379,1.0,RACC,,30.0
2515380,1.0,RACC,,30.0
2515381,1.0,RACC,,30.0
2515382,1.0,RACC,,15.0
2644281,1.0,RACC,,35.0
2644282,1.0,RACC,,35.0
2644283,1.0,RACC,,35.0
2644284,1.0,RACC,,35.0
2644285,1.0,RACC,,130.0
2644286,1.0,RACC,,130.0
2644287,1.0,RACC,,130.0
2644288,1.0,RACC,,130.0
2644289,1.0,RACC,,130.0
2644290,1.0,RACC,,130.0
2644291,1.0,RACC,,130.0
2644292,1.0,RACC,,130.0
2644293,1.0,RACC,,130.0
2644294,1.0,RACC,,130.0
2646168,1.0,RACC,,110.0
2646169,1.0,RACC,,110.0
2646170,1.0,RACC,,114.0
2646171,1.0,RACC,,114.0
2646172,1.0,RACC,,114.0
2646173,1.0,RACC,,114.0
2646174,1.0,RACC,,114.0
2646175,1.0,RACC,,114.0
2647437,1.0,RACC,,170.0
2647438,1.0,RACC,,30.0
2647439,1.0,RACC,,30.0
2647440,1.0,RACC,,30.0
2647441,1.0,RACC,,30.0
2647442,1.0,RACC,,30.0
2647443,1.0,RACC,,30.0
2684440,1.0,RACC,,115.0
2684441,1.0,RACC,,115.0
2684442,1.0,RACC,,115.0
2684443,1.0,RACC,,115.0
2684444,1.0,RACC,,115.0
2684445,1.0,RACC,,115.0
2684446,1.0,RACC,,85.0
2685568,1.0,RACC,,85.0
2685569,1.0,RACC,,85.0
2685570,1.0,RACC,,85.0
2685571,1.0,RACC,,85.0
2685572,1.0,RACC,,85.0
2685573,1.0,RACC,,85.0
2685574,1.0,RACC,,85.0
2685575,1.0,RACC,,85.0
2685576,1.0,RACC,,85.0
2685577,1.0,RACC,,85.0
2685578,1.0,RACC,,130.0
2685579,1.0,RACC,,130.0
2685580,1.0,RACC,,30.0
2685581,1.0,RACC,,130.0
2685582,1.0,RACC,,130.0
2710815,1.0,RACC,,140.0
2710816,1.0,RACC,,140.0
2710817,1.0,RACC,,140.0
2710818,1.0,RACC,,140.0
2710819,1.0,RACC,,45.0
2710820,1.0,RACC,,45.0
2710821,1.0,RACC,,45.0
2710822,1.0,RACC,,85.0
2710823,1.0,RACC,,85.0
2710824,1.0,RACC,,140.0
2710825,1.0,RACC,,45.0
2710826,1.0,RACC,,85.0
2710827,1.0,RACC,,45.0
2710828,1.0,RACC,,45.0
2710829,1.0,RACC,,45.0
2710830,1.0,RACC,,45.0
2710831,1.0,RACC,,140.0
2710832,1.0,RACC,,140.0
2710833,1.0,RACC,,140.0
2710834,1.0,RACC,,140.0
2710835,1.0,RACC,,30.0
2710836,1.0,RACC,,140.0
2710837,1.0,RACC,,140.0
2710838,1.0,RACC,,45.0
2710839,1.0,RACC,,45.0
2710840,1.0,RACC,,30.0
2710841,1.0,RACC,,45.0
2710842,1.0,RACC,,45.0
2710843,1.0,RACC,,140.0
2727566,1.0,RACC,,114.0
2727567,1.0,RACC,,114.0
2727568,1.0,RACC,,114.0
2727569,1.0,RACC,,114.0
2727570,1.0,RACC,,114.0
2727571,1.0,RACC,,114.0
2727572,1.0,RACC,,114.0
2727573,1.0,RACC,,114.0
2727574,1.0,RACC,,114.0
2727575,1.0,RACC,,110.0
2727576,1.0,RACC,,26.0
2727578,1.0,RACC,,85.0
2727579,1.0,RACC,,85.0
2727580,1.0,RACC,,85.0
2727581,1.0,RACC,,140.0
2727582,1.0,RACC,,85.0
2727583,1.0,RACC,,85.0
2727584,1.0,RACC,,85.0
2727585,1.0,RACC,,85.0
2727586,1.0,RACC,,85.0
